a,b,creator,group,titles,n_a,n_b,both,log_or,se
epstein,iran,@ClipsCandaceOwens,neutral,192,5,5,1,2.6095,1.0567
epstein,iran,@HasanAbi,left,586,11,21,4,2.9522,0.6438
epstein,iran,@LukeBeasley,left,1351,36,18,0,-0.0400,1.4430
epstein,iran,@MegynKelly,right,1604,31,122,4,0.6981,0.5174
epstein,iran,@MeidasTouch,left,3707,174,238,2,-1.5991,0.6406
epstein,iran,@MichaelKnowles,right,446,7,16,0,0.5371,1.4820
epstein,iran,@PBDPodcast,right,145,10,35,1,-0.7667,0.9004
epstein,iran,@SecularTalk,left,1375,54,120,3,-0.3614,0.5608
epstein,iran,@TheMajorityReport,left,1701,27,95,0,-1.2016,1.4309
epstein,iran,@TheYoungTurks,left,2099,90,283,1,-2.2780,0.8258
epstein,iran,@TuckerCarlson,neutral,113,7,15,1,0.3867,0.9488
epstein,iran,@Vaush,left,432,7,25,0,0.0460,1.4748
epstein,iran,@adammockler,left,1050,25,16,0,0.1820,1.4494
epstein,iran,@bennyjohnson,right,1594,74,135,0,-2.6791,1.4218
epstein,iran,@breakingpoints,left,1002,47,221,3,-1.3262,0.5605
epstein,iran,@briantylercohen,left,1028,107,10,0,-0.9069,1.4511
epstein,iran,@deanwithrs,left,500,13,12,0,0.3428,1.4684
epstein,iran,@glennbeck,right,559,9,66,0,-0.9585,1.4568
epstein,iran,@podsaveamerica,left,640,29,73,0,-2.0860,1.4316
epstein,iran,@ponderingpolitics,left,1386,27,101,0,-1.4897,1.4307
epstein,iran,@thedavidpakmanshow,left,1540,23,11,0,1.0250,1.4595
epstein,iran,@TheOfficerTatum,right,791,5,29,0,0.8477,1.4890
epstein,iran,@bulwarkmedia,left,1773,37,134,0,-1.8397,1.4264
epstein,iran,@PiersMorganUncensored,neutral,173,10,55,1,-1.1481,0.8941
epstein,iran,@zeteo,left,222,10,31,1,-0.0568,0.9001
epstein,iran,@TheDamageReport,left,2317,87,86,2,-0.2974,0.6511
epstein,iran,@FarronBalanced,left,1873,48,71,1,-0.2404,0.8381
epstein,iran,@dollemore,left,1380,32,62,1,-0.0031,0.8458
epstein,iran,@RebelHQ,left,1126,31,22,0,-0.2780,1.4412
epstein,iran,@StatusCoup,left,638,60,23,2,0.1027,0.6822
epstein,iran,@harryjsisson,left,626,44,43,0,-1.9708,1.4308
epstein,iran,@aaronparnas1,left,779,150,81,6,-1.1075,0.4193
epstein,iran,@rolandsmartin,left,1253,5,35,0,1.1338,1.4869
epstein,iran,@DropSiteNews,left,238,9,81,3,0.0384,0.6774
epstein,iran,@thejimmydoreshow,neutral,1185,63,185,3,-1.2102,0.5557
epstein,iran,@KimIversen,neutral,506,44,84,0,-2.9892,1.4272
epstein,iran,@NovaraMedia,left,569,20,62,0,-1.6594,1.4376
epstein,iran,@TheLincolnProject,left,147,16,10,4,1.9389,0.6812
epstein,iran,@chriscuomo,left,211,8,25,0,-0.8873,1.4705
epstein,iran,@BlazeTV,right,843,16,37,0,-0.4482,1.4452
epstein,iran,@TimcastIRL,right,952,10,33,0,0.2568,1.4581
epstein,iran,@Styxhexenhammer666,right,396,5,25,0,0.2674,1.4912
epstein,iran,@LIVESNEAKO,neutral,538,31,42,0,-1.7495,1.4344
epstein,iran,@Xanderhal,left,390,6,6,0,1.4995,1.5200
epstein,iran,@TheSerfTimes,left,331,31,5,1,1.1757,0.9618
epstein,iran,@JackCocchiarellaShow,left,1449,76,36,0,-1.4292,1.4287
epstein,iran,@underthedesknews,left,183,9,10,0,-0.1929,1.4855
epstein,iran,@thomhartmann,left,759,13,69,1,0.1728,0.8733
epstein,iran,@SabbySabs,left,685,51,141,11,0.0932,0.3483
epstein,iran,@DueDissidence,left,701,41,113,0,-2.8453,1.4264
epstein,iran,@thegrayzone7996,left,179,6,39,0,-1.3397,1.4787
epstein,iran,@DemocracyNow,left,594,15,93,1,-0.6066,0.8652
epstein,iran,@marclamonthillnetwork,left,454,23,36,8,2.0495,0.4688
epstein,iran,@PoliticsJOE,left,324,10,20,0,-0.3797,1.4654
epstein,iran,@TheJoyReidShow,left,362,10,11,1,1.6391,0.9328
epstein,iran,@TheDonLemonShow,left,697,32,68,2,-0.3025,0.6704
epstein,iran,@jimacosta,left,457,34,35,4,0.6089,0.5379
epstein,iran,@msnow,left,9308,463,1273,3,-3.0940,0.5374
epstein,iran,@LegalAFMTN,left,2604,141,24,1,0.1032,0.8466
epstein,iran,@katiephangnews,left,401,79,10,0,-1.6757,1.4529
epstein,iran,@TheMichaelCohenShow,left,436,19,46,1,-0.4098,0.8634
epstein,iran,@PTLRadioShow,left,1768,53,132,2,-0.5280,0.6540
epstein,iran,@RestPoliticsUS,left,185,6,41,0,-1.3598,1.4782
epstein,iran,@thehill,neutral,4535,148,748,6,-1.4963,0.4031
epstein,iran,@AfterPartyEmily,right,464,13,19,1,1.0339,0.8961
epstein,iran,@RedactedNews,right,560,41,110,1,-1.9744,0.8384
epstein,iran,@chicksonright,right,620,13,36,0,-0.5449,1.4502
epstein,iran,@AndWeKnowOfficial-o9b,right,184,6,20,1,0.8023,0.9519
epstein,iran,@RSBN,right,1803,6,68,1,1.9448,0.9295
epstein,iran,@RealAmericasVoice,right,3867,97,591,12,-0.2167,0.3062
epstein,iran,@NewsmaxTV,right,4115,82,375,0,-2.8294,1.4195
epstein,iran,@oann,right,2037,10,163,0,-0.6106,1.4498
epstein,iran,@FoxNews,right,8181,41,1496,0,-2.9282,1.4230
epstein,iran,@FoxNewsChannelClips,right,5417,15,436,0,-1.0023,1.4377
epstein,iran,@NBCNews,neutral,5081,83,478,2,-1.2340,0.6439
epstein,iran,@CNN,left,1731,61,350,1,-2.3672,0.8287
epstein,iran,@ABCNews,neutral,6772,93,714,0,-3.1089,1.4185
epstein,iran,@CBSNews,neutral,8302,170,1348,5,-1.7841,0.4345
epstein,iran,@NewsNation,neutral,7161,100,841,2,-1.6706,0.6415
epstein,iran,@Reuters,neutral,9577,77,827,1,-1.5809,0.8253
epstein,iran,@BBCNews,neutral,2352,45,457,0,-3.1134,1.4229
epstein,iran,@aljazeeraenglish,left,6641,20,1468,0,-2.4581,1.4317
epstein,iran,@AssociatedPress,neutral,6359,84,804,0,-3.2128,1.4189
epstein,iran,@markets,neutral,7511,12,1447,0,-1.7882,1.4425
epstein,iran,@USATODAY,neutral,2531,53,360,1,-1.7811,0.8300
epstein,iran,@TheDailyBeast,left,328,30,5,1,1.2023,0.9624
epstein,iran,@Forbes,neutral,1199,9,33,0,0.5980,1.4615
epstein,iran,@nypost,right,6134,75,606,1,-1.7072,0.8258
epstein,iran,@fightbackpodcast,right,606,56,12,4,1.6994,0.6006
epstein,iran,@ThePodcastoftheLotusEaters,right,722,11,13,0,0.8108,1.4705
epstein,iran,@VivaFrei,right,359,15,20,2,1.1843,0.7288
epstein,iran,@RobertGouveiaEsq,right,1021,11,14,0,1.0946,1.4686
epstein,iran,@HasanReactionsfanTwo,left,319,10,6,0,0.7991,1.5008
epstein,iran,@HasanabiClips,left,500,17,71,0,-1.8028,1.4400
epstein,iran,@BadEmpanadaLive,left,275,13,14,5,2.8488,0.6393
epstein,iran,@franifio,left,331,6,18,0,0.2458,1.4870
epstein,iran,@NickCruseRBN,left,122,8,52,2,-0.7108,0.7676
epstein,iran,@Forthepeoplepodcast305,left,155,8,40,0,-1.8570,1.4668
epstein,iran,@OwenReport,left,535,35,63,1,-1.1873,0.8449
epstein,iran,@JillianMichaels,right,437,12,38,2,0.9325,0.7247
epstein,iran,@ANINewsIndia,neutral,18776,58,1994,4,-0.3654,0.4911
epstein,iran,@SkyNews,left,5168,85,643,0,-3.2101,1.4190
epstein,iran,@NYTPodcasts,left,450,13,49,1,-0.0370,0.8774
epstein,iran,@timesofindia,left,11244,278,4146,2,-4.2075,0.6356
epstein,iran,@Firstpost,neutral,18033,69,4591,3,-1.8745,0.5487
epstein,iran,@TimesNowWorld,neutral,11284,168,2101,4,-2.1402,0.4784
epstein,iran,https://rumble.com/c/russellbrand,right,257,5,8,0,0.9613,1.5177
epstein,iran,https://rumble.com/c/nickjfuentes,right,305,6,75,0,-1.4752,1.4736
epstein,iran,https://rumble.com/c/TheAlexJonesShowLive,right,415,5,37,0,-0.0993,1.4870
epstein,war,@HasanAbi,left,586,11,9,1,2.2553,0.9388
epstein,war,@LukeBeasley,left,1351,36,5,0,1.1830,1.4866
epstein,war,@MegynKelly,right,1604,31,54,1,0.3349,0.8478
epstein,war,@MeidasTouch,left,3707,174,498,7,-1.2831,0.3764
epstein,war,@MichaelKnowles,right,446,7,8,0,1.2192,1.5011
epstein,war,@PBDPodcast,right,145,10,8,0,-0.3365,1.4902
epstein,war,@SecularTalk,left,1375,54,113,3,-0.2942,0.5613
epstein,war,@TheMajorityReport,left,1701,27,86,1,0.0510,0.8466
epstein,war,@TheYoungTurks,left,2099,90,264,0,-3.3115,1.4196
epstein,war,@TuckerCarlson,neutral,113,7,18,1,0.1657,0.9428
epstein,war,@Vaush,left,432,7,19,1,1.6259,0.9365
epstein,war,@adammockler,left,1050,25,27,1,0.8369,0.8638
epstein,war,@bennyjohnson,right,1594,74,67,0,-1.9343,1.4244
epstein,war,@breakingpoints,left,1002,47,103,3,-0.4012,0.5651
epstein,war,@briantylercohen,left,1028,107,16,0,-1.3655,1.4391
epstein,war,@deanwithrs,left,500,13,16,0,0.0567,1.4618
epstein,war,@glennbeck,right,559,9,25,0,0.0812,1.4651
epstein,war,@podsaveamerica,left,640,29,73,1,-0.9374,0.8470
epstein,war,@ponderingpolitics,left,1386,27,53,0,-0.8119,1.4338
epstein,war,@thedavidpakmanshow,left,1540,23,36,0,-0.1466,1.4390
epstein,war,@TheOfficerTatum,right,791,5,8,0,2.1194,1.5168
epstein,war,@bulwarkmedia,left,1773,37,138,0,-1.8715,1.4264
epstein,war,@PiersMorganUncensored,neutral,173,10,36,0,-1.7937,1.4596
epstein,war,@zeteo,left,222,10,18,0,-0.6919,1.4678
epstein,war,@TheDamageReport,left,2317,87,105,0,-2.1617,1.4218
epstein,war,@FarronBalanced,left,1873,48,47,0,-0.9519,1.4291
epstein,war,@dollemore,left,1380,32,78,2,0.3100,0.6683
epstein,war,@RebelHQ,left,1126,31,29,0,-0.5554,1.4376
epstein,war,@StatusCoup,left,638,60,39,2,-0.4827,0.6675
epstein,war,@harryjsisson,left,626,44,22,0,-1.2733,1.4383
epstein,war,@aaronparnas1,left,779,150,61,1,-2.3597,0.8316
epstein,war,@rolandsmartin,left,1253,5,51,0,0.7485,1.4839
epstein,war,@DropSiteNews,left,238,9,47,1,-0.3618,0.9007
epstein,war,@thejimmydoreshow,neutral,1185,63,106,0,-2.5882,1.4234
epstein,war,@KimIversen,neutral,506,44,45,0,-2.2721,1.4307
epstein,war,@NovaraMedia,left,569,20,44,0,-1.2835,1.4399
epstein,war,@TheLincolnProject,left,147,16,8,3,1.7856,0.7413
epstein,war,@chriscuomo,left,211,8,14,0,-0.2630,1.4805
epstein,war,@BlazeTV,right,843,16,25,0,-0.0475,1.4495
epstein,war,@TimcastIRL,right,952,10,55,0,-0.2725,1.4541
epstein,war,@Styxhexenhammer666,right,396,5,12,0,1.0152,1.5048
epstein,war,@LIVESNEAKO,neutral,538,31,32,0,-1.4600,1.4369
epstein,war,@Xanderhal,left,390,6,12,1,2.1813,0.9686
epstein,war,@TheSerfTimes,left,331,31,17,2,0.4453,0.7085
epstein,war,@JackCocchiarellaShow,left,1449,76,46,0,-1.6788,1.4267
epstein,war,@underthedesknews,left,183,9,7,0,0.1616,1.4982
epstein,war,@thomhartmann,left,759,13,55,1,0.4218,0.8755
epstein,war,@SabbySabs,left,685,51,20,1,-0.0645,0.8599
epstein,war,@DueDissidence,left,701,41,93,1,-1.4800,0.8390
epstein,war,@thegrayzone7996,left,179,6,24,0,-0.7563,1.4837
epstein,war,@DemocracyNow,left,594,15,74,2,0.2595,0.6999
epstein,war,@marclamonthillnetwork,left,454,23,22,4,1.6405,0.5744
epstein,war,@PoliticsJOE,left,324,10,10,0,0.3228,1.4811
epstein,war,@TheJoyReidShow,left,362,10,17,0,-0.0911,1.4681
epstein,war,@TheDonLemonShow,left,697,32,56,2,-0.0837,0.6729
epstein,war,@jimacosta,left,457,34,30,3,0.4713,0.5969
epstein,war,@msnow,left,9308,463,729,3,-2.4658,0.5379
epstein,war,@LegalAFMTN,left,2604,141,67,0,-2.0758,1.4221
epstein,war,@GlennKirschner2,left,244,25,7,0,-0.5878,1.4756
epstein,war,@katiephangnews,left,401,79,13,0,-1.9366,1.4456
epstein,war,@TheMichaelCohenShow,left,436,19,41,0,-1.4583,1.4415
epstein,war,@PTLRadioShow,left,1768,53,90,1,-0.6554,0.8352
epstein,war,@fastpoliticspodcast,left,138,7,11,0,-0.3587,1.4928
epstein,war,@RestPoliticsUS,left,185,6,17,0,-0.3365,1.4890
epstein,war,@thehill,neutral,4535,148,304,4,-0.8590,0.4824
epstein,war,@AfterPartyEmily,right,464,13,7,0,0.7862,1.4865
epstein,war,@RedactedNews,right,560,41,84,1,-1.6419,0.8400
epstein,war,@chicksonright,right,620,13,11,0,0.6529,1.4706
epstein,war,@RSBN,right,1803,6,15,0,2.1800,1.4896
epstein,war,@RealAmericasVoice,right,3867,97,430,3,-1.2390,0.5467
epstein,war,@NewsmaxTV,right,4115,82,69,0,-1.0621,1.4236
epstein,war,@oann,right,2037,10,60,0,0.4374,1.4534
epstein,war,@FoxNews,right,8181,41,177,0,-0.6152,1.4247
epstein,war,@FoxNewsChannelClips,right,5417,15,83,0,0.7203,1.4411
epstein,war,@NBCNews,neutral,5081,83,169,0,-1.7683,1.4206
epstein,war,@CNN,left,1731,61,158,1,-1.4344,0.8308
epstein,war,@ABCNews,neutral,6772,93,272,0,-2.0735,1.4193
epstein,war,@CBSNews,neutral,8302,170,541,1,-2.0850,0.8213
epstein,war,@NewsNation,neutral,7161,100,258,3,-0.0447,0.5478
epstein,war,@Reuters,neutral,9577,77,370,0,-1.8389,1.4198
epstein,war,@BBCNews,neutral,2352,45,162,0,-1.9304,1.4243
epstein,war,@aljazeeraenglish,left,6641,20,733,1,-0.4805,0.8482
epstein,war,@AssociatedPress,neutral,6359,84,228,0,-1.8540,1.4200
epstein,war,@markets,neutral,7511,12,525,0,-0.6332,1.4429
epstein,war,@USATODAY,neutral,2531,53,237,1,-1.3059,0.8309
epstein,war,@TheDailyBeast,left,328,30,12,1,0.2400,0.8894
epstein,war,@Forbes,neutral,1199,9,24,0,0.9187,1.4652
epstein,war,@nypost,right,6134,75,107,0,-1.0032,1.4222
epstein,war,@fightbackpodcast,right,606,56,17,2,0.4605,0.6962
epstein,war,@ThePodcastoftheLotusEaters,right,722,11,10,0,1.0664,1.4777
epstein,war,@VivaFrei,right,359,15,11,2,1.8779,0.7631
epstein,war,@RobertGouveiaEsq,right,1021,11,16,0,0.9634,1.4658
epstein,war,@HasanReactionsfanTwo,left,319,10,14,0,-0.0300,1.4723
epstein,war,@HasanabiClips,left,500,17,44,0,-1.2652,1.4429
epstein,war,@BadEmpanadaLive,left,275,13,5,0,0.5504,1.5033
epstein,war,@franifio,left,331,6,12,0,0.6571,1.4957
epstein,war,@NickCruseRBN,left,122,8,21,2,0.6332,0.7846
epstein,war,@Forthepeoplepodcast305,left,155,8,19,0,-0.9477,1.4754
epstein,war,@Politicon,left,465,11,72,0,-1.4724,1.4503
epstein,war,@OwenReport,left,535,35,77,1,-1.4219,0.8433
epstein,war,@JillianMichaels,right,437,12,11,1,1.6412,0.9226
epstein,war,@ANINewsIndia,neutral,18776,58,918,1,-0.6809,0.8278
epstein,war,@SkyNews,left,5168,85,422,0,-2.7408,1.4193
epstein,war,@NYTPodcasts,left,450,13,39,1,0.2193,0.8804
epstein,war,@timesofindia,left,11244,278,1624,4,-2.3586,0.4760
epstein,war,@Firstpost,neutral,18033,69,2992,1,-2.2109,0.8256
epstein,war,@TimesNowWorld,neutral,11284,168,1915,2,-2.6281,0.6377
epstein,war,https://rumble.com/c/russellbrand,right,257,5,8,0,0.9613,1.5177
epstein,war,https://rumble.com/c/nickjfuentes,right,305,6,62,0,-1.2299,1.4745
epstein,war,https://rumble.com/c/TheAlexJonesShowLive,right,415,5,58,0,-0.6019,1.4838
iran,war,@BenShapiro,right,522,41,17,7,2.2785,0.5096
iran,war,@HasanAbi,left,586,21,9,2,2.2562,0.7658
iran,war,@LukeBeasley,left,1351,18,5,2,4.0535,0.8643
iran,war,@MegynKelly,right,1604,122,54,45,4.5115,0.3753
iran,war,@MeidasTouch,left,3707,238,498,46,0.4768,0.1710
iran,war,@MichaelKnowles,right,446,16,8,4,3.5299,0.7258
iran,war,@PBDPodcast,right,145,35,8,5,1.7117,0.7139
iran,war,@SecularTalk,left,1375,120,113,47,2.4475,0.2248
iran,war,@TheMajorityReport,left,1701,95,86,41,3.2632,0.2551
iran,war,@TheYoungTurks,left,2099,283,264,135,2.4757,0.1498
iran,war,@Timcast,right,170,7,16,2,1.5447,0.8108
iran,war,@TuckerCarlson,neutral,113,15,18,7,1.9041,0.5911
iran,war,@Vaush,left,432,25,19,8,2.8182,0.5141
iran,war,@adammockler,left,1050,16,27,0,0.1045,1.4484
iran,war,@bennyjohnson,right,1594,135,67,31,2.4644,0.2635
iran,war,@breakingpoints,left,1002,221,103,64,2.0410,0.2203
iran,war,@briantylercohen,left,1028,10,16,3,3.5484,0.7029
iran,war,@deanwithrs,left,500,12,16,10,5.7423,0.8069
iran,war,@glennbeck,right,559,66,25,10,1.7470,0.4237
iran,war,@podsaveamerica,left,640,73,73,46,3.5036,0.3100
iran,war,@ponderingpolitics,left,1386,101,53,27,2.8647,0.2972
iran,war,@samharrisorg,left,106,8,5,3,3.2013,0.9370
iran,war,@thedavidpakmanshow,left,1540,11,36,4,3.3195,0.6221
iran,war,@triggerpod,right,149,9,12,6,3.6488,0.7751
iran,war,@TheOfficerTatum,right,791,29,8,7,5.1312,0.9197
iran,war,@bulwarkmedia,left,1773,134,138,59,2.7388,0.2080
iran,war,@PiersMorganUncensored,neutral,173,55,36,30,3.0302,0.4845
iran,war,@zeteo,left,222,31,18,15,3.9238,0.6451
iran,war,@TheDamageReport,left,2317,86,105,23,2.2662,0.2662
iran,war,@TheHumanistReport,left,179,9,15,8,4.8165,0.9611
iran,war,@FarronBalanced,left,1873,71,47,15,2.7044,0.3370
iran,war,@dollemore,left,1380,62,78,35,3.6337,0.2972
iran,war,@RebelHQ,left,1126,22,29,8,3.3858,0.4838
iran,war,@StatusCoup,left,638,23,39,18,4.5327,0.5330
iran,war,@SMN,left,169,11,12,5,2.8386,0.6896
iran,war,@BelleRanch,left,770,102,40,16,1.6130,0.3384
iran,war,@harryjsisson,left,626,43,22,16,3.9761,0.5025
iran,war,@aaronparnas1,left,779,81,61,36,3.0534,0.3001
iran,war,@rolandsmartin,left,1253,35,51,21,4.0566,0.3861
iran,war,@DropSiteNews,left,238,81,47,30,1.5592,0.3413
iran,war,@thejimmydoreshow,neutral,1185,185,106,72,2.8845,0.2294
iran,war,@KimIversen,neutral,506,84,45,29,2.5722,0.3391
iran,war,@NovaraMedia,left,569,62,44,26,2.9554,0.3482
iran,war,@lovettorleaveitpodcast,left,86,9,8,6,4.0269,0.9235
iran,war,@TheLincolnProject,left,147,10,8,6,4.3604,0.8851
iran,war,@chriscuomo,left,211,25,14,6,1.9459,0.5730
iran,war,@RubinReport,right,1116,62,21,16,4.2152,0.5147
iran,war,@marklevinshow,right,453,82,15,4,0.5861,0.5698
iran,war,@BlazeTV,right,843,37,25,19,4.8661,0.5103
iran,war,@PragerU,right,382,12,11,3,2.7544,0.7151
iran,war,@TimcastIRL,right,952,33,55,19,3.4828,0.3857
iran,war,@TimcastNews,right,503,8,20,6,4.4583,0.7905
iran,war,@DrSteveTurleyTV,right,445,59,11,7,2.4967,0.6142
iran,war,@TheQuartering,right,627,5,11,1,2.9676,0.9929
iran,war,@Styxhexenhammer666,right,396,25,12,6,2.9309,0.6014
iran,war,@RebelNewsOnline,right,1454,38,14,3,2.4890,0.6337
iran,war,@LIVESNEAKO,neutral,538,42,32,27,5.0661,0.5336
iran,war,@JacksonHinkleOfficial,neutral,418,189,65,53,1.9198,0.3326
iran,war,@lonerboxlive,right,82,7,5,1,1.2993,1.0280
iran,war,@Xanderhal,left,390,6,12,2,2.9864,0.8486
iran,war,@TheSerfTimes,left,331,5,17,1,1.8362,0.9761
iran,war,@JackCocchiarellaShow,left,1449,36,46,3,1.1914,0.5825
iran,war,@underthedesknews,left,183,10,7,3,2.8666,0.8045
iran,war,@usefulidiots,left,185,66,16,11,1.4618,0.5436
iran,war,@thomhartmann,left,759,69,55,32,3.2034,0.3186
iran,war,@SabbySabs,left,685,141,20,18,3.4814,0.6812
iran,war,@DueDissidence,left,701,113,93,50,2.2999,0.2457
iran,war,@thegrayzone7996,left,179,39,24,17,2.6279,0.4924
iran,war,@GeopoliticalEconomyReport,left,67,25,21,18,3.3264,0.7060
iran,war,@DannyHaiphongYT,left,273,257,83,71,-1.9804,0.5671
iran,war,@judgingfreedom,left,1001,223,132,32,0.1361,0.2178
iran,war,@LeverNews,left,80,5,6,4,4.4796,1.1413
iran,war,@DemocracyNow,left,594,93,74,50,3.1191,0.2927
iran,war,@DylanBurnsLIVE,left,178,21,18,9,2.4749,0.5452
iran,war,@marclamonthillnetwork,left,454,36,22,13,3.2093,0.4736
iran,war,@OwenJonesTalks,left,226,56,32,24,2.6680,0.4420
iran,war,@DoubleDownNews,left,64,8,7,7,6.3368,1.6786
iran,war,@PoliticsJOE,left,324,20,10,8,4.4101,0.7752
iran,war,@TheJoyReidShow,left,362,11,17,4,2.7110,0.6577
iran,war,@TheDonLemonShow,left,697,68,56,52,6.0919,0.5509
iran,war,@jimacosta,left,457,35,30,16,3.1713,0.4281
iran,war,@msnow,left,9308,1273,729,491,3.0222,0.0874
iran,war,@LegalAFMTN,left,2604,24,67,9,3.2744,0.4327
iran,war,@katiephangnews,left,401,10,13,6,4.3048,0.7155
iran,war,@TheMichaelCohenShow,left,436,46,41,7,0.6740,0.4364
iran,war,@PTLRadioShow,left,1768,132,90,69,4.4096,0.2780
iran,war,@thewarningwithsteveschmidt,left,383,16,25,12,4.2897,0.6157
iran,war,@RestPoliticsUS,left,185,41,17,9,1.5463,0.5109
iran,war,@thehill,neutral,4535,748,304,243,3.3738,0.1504
iran,war,@AfterPartyEmily,right,464,19,7,4,3.6029,0.7581
iran,war,@ZeihanonGeopolitics,neutral,202,29,16,10,2.6301,0.5535
iran,war,@CaspianReport,neutral,25,11,5,2,-0.1454,0.9370
iran,war,@PerunAU,left,35,8,12,5,1.4575,0.8060
iran,war,@UnHerd,left,92,10,8,4,2.4913,0.7817
iran,war,@winston_marshall,right,104,5,7,4,4.4154,1.0886
iran,war,@RedactedNews,right,560,110,84,47,2.1100,0.2567
iran,war,@GrahamAllen,right,247,15,9,4,2.7841,0.7038
iran,war,@chicksonright,right,620,36,11,1,0.8381,0.8898
iran,war,@X22Report-y5y,right,378,25,14,3,1.5332,0.6481
iran,war,@RSBN,right,1803,68,15,5,2.6556,0.5416
iran,war,@RealAmericasVoice,right,3867,591,430,129,1.0164,0.1163
iran,war,@NewsmaxTV,right,4115,375,69,24,1.7336,0.2567
iran,war,@oann,right,2037,163,60,18,1.7015,0.2916
iran,war,@FoxNews,right,8181,1496,177,97,1.7434,0.1534
iran,war,@FoxNewsChannelClips,right,5417,436,83,30,1.9333,0.2327
iran,war,@NBCNews,neutral,5081,478,169,137,4.0366,0.2030
iran,war,@CNN,left,1731,350,158,120,2.9038,0.1984
iran,war,@ABCNews,neutral,6772,714,272,211,3.7127,0.1521
iran,war,@CBSNews,neutral,8302,1348,541,459,3.7620,0.1248
iran,war,@NewsNation,neutral,7161,841,258,194,3.3720,0.1495
iran,war,@Reuters,neutral,9577,827,370,226,3.1103,0.1145
iran,war,@BBCNews,neutral,2352,457,162,115,2.5744,0.1821
iran,war,@aljazeeraenglish,left,6641,1468,733,423,1.8476,0.0821
iran,war,@AssociatedPress,neutral,6359,804,228,181,3.5192,0.1684
iran,war,@wsj,neutral,114,12,13,5,2.0984,0.6659
iran,war,@markets,neutral,7511,1447,525,401,2.9072,0.1079
iran,war,@USATODAY,neutral,2531,360,237,221,5.3348,0.2697
iran,war,@NPR,left,71,5,5,5,7.2882,2.0486
iran,war,@POLITICO,neutral,286,37,9,5,2.2227,0.6625
iran,war,@axios,neutral,144,10,11,7,4.1294,0.8056
iran,war,@TheDailyBeast,left,328,5,12,3,3.8362,0.8912
iran,war,@Forbes,neutral,1199,33,24,17,5.0997,0.5019
iran,war,@TheAtlantic,left,162,10,13,6,3.3330,0.7185
iran,war,@TheEconomist,left,130,18,12,8,2.9714,0.6666
iran,war,@nypost,right,6134,606,107,57,2.4294,0.1980
iran,war,@clayandbuck,right,566,58,14,13,4.6090,0.8745
iran,war,@TheBrianKilmeadeShow,right,354,142,22,13,0.8034,0.4381
iran,war,@BlackConservativePerspective,right,1193,25,20,3,2.3259,0.6230
iran,war,@JesseKellyDC,right,478,6,5,2,4.3111,0.9540
iran,war,@fightbackpodcast,right,606,12,17,6,3.9267,0.6296
iran,war,@MyronGainesX,right,605,98,77,47,2.6700,0.2745
iran,war,@ThePodcastoftheLotusEaters,right,722,13,10,0,0.9032,1.4733
iran,war,@VivaFrei,right,359,20,11,7,3.7238,0.6577
iran,war,@RobertGouveiaEsq,right,1021,14,16,1,1.9622,0.8979
iran,war,@CashJordan,right,298,76,11,1,-0.9111,0.8831
iran,war,@HasanReactionsfanTwo,left,319,6,14,1,1.8035,0.9622
iran,war,@HasanabiClips,left,500,71,44,32,3.3135,0.3721
iran,war,@BadEmpanadaLive,left,275,14,5,2,2.6927,0.8773
iran,war,@revleftradio,left,41,6,5,1,0.6466,1.0500
iran,war,@franifio,left,331,18,12,6,3.2027,0.6253
iran,war,@BreakThroughNews,left,290,86,58,37,1.8665,0.3144
iran,war,@JamarlThomas,left,462,198,111,67,0.9335,0.2223
iran,war,@NickCruseRBN,left,122,52,21,15,1.4114,0.5104
iran,war,@Forthepeoplepodcast305,left,155,40,19,12,1.8477,0.5076
iran,war,@OwenReport,left,535,63,77,41,3.0937,0.3134
iran,war,@JillianMichaels,right,437,38,11,3,1.5131,0.6589
iran,war,@ANINewsIndia,neutral,18776,1994,918,574,2.9600,0.0735
iran,war,@nousnetwork,left,152,20,11,8,3.2253,0.7008
iran,war,@SkyNews,left,5168,643,422,300,3.4483,0.1210
iran,war,@NYTPodcasts,left,450,49,39,15,1.9348,0.3701
iran,war,@timesofindia,left,11244,4146,1624,1047,1.3393,0.0562
iran,war,@Firstpost,neutral,18033,4591,2992,2271,2.8484,0.0483
iran,war,@60minutes,neutral,300,18,14,3,1.6735,0.6640
iran,war,@chinainsights-r2w,neutral,238,12,7,3,2.9023,0.7859
iran,war,@TimesNowWorld,neutral,11284,2101,1915,861,1.6778,0.0551
iran,war,https://rumble.com/c/GGreenwald,left,76,14,8,4,1.7177,0.7462
iran,war,https://rumble.com/c/russellbrand,right,257,8,8,3,3.3425,0.8084
iran,war,https://rumble.com/c/BannonsWarRoom,right,4492,280,218,70,2.2156,0.1610
iran,war,https://rumble.com/c/nickjfuentes,right,305,75,62,60,5.8770,0.6967
iran,war,https://rumble.com/c/TheAlexJonesShowLive,right,415,37,58,24,2.8971,0.3831
epstein,trump,@ClipsCandaceOwens,neutral,192,5,12,0,0.2440,1.5058
epstein,trump,@HasanAbi,left,586,11,59,0,-0.9744,1.4511
epstein,trump,@LukeBeasley,left,1351,36,655,18,0.0623,0.3334
epstein,trump,@MegynKelly,right,1604,31,223,3,-0.2826,0.5710
epstein,trump,@MeidasTouch,left,3707,174,3111,110,-1.1909,0.1636
epstein,trump,@MichaelKnowles,right,446,7,50,1,0.5991,0.9183
epstein,trump,@PBDPodcast,right,145,10,41,3,0.1671,0.6747
epstein,trump,@SecularTalk,left,1375,54,599,28,0.3452,0.2755
epstein,trump,@TheMajorityReport,left,1701,27,422,9,0.4489,0.4031
epstein,trump,@TheYoungTurks,left,2099,90,522,12,-0.7599,0.3088
epstein,trump,@TuckerCarlson,neutral,113,7,29,3,0.8598,0.7471
epstein,trump,@Vaush,left,432,7,96,2,0.4666,0.7716
epstein,trump,@adammockler,left,1050,25,594,18,0.6540,0.4374
epstein,trump,@bennyjohnson,right,1594,74,460,7,-1.3411,0.3890
epstein,trump,@breakingpoints,left,1002,47,338,5,-1.4207,0.4582
epstein,trump,@briantylercohen,left,1028,107,644,43,-1.0234,0.2080
epstein,trump,@deanwithrs,left,500,13,240,7,0.2292,0.5435
epstein,trump,@glennbeck,right,559,9,135,1,-0.6043,0.8912
epstein,trump,@podsaveamerica,left,640,29,423,25,1.1105,0.5183
epstein,trump,@ponderingpolitics,left,1386,27,1027,25,1.2913,0.6656
epstein,trump,@thedavidpakmanshow,left,1540,23,974,12,-0.4663,0.4121
epstein,trump,@TheOfficerTatum,right,791,5,81,2,1.8495,0.8365
epstein,trump,@bulwarkmedia,left,1773,37,742,6,-1.2718,0.4335
epstein,trump,@PiersMorganUncensored,neutral,173,10,61,2,-0.6606,0.7376
epstein,trump,@zeteo,left,222,10,54,2,-0.1063,0.7368
epstein,trump,@TheDamageReport,left,2317,87,1240,50,0.1630,0.2197
epstein,trump,@FarronBalanced,left,1873,48,1167,23,-0.6001,0.2900
epstein,trump,@dollemore,left,1380,32,884,17,-0.4673,0.3534
epstein,trump,@RebelHQ,left,1126,31,418,9,-0.3456,0.3919
epstein,trump,@StatusCoup,left,638,60,228,28,0.5041,0.2711
epstein,trump,@harryjsisson,left,626,44,458,33,0.0754,0.3543
epstein,trump,@aaronparnas1,left,779,150,606,98,-0.8023,0.1985
epstein,trump,@rolandsmartin,left,1253,5,300,1,0.0552,0.9451
epstein,trump,@DropSiteNews,left,238,9,40,0,-1.4014,1.4612
epstein,trump,@thejimmydoreshow,neutral,1185,63,223,4,-1.1670,0.4947
epstein,trump,@KimIversen,neutral,506,44,85,6,-0.2053,0.4416
epstein,trump,@NovaraMedia,left,569,20,67,1,-0.5811,0.8574
epstein,trump,@TheLincolnProject,left,147,16,43,6,0.4447,0.5351
epstein,trump,@chriscuomo,left,211,8,63,3,0.4117,0.7007
epstein,trump,@lizwheeler,right,144,6,20,1,0.5136,0.9530
epstein,trump,@BlazeTV,right,843,16,124,0,-1.7647,1.4388
epstein,trump,@TimcastIRL,right,952,10,97,2,0.9594,0.7275
epstein,trump,@SaltyCracker,right,361,10,24,0,-0.4517,1.4626
epstein,trump,@Styxhexenhammer666,right,396,5,43,0,-0.3170,1.4858
epstein,trump,@LIVESNEAKO,neutral,538,31,20,1,0.2087,0.8676
epstein,trump,@Xanderhal,left,390,6,67,1,0.2671,0.9309
epstein,trump,@TheSerfTimes,left,331,31,14,5,1.8514,0.5729
epstein,trump,@JackCocchiarellaShow,left,1449,76,1013,58,0.3257,0.2731
epstein,trump,@underthedesknews,left,183,9,14,3,2.0354,0.7298
epstein,trump,@thomhartmann,left,759,13,328,7,0.4234,0.5410
epstein,trump,@SabbySabs,left,685,51,161,17,0.5434,0.3084
epstein,trump,@DueDissidence,left,701,41,151,10,0.2020,0.3687
epstein,trump,@thegrayzone7996,left,179,6,25,1,0.5093,0.9466
epstein,trump,@DemocracyNow,left,594,15,130,5,0.6403,0.5359
epstein,trump,@marclamonthillnetwork,left,454,23,56,4,0.5117,0.5433
epstein,trump,@PoliticsJOE,left,324,10,47,2,0.5551,0.7371
epstein,trump,@TheJoyReidShow,left,362,10,55,3,0.9825,0.6644
epstein,trump,@TheDonLemonShow,left,697,32,280,17,0.5450,0.3577
epstein,trump,@jimacosta,left,457,34,192,12,-0.2884,0.3662
epstein,trump,@msnow,left,9308,463,4448,162,-0.5563,0.0996
epstein,trump,@LegalAFMTN,left,2604,141,2024,93,-0.6321,0.1836
epstein,trump,@GlennKirschner2,left,244,25,139,5,-1.7687,0.4997
epstein,trump,@katiephangnews,left,401,79,258,29,-1.4355,0.2622
epstein,trump,@TheMichaelCohenShow,left,436,19,226,8,-0.3933,0.4628
epstein,trump,@PTLRadioShow,left,1768,53,571,20,0.2563,0.2851
epstein,trump,@fastpoliticspodcast,left,138,7,112,2,-2.4254,0.7984
epstein,trump,@RestPoliticsUS,left,185,6,133,3,-0.9694,0.7741
epstein,trump,@thehill,neutral,4535,148,1594,31,-0.7250,0.2031
epstein,trump,@AfterPartyEmily,right,464,13,48,1,0.0217,0.8776
epstein,trump,@TheAdamCarollaShow1,right,372,6,19,0,0.3154,1.4859
epstein,trump,@RedactedNews,right,560,41,92,3,-0.8272,0.5702
epstein,trump,@chicksonright,right,620,13,109,2,0.0121,0.7059
epstein,trump,@AndWeKnowOfficial-o9b,right,184,6,8,0,0.4337,1.5091
epstein,trump,@RSBN,right,1803,6,795,1,-1.0657,0.9224
epstein,trump,@RealAmericasVoice,right,3867,97,830,19,-0.0988,0.2561
epstein,trump,@NewsmaxTV,right,4115,82,743,7,-0.8102,0.3850
epstein,trump,@oann,right,2037,10,572,1,-0.9103,0.8800
epstein,trump,@FoxNews,right,8181,41,1598,6,-0.2838,0.4275
epstein,trump,@FoxNewsChannelClips,right,5417,15,654,1,-0.2852,0.8587
epstein,trump,@NBCNews,neutral,5081,83,860,10,-0.3612,0.3321
epstein,trump,@CNN,left,1731,61,593,16,-0.3759,0.2919
epstein,trump,@ABCNews,neutral,6772,93,938,10,-0.2498,0.3293
epstein,trump,@CBSNews,neutral,8302,170,1771,24,-0.4925,0.2199
epstein,trump,@NewsNation,neutral,7161,100,1047,9,-0.5072,0.3425
epstein,trump,@Reuters,neutral,9577,77,930,11,0.4787,0.3212
epstein,trump,@BBCNews,neutral,2352,45,372,4,-0.5609,0.4995
epstein,trump,@aljazeeraenglish,left,6641,20,690,1,-0.4127,0.8483
epstein,trump,@AssociatedPress,neutral,6359,84,936,9,-0.3208,0.3461
epstein,trump,@markets,neutral,7511,12,1361,2,0.0727,0.7044
epstein,trump,@USATODAY,neutral,2531,53,853,14,-0.3328,0.3100
epstein,trump,@TheDailyBeast,left,328,30,281,13,-2.4346,0.4095
epstein,trump,@Forbes,neutral,1199,9,106,0,-0.6237,1.4545
epstein,trump,@nypost,right,6134,75,1138,15,0.1184,0.2866
epstein,trump,@fightbackpodcast,right,606,56,34,6,0.8585,0.4590
epstein,trump,@ThePodcastoftheLotusEaters,right,722,11,23,0,0.2420,1.4598
epstein,trump,@VivaFrei,right,359,15,39,2,0.4177,0.7099
epstein,trump,@RobertGouveiaEsq,right,1021,11,156,0,-1.4380,1.4472
epstein,trump,@HasanReactionsfanTwo,left,319,10,102,1,-1.1259,0.8869
epstein,trump,@HasanabiClips,left,500,17,70,2,-0.0219,0.6939
epstein,trump,@BadEmpanadaLive,left,275,13,9,1,1.2790,0.9318
epstein,trump,@franifio,left,331,6,22,0,0.0369,1.4838
epstein,trump,@NickCruseRBN,left,122,8,34,1,-0.7204,0.9177
epstein,trump,@Forthepeoplepodcast305,left,155,8,43,3,0.5242,0.7082
epstein,trump,@Politicon,left,465,11,139,5,0.7013,0.5884
epstein,trump,@OwenReport,left,535,35,216,4,-1.6402,0.5120
epstein,trump,@JillianMichaels,right,437,12,41,0,-0.9926,1.4514
epstein,trump,@ANINewsIndia,neutral,18776,58,2389,16,0.9834,0.2909
epstein,trump,@SkyNews,left,5168,85,713,8,-0.3847,0.3636
epstein,trump,@NYTPodcasts,left,450,13,105,4,0.4513,0.5834
epstein,trump,@timesofindia,left,11244,278,4589,102,-0.1761,0.1257
epstein,trump,@Firstpost,neutral,18033,69,4299,21,0.3493,0.2597
epstein,trump,@TimesNowWorld,neutral,11284,168,2061,40,0.3493,0.1819
epstein,trump,https://rumble.com/c/russellbrand,right,257,5,6,0,1.2377,1.5296
epstein,trump,https://rumble.com/c/nickjfuentes,right,305,6,62,0,-1.2299,1.4745
epstein,trump,https://rumble.com/c/TheAlexJonesShowLive,right,415,5,54,0,-0.5198,1.4842
epstein,files,@MegynKelly,right,1604,31,8,6,5.0766,0.7705
epstein,files,@MeidasTouch,left,3707,174,57,36,3.7625,0.2853
epstein,files,@SecularTalk,left,1375,54,15,15,6.9442,1.4459
epstein,files,@TheMajorityReport,left,1701,27,5,5,6.7076,1.4923
epstein,files,@TheYoungTurks,left,2099,90,29,29,7.5641,1.4320
epstein,files,@bennyjohnson,right,1594,74,32,19,3.6695,0.3795
epstein,files,@breakingpoints,left,1002,47,14,12,4.9000,0.7136
epstein,files,@briantylercohen,left,1028,107,22,22,6.1841,1.4343
epstein,files,@deanwithrs,left,500,13,9,4,3.7270,0.7151
epstein,files,@podsaveamerica,left,640,29,11,11,6.6336,1.4638
epstein,files,@thedavidpakmanshow,left,1540,23,11,10,6.6674,0.9147
epstein,files,@bulwarkmedia,left,1773,37,8,8,6.9084,1.4670
epstein,files,@PiersMorganUncensored,neutral,173,10,7,3,2.8058,0.8047
epstein,files,@zeteo,left,222,10,5,5,6.0521,1.5389
epstein,files,@TheDamageReport,left,2317,87,16,16,6.9368,1.4405
epstein,files,@FarronBalanced,left,1873,48,9,9,6.7777,1.4598
epstein,files,@dollemore,left,1380,32,6,6,6.4946,1.4806
epstein,files,@RebelHQ,left,1126,31,7,7,6.5083,1.4748
epstein,files,@StatusCoup,left,638,60,16,16,6.0615,1.4439
epstein,files,@harryjsisson,left,626,44,5,5,5.0889,1.4862
epstein,files,@aaronparnas1,left,779,150,44,42,4.5882,0.6590
epstein,files,@DropSiteNews,left,238,9,5,5,6.3297,1.5519
epstein,files,@thejimmydoreshow,neutral,1185,63,22,21,5.9355,0.8588
epstein,files,@KimIversen,neutral,506,44,13,10,3.6878,0.6420
epstein,files,@BlazeTV,right,843,16,7,5,5.0621,0.8185
epstein,files,@LIVESNEAKO,neutral,538,31,6,5,4.2497,0.9424
epstein,files,@Xanderhal,left,390,6,5,5,7.9444,1.6885
epstein,files,@TheSerfTimes,left,331,31,5,5,4.8262,1.4909
epstein,files,@JackCocchiarellaShow,left,1449,76,15,1,0.6221,0.8658
epstein,files,@thomhartmann,left,759,13,5,5,6.8732,1.5168
epstein,files,@SabbySabs,left,685,51,8,5,3.0606,0.7004
epstein,files,@DueDissidence,left,701,41,22,19,5.0926,0.6188
epstein,files,@DemocracyNow,left,594,15,10,9,6.3345,0.9631
epstein,files,@marclamonthillnetwork,left,454,23,9,8,5.0587,0.9226
epstein,files,@PoliticsJOE,left,324,10,6,3,3.7265,0.8414
epstein,files,@TheDonLemonShow,left,697,32,7,7,5.9699,1.4745
epstein,files,@jimacosta,left,457,34,11,11,6.0270,1.4601
epstein,files,@msnow,left,9308,463,160,147,5.7200,0.2900
epstein,files,@LegalAFMTN,left,2604,141,42,32,4.2392,0.3682
epstein,files,@GlennKirschner2,left,244,25,15,14,5.2131,0.9095
epstein,files,@katiephangnews,left,401,79,27,25,4.0941,0.6787
epstein,files,@TheMichaelCohenShow,left,436,19,7,6,4.8955,0.9471
epstein,files,@PTLRadioShow,left,1768,53,24,23,6.7807,0.8617
epstein,files,@thehill,neutral,4535,148,59,43,4.6936,0.3055
epstein,files,@RedactedNews,right,560,41,8,7,4.3194,0.9115
epstein,files,@chicksonright,right,620,13,5,3,4.3912,0.8846
epstein,files,@RealAmericasVoice,right,3867,97,54,36,4.7907,0.3130
epstein,files,@NewsmaxTV,right,4115,82,37,17,3.9571,0.3485
epstein,files,@oann,right,2037,10,14,2,3.8591,0.7734
epstein,files,@FoxNews,right,8181,41,25,4,3.8137,0.5436
epstein,files,@FoxNewsChannelClips,right,5417,15,8,1,4.3097,0.9323
epstein,files,@NBCNews,neutral,5081,83,33,18,4.5088,0.3661
epstein,files,@CNN,left,1731,61,31,29,6.4065,0.6821
epstein,files,@ABCNews,neutral,6772,93,38,27,5.4798,0.3722
epstein,files,@CBSNews,neutral,8302,170,100,78,5.7233,0.2610
epstein,files,@NewsNation,neutral,7161,100,79,23,3.6269,0.2707
epstein,files,@Reuters,neutral,9577,77,23,11,4.8773,0.4267
epstein,files,@BBCNews,neutral,2352,45,18,15,5.8130,0.6192
epstein,files,@aljazeeraenglish,left,6641,20,13,10,7.5449,0.6902
epstein,files,@AssociatedPress,neutral,6359,84,27,22,6.0172,0.4924
epstein,files,@markets,neutral,7511,12,14,1,4.2813,0.9099
epstein,files,@USATODAY,neutral,2531,53,32,23,5.2998,0.4255
epstein,files,@Forbes,neutral,1199,9,5,1,3.8401,1.0037
epstein,files,@nypost,right,6134,75,25,10,4.1354,0.4186
epstein,files,@fightbackpodcast,right,606,56,25,25,6.7927,1.4397
epstein,files,@ThePodcastoftheLotusEaters,right,722,11,5,4,5.6497,1.0117
epstein,files,@VivaFrei,right,359,15,8,5,3.9340,0.7521
epstein,files,@RobertGouveiaEsq,right,1021,11,20,1,1.9829,0.9023
epstein,files,@HasanReactionsfanTwo,left,319,10,6,6,6.7958,1.5425
epstein,files,@HasanabiClips,left,500,17,5,5,6.0532,1.5046
epstein,files,@Politicon,left,465,11,8,6,5.3656,0.8590
epstein,files,@OwenReport,left,535,35,21,21,7.3027,1.4552
epstein,files,@JillianMichaels,right,437,12,8,5,4.4833,0.7767
epstein,files,@ANINewsIndia,neutral,18776,58,54,24,6.0757,0.3204
epstein,files,@SkyNews,left,5168,85,59,30,4.5450,0.2914
epstein,files,@timesofindia,left,11244,278,77,65,5.5942,0.3163
epstein,files,@Firstpost,neutral,18033,69,66,38,6.6454,0.3047
epstein,files,@TimesNowWorld,neutral,11284,168,83,74,6.8263,0.3597
epstein,israel,@ClipsCandaceOwens,neutral,192,5,9,2,2.8444,0.9081
epstein,israel,@HasanAbi,left,586,11,14,1,1.7838,0.9153
epstein,israel,@MegynKelly,right,1604,31,22,1,1.2673,0.8641
epstein,israel,@PBDPodcast,right,145,10,5,0,0.1221,1.5115
epstein,israel,@SecularTalk,left,1375,54,54,1,-0.4083,0.8395
epstein,israel,@TheMajorityReport,left,1701,27,56,1,0.5018,0.8503
epstein,israel,@TheYoungTurks,left,2099,90,269,9,-0.2448,0.3492
epstein,israel,@TuckerCarlson,neutral,113,7,23,1,-0.1431,0.9364
epstein,israel,@Vaush,left,432,7,11,0,0.8767,1.4909
epstein,israel,@bennyjohnson,right,1594,74,15,1,0.7516,0.8660
epstein,israel,@breakingpoints,left,1002,47,94,1,-1.2121,0.8367
epstein,israel,@glennbeck,right,559,9,6,0,1.4836,1.5036
epstein,israel,@TheOfficerTatum,right,791,5,6,0,2.3902,1.5287
epstein,israel,@PiersMorganUncensored,neutral,173,10,22,0,-1.2057,1.4652
epstein,israel,@zeteo,left,222,10,21,1,0.3938,0.9088
epstein,israel,@DropSiteNews,left,238,9,37,0,-1.3087,1.4619
epstein,israel,@thejimmydoreshow,neutral,1185,63,113,0,-2.6588,1.4232
epstein,israel,@KimIversen,neutral,506,44,61,2,-0.9190,0.6654
epstein,israel,@NovaraMedia,left,569,20,31,1,0.2702,0.8676
epstein,israel,@chriscuomo,left,211,8,11,0,-0.0155,1.4865
epstein,israel,@TimcastIRL,right,952,10,7,0,1.7817,1.4932
epstein,israel,@LIVESNEAKO,neutral,538,31,17,3,1.4302,0.6259
epstein,israel,@SabbySabs,left,685,51,45,1,-0.9310,0.8430
epstein,israel,@DueDissidence,left,701,41,52,1,-0.8248,0.8440
epstein,israel,@thegrayzone7996,left,179,6,34,0,-1.1678,1.4799
epstein,israel,@DemocracyNow,left,594,15,44,0,-0.9463,1.4453
epstein,israel,@marclamonthillnetwork,left,454,23,16,0,-0.6240,1.4511
epstein,israel,@PoliticsJOE,left,324,10,7,0,0.6690,1.4939
epstein,israel,@msnow,left,9308,463,36,0,-1.3457,1.4247
epstein,israel,@thehill,neutral,4535,148,77,0,-1.6752,1.4212
epstein,israel,@RedactedNews,right,560,41,46,2,-0.3911,0.6707
epstein,israel,@chicksonright,right,620,13,10,0,0.7455,1.4734
epstein,israel,@RealAmericasVoice,right,3867,97,34,0,-0.5881,1.4281
epstein,israel,@NewsmaxTV,right,4115,82,45,0,-0.6325,1.4263
epstein,israel,@oann,right,2037,10,15,0,1.8218,1.4698
epstein,israel,@FoxNews,right,8181,41,118,0,-0.2037,1.4257
epstein,israel,@FoxNewsChannelClips,right,5417,15,21,0,2.0887,1.4530
epstein,israel,@NBCNews,neutral,5081,83,41,0,-0.3350,1.4270
epstein,israel,@CNN,left,1731,61,24,0,-0.6045,1.4345
epstein,israel,@ABCNews,neutral,6772,93,49,0,-0.3336,1.4251
epstein,israel,@CBSNews,neutral,8302,170,101,0,-1.4608,1.4198
epstein,israel,@NewsNation,neutral,7161,100,79,0,-0.8279,1.4222
epstein,israel,@Reuters,neutral,9577,77,160,0,-0.9796,1.4210
epstein,israel,@BBCNews,neutral,2352,45,76,0,-1.1377,1.4267
epstein,israel,@aljazeeraenglish,left,6641,20,563,2,0.3775,0.6753
epstein,israel,@AssociatedPress,neutral,6359,84,350,0,-2.3022,1.4195
epstein,israel,@markets,neutral,7511,12,70,0,1.4387,1.4472
epstein,israel,@USATODAY,neutral,2531,53,49,0,-0.7794,1.4280
epstein,israel,@nypost,right,6134,75,91,0,-0.8394,1.4228
epstein,israel,@fightbackpodcast,right,606,56,54,8,0.6426,0.4022
epstein,israel,@HasanabiClips,left,500,17,19,0,-0.3848,1.4528
epstein,israel,@BadEmpanadaLive,left,275,13,18,2,1.1779,0.7427
epstein,israel,@franifio,left,331,6,13,0,0.5770,1.4937
epstein,israel,@NickCruseRBN,left,122,8,14,1,0.4079,0.9402
epstein,israel,@Forthepeoplepodcast305,left,155,8,24,0,-1.2156,1.4719
epstein,israel,@OwenReport,left,535,35,65,2,-0.6652,0.6692
epstein,israel,@ANINewsIndia,neutral,18776,58,371,2,0.7873,0.6484
epstein,israel,@SkyNews,left,5168,85,90,0,-1.1311,1.4223
epstein,israel,@NYTPodcasts,left,450,13,10,0,0.4107,1.4737
epstein,israel,@timesofindia,left,11244,278,695,0,-3.6301,1.4160
epstein,israel,@Firstpost,neutral,18033,69,638,0,-1.6336,1.4199
epstein,israel,@TimesNowWorld,neutral,11284,168,474,0,-2.7097,1.4171
epstein,israel,https://rumble.com/c/nickjfuentes,right,305,6,27,0,-0.2715,1.4812
epstein,israel,https://rumble.com/c/TheAlexJonesShowLive,right,415,5,36,0,-0.0696,1.4872
iran,israel,@ClipsCandaceOwens,neutral,192,5,9,1,1.9515,1.0060
iran,israel,@HasanAbi,left,586,21,14,4,2.6104,0.6135
iran,israel,@MegynKelly,right,1604,122,22,11,2.5800,0.4284
iran,israel,@PBDPodcast,right,145,35,5,3,1.5420,0.8519
iran,israel,@SecularTalk,left,1375,120,54,6,0.3460,0.4290
iran,israel,@TheMajorityReport,left,1701,95,56,4,0.3758,0.5028
iran,israel,@TheYoungTurks,left,2099,283,269,24,-0.5036,0.2222
iran,israel,@TuckerCarlson,neutral,113,15,23,6,1.1589,0.5732
iran,israel,@Vaush,left,432,25,11,1,0.8406,0.8973
iran,israel,@bennyjohnson,right,1594,135,15,5,1.7610,0.5342
iran,israel,@breakingpoints,left,1002,221,94,21,0.0331,0.2579
iran,israel,@glennbeck,right,559,66,6,0,-0.5729,1.4734
iran,israel,@TheOfficerTatum,right,791,29,6,2,2.7294,0.8123
iran,israel,@PiersMorganUncensored,neutral,173,55,22,12,1.0883,0.4555
iran,israel,@zeteo,left,222,31,21,4,0.4896,0.5670
iran,israel,@DropSiteNews,left,238,81,37,7,-0.8655,0.4329
iran,israel,@thejimmydoreshow,neutral,1185,185,113,23,0.3750,0.2467
iran,israel,@KimIversen,neutral,506,84,61,6,-0.6010,0.4328
iran,israel,@NovaraMedia,left,569,62,31,5,0.5527,0.4889
iran,israel,@chriscuomo,left,211,25,11,3,1.1838,0.6734
iran,israel,@marklevinshow,right,453,82,16,2,-0.2670,0.6958
iran,israel,@TimcastIRL,right,952,33,7,2,2.5799,0.7840
iran,israel,@TimcastNews,right,503,8,5,0,1.6575,1.5171
iran,israel,@AnthonyBrianLogan,right,265,26,6,5,3.7056,0.9483
iran,israel,@RebelNewsOnline,right,1454,38,5,1,2.5302,0.9572
iran,israel,@LIVESNEAKO,neutral,538,42,17,2,0.6511,0.7009
iran,israel,@JacksonHinkleOfficial,neutral,418,189,22,11,0.2022,0.4291
iran,israel,@lonerboxlive,right,82,7,7,0,-0.4961,1.5104
iran,israel,@usefulidiots,left,185,66,45,19,0.3705,0.3475
iran,israel,@SabbySabs,left,685,141,45,20,1.2347,0.3133
iran,israel,@DueDissidence,left,701,113,52,11,0.3922,0.3502
iran,israel,@thegrayzone7996,left,179,39,34,5,-0.5066,0.5037
iran,israel,@GeopoliticalEconomyReport,left,67,25,6,4,1.2210,0.8327
iran,israel,@DannyHaiphongYT,left,273,257,53,52,0.9707,0.8690
iran,israel,@judgingfreedom,left,1001,223,85,15,-0.2916,0.2914
iran,israel,@DemocracyNow,left,594,93,44,13,0.9182,0.3469
iran,israel,@marclamonthillnetwork,left,454,36,16,2,0.7038,0.7074
iran,israel,@OwenJonesTalks,left,226,56,38,6,-0.6005,0.4600
iran,israel,@DoubleDownNews,left,64,8,21,4,0.8141,0.7259
iran,israel,@PoliticsJOE,left,324,20,7,0,-0.0331,1.4783
iran,israel,@msnow,left,9308,1273,36,22,2.2971,0.3381
iran,israel,@thehill,neutral,4535,748,77,28,1.0944,0.2386
iran,israel,@RedactedNews,right,560,110,46,20,1.2888,0.3161
iran,israel,@chicksonright,right,620,36,10,0,-0.2883,1.4575
iran,israel,@RealAmericasVoice,right,3867,591,34,11,1.0089,0.3627
iran,israel,@NewsmaxTV,right,4115,375,45,9,0.9673,0.3683
iran,israel,@oann,right,2037,163,15,5,1.8184,0.5328
iran,israel,@FoxNews,right,8181,1496,118,50,1.2157,0.1877
iran,israel,@FoxNewsChannelClips,right,5417,436,21,6,1.5765,0.4700
iran,israel,@NBCNews,neutral,5081,478,41,21,2.3521,0.3126
iran,israel,@CNN,left,1731,350,24,14,1.7278,0.4098
iran,israel,@ABCNews,neutral,6772,714,49,27,2.3732,0.2871
iran,israel,@CBSNews,neutral,8302,1348,101,60,2.0569,0.2038
iran,israel,@NewsNation,neutral,7161,841,79,38,1.9810,0.2269
iran,israel,@Reuters,neutral,9577,827,160,26,0.7505,0.2157
iran,israel,@BBCNews,neutral,2352,457,76,31,1.0999,0.2379
iran,israel,@aljazeeraenglish,left,6641,1468,563,148,0.2530,0.1005
iran,israel,@AssociatedPress,neutral,6359,804,350,112,1.2870,0.1213
iran,israel,@markets,neutral,7511,1447,70,33,1.3368,0.2396
iran,israel,@USATODAY,neutral,2531,360,49,34,2.6879,0.3115
iran,israel,@TheEconomist,left,130,18,7,3,1.6946,0.7627
iran,israel,@nypost,right,6134,606,91,19,0.9155,0.2588
iran,israel,@clayandbuck,right,566,58,5,2,1.8548,0.8399
iran,israel,@TheBrianKilmeadeShow,right,354,142,7,4,0.6652,0.7211
iran,israel,@fightbackpodcast,right,606,12,54,3,1.3579,0.6421
iran,israel,@MyronGainesX,right,605,98,25,14,2.0026,0.4120
iran,israel,@HasanabiClips,left,500,71,19,3,0.2472,0.6028
iran,israel,@BadEmpanadaLive,left,275,14,18,0,-0.7899,1.4585
iran,israel,@franifio,left,331,18,13,1,0.7263,0.8984
iran,israel,@BreakThroughNews,left,290,86,39,13,0.2128,0.3620
iran,israel,@JamarlThomas,left,462,198,55,24,0.0399,0.2874
iran,israel,@NickCruseRBN,left,122,52,14,8,0.6394,0.5563
iran,israel,@Forthepeoplepodcast305,left,155,40,24,10,0.8796,0.4548
iran,israel,@OwenReport,left,535,63,65,10,0.3896,0.3665
iran,israel,@ANINewsIndia,neutral,18776,1994,371,228,2.7080,0.1094
iran,israel,@nousnetwork,left,152,20,6,4,2.6558,0.8310
iran,israel,@OfficialSaharTV,right,833,42,36,1,-0.2611,0.8487
iran,israel,@SkyNews,left,5168,643,90,19,0.6654,0.2590
iran,israel,@NYTPodcasts,left,450,49,10,2,0.8906,0.7357
iran,israel,@timesofindia,left,11244,4146,695,409,0.9575,0.0797
iran,israel,@Firstpost,neutral,18033,4591,638,360,1.3930,0.0817
iran,israel,@TimesNowWorld,neutral,11284,2101,474,221,1.4230,0.0954
iran,israel,https://rumble.com/c/GGreenwald,left,76,14,10,1,-0.4688,0.9299
iran,israel,https://rumble.com/c/BannonsWarRoom,right,4492,280,58,15,1.7220,0.3025
iran,israel,https://rumble.com/c/nickjfuentes,right,305,75,27,6,-0.0929,0.4685
iran,israel,https://rumble.com/c/TheAlexJonesShowLive,right,415,37,36,8,1.2651,0.4353
epstein_broad,iran_broad,@ClipsCandaceOwens,neutral,192,5,7,1,2.2308,1.0238
epstein_broad,iran_broad,@HasanAbi,left,586,11,23,4,2.8404,0.6392
epstein_broad,iran_broad,@LukeBeasley,left,1351,39,19,0,-0.1748,1.4413
epstein_broad,iran_broad,@MegynKelly,right,1604,32,129,4,0.5995,0.5157
epstein_broad,iran_broad,@MeidasTouch,left,3707,186,247,2,-1.7101,0.6402
epstein_broad,iran_broad,@MichaelKnowles,right,446,7,20,0,0.3106,1.4780
epstein_broad,iran_broad,@PBDPodcast,right,145,10,40,1,-0.9526,0.8987
epstein_broad,iran_broad,@SecularTalk,left,1375,55,138,4,-0.2603,0.4999
epstein_broad,iran_broad,@TheMajorityReport,left,1701,28,100,0,-1.2922,1.4303
epstein_broad,iran_broad,@TheYoungTurks,left,2099,96,320,1,-2.4912,0.8251
epstein_broad,iran_broad,@TuckerCarlson,neutral,113,7,15,1,0.3867,0.9488
epstein_broad,iran_broad,@Vaush,left,432,7,34,0,-0.2790,1.4714
epstein_broad,iran_broad,@adammockler,left,1050,25,16,0,0.1820,1.4494
epstein_broad,iran_broad,@bennyjohnson,right,1594,75,144,0,-2.7640,1.4216
epstein_broad,iran_broad,@breakingpoints,left,1002,48,240,3,-1.4593,0.5597
epstein_broad,iran_broad,@briantylercohen,left,1028,111,11,0,-1.0399,1.4481
epstein_broad,iran_broad,@deanwithrs,left,500,13,14,0,0.1902,1.4646
epstein_broad,iran_broad,@glennbeck,right,559,9,74,0,-1.0888,1.4563
epstein_broad,iran_broad,@podsaveamerica,left,640,29,73,0,-2.0860,1.4316
epstein_broad,iran_broad,@ponderingpolitics,left,1386,27,101,0,-1.4897,1.4307
epstein_broad,iran_broad,@thedavidpakmanshow,left,1540,23,11,0,1.0250,1.4595
epstein_broad,iran_broad,@TheOfficerTatum,right,791,5,32,0,0.7469,1.4879
epstein_broad,iran_broad,@bulwarkmedia,left,1773,37,144,0,-1.9177,1.4263
epstein_broad,iran_broad,@PiersMorganUncensored,neutral,173,10,57,1,-1.2026,0.8938
epstein_broad,iran_broad,@zeteo,left,222,10,31,1,-0.0568,0.9001
epstein_broad,iran_broad,@TheDamageReport,left,2317,98,100,3,-0.2259,0.5540
epstein_broad,iran_broad,@TheHumanistReport,left,179,5,10,0,0.3536,1.5110
epstein_broad,iran_broad,@FarronBalanced,left,1873,51,76,1,-0.3747,0.8368
epstein_broad,iran_broad,@dollemore,left,1380,37,70,1,-0.2829,0.8422
epstein_broad,iran_broad,@RebelHQ,left,1126,32,23,0,-0.3546,1.4402
epstein_broad,iran_broad,@StatusCoup,left,638,62,26,2,-0.0706,0.6776
epstein_broad,iran_broad,@harryjsisson,left,626,48,43,0,-2.0643,1.4302
epstein_broad,iran_broad,@aaronparnas1,left,779,152,83,6,-1.1547,0.4188
epstein_broad,iran_broad,@rolandsmartin,left,1253,5,38,0,1.0502,1.4861
epstein_broad,iran_broad,@DropSiteNews,left,238,9,96,3,-0.2407,0.6764
epstein_broad,iran_broad,@thejimmydoreshow,neutral,1185,65,203,3,-1.3583,0.5548
epstein_broad,iran_broad,@KimIversen,neutral,506,44,89,0,-3.0600,1.4270
epstein_broad,iran_broad,@NovaraMedia,left,569,20,73,0,-1.8444,1.4368
epstein_broad,iran_broad,@TheLincolnProject,left,147,16,10,4,1.9389,0.6812
epstein_broad,iran_broad,@chriscuomo,left,211,8,25,0,-0.8873,1.4705
epstein_broad,iran_broad,@BlazeTV,right,843,16,41,0,-0.5546,1.4443
epstein_broad,iran_broad,@TimcastIRL,right,952,10,34,0,0.2263,1.4578
epstein_broad,iran_broad,@Styxhexenhammer666,right,396,5,31,0,0.0396,1.4887
epstein_broad,iran_broad,@LIVESNEAKO,neutral,538,31,43,0,-1.7749,1.4342
epstein_broad,iran_broad,@Xanderhal,left,390,6,6,0,1.4995,1.5200
epstein_broad,iran_broad,@TheSerfTimes,left,331,31,6,2,1.7199,0.8121
epstein_broad,iran_broad,@JackCocchiarellaShow,left,1449,90,37,0,-1.6356,1.4278
epstein_broad,iran_broad,@underthedesknews,left,183,10,12,0,-0.4857,1.4770
epstein_broad,iran_broad,@thomhartmann,left,759,13,72,1,0.1255,0.8730
epstein_broad,iran_broad,@SabbySabs,left,685,56,143,11,-0.0524,0.3442
epstein_broad,iran_broad,@DueDissidence,left,701,41,119,0,-2.9078,1.4263
epstein_broad,iran_broad,@thegrayzone7996,left,179,6,50,0,-1.6707,1.4771
epstein_broad,iran_broad,@DemocracyNow,left,594,15,101,1,-0.7061,0.8647
epstein_broad,iran_broad,@marclamonthillnetwork,left,454,23,36,8,2.0495,0.4688
epstein_broad,iran_broad,@PoliticsJOE,left,324,11,21,0,-0.5251,1.4618
epstein_broad,iran_broad,@TheJoyReidShow,left,362,10,12,1,1.5452,0.9283
epstein_broad,iran_broad,@TheDonLemonShow,left,697,32,70,2,-0.3355,0.6701
epstein_broad,iran_broad,@jimacosta,left,457,36,35,4,0.5403,0.5360
epstein_broad,iran_broad,@msnow,left,9308,472,1401,3,-3.2276,0.5373
epstein_broad,iran_broad,@LegalAFMTN,left,2604,147,30,1,-0.1709,0.8413
epstein_broad,iran_broad,@katiephangnews,left,401,80,10,0,-1.6914,1.4529
epstein_broad,iran_broad,@TheMichaelCohenShow,left,436,19,47,1,-0.4342,0.8631
epstein_broad,iran_broad,@PTLRadioShow,left,1768,54,137,2,-0.5886,0.6535
epstein_broad,iran_broad,@RestPoliticsUS,left,185,6,41,0,-1.3598,1.4782
epstein_broad,iran_broad,@thehill,neutral,4535,151,804,6,-1.6062,0.4028
epstein_broad,iran_broad,@AfterPartyEmily,right,464,13,20,1,0.9789,0.8946
epstein_broad,iran_broad,@RedactedNews,right,560,41,119,1,-2.0755,0.8380
epstein_broad,iran_broad,@chicksonright,right,620,13,37,0,-0.5737,1.4500
epstein_broad,iran_broad,@AndWeKnowOfficial-o9b,right,184,6,22,1,0.6921,0.9494
epstein_broad,iran_broad,@RSBN,right,1803,6,79,1,1.7874,0.9283
epstein_broad,iran_broad,@RealAmericasVoice,right,3867,99,622,12,-0.3023,0.3056
epstein_broad,iran_broad,@NewsmaxTV,right,4115,85,444,0,-3.0537,1.4192
epstein_broad,iran_broad,@oann,right,2037,11,171,0,-0.7542,1.4468
epstein_broad,iran_broad,@FoxNews,right,8181,42,1959,0,-3.2939,1.4227
epstein_broad,iran_broad,@FoxNewsChannelClips,right,5417,16,567,0,-1.3542,1.4362
epstein_broad,iran_broad,@NBCNews,neutral,5081,86,552,2,-1.4316,0.6433
epstein_broad,iran_broad,@CNN,left,1731,62,384,1,-2.5032,0.8284
epstein_broad,iran_broad,@ABCNews,neutral,6772,97,830,0,-3.3216,1.4183
epstein_broad,iran_broad,@CBSNews,neutral,8302,171,1547,5,-1.9582,0.4343
epstein_broad,iran_broad,@NewsNation,neutral,7161,105,999,2,-1.9192,0.6410
epstein_broad,iran_broad,@Reuters,neutral,9577,79,1026,1,-1.8459,0.8249
epstein_broad,iran_broad,@BBCNews,neutral,2352,46,527,0,-3.3167,1.4227
epstein_broad,iran_broad,@aljazeeraenglish,left,6641,21,1812,0,-2.7855,1.4308
epstein_broad,iran_broad,@AssociatedPress,neutral,6359,90,870,0,-3.3735,1.4186
epstein_broad,iran_broad,@markets,neutral,7511,12,1679,0,-1.9760,1.4425
epstein_broad,iran_broad,@USATODAY,neutral,2531,55,384,1,-1.8955,0.8295
epstein_broad,iran_broad,@TheDailyBeast,left,328,30,5,1,1.2023,0.9624
epstein_broad,iran_broad,@Forbes,neutral,1199,9,36,0,0.5097,1.4607
epstein_broad,iran_broad,@nypost,right,6134,77,847,1,-2.1143,0.8253
epstein_broad,iran_broad,@fightbackpodcast,right,606,56,13,4,1.5863,0.5902
epstein_broad,iran_broad,@ThePodcastoftheLotusEaters,right,722,11,15,0,0.6697,1.4673
epstein_broad,iran_broad,@VivaFrei,right,359,15,22,2,1.0755,0.7252
epstein_broad,iran_broad,@RobertGouveiaEsq,right,1021,13,14,0,0.9323,1.4643
epstein_broad,iran_broad,@HasanReactionsfanTwo,left,319,10,6,0,0.7991,1.5008
epstein_broad,iran_broad,@HasanabiClips,left,500,17,82,0,-1.9729,1.4394
epstein_broad,iran_broad,@BadEmpanadaLive,left,275,13,15,5,2.7447,0.6314
epstein_broad,iran_broad,@franifio,left,331,6,19,0,0.1899,1.4861
epstein_broad,iran_broad,@NickCruseRBN,left,122,8,53,2,-0.7461,0.7675
epstein_broad,iran_broad,@Forthepeoplepodcast305,left,155,8,41,0,-1.8908,1.4667
epstein_broad,iran_broad,@OwenReport,left,535,35,66,1,-1.2410,0.8445
epstein_broad,iran_broad,@JillianMichaels,right,437,12,44,2,0.7648,0.7221
epstein_broad,iran_broad,@ANINewsIndia,neutral,18776,60,2464,5,-0.4230,0.4476
epstein_broad,iran_broad,@SkyNews,left,5168,85,793,0,-3.4540,1.4189
epstein_broad,iran_broad,@NYTPodcasts,left,450,14,62,1,-0.3880,0.8716
epstein_broad,iran_broad,@timesofindia,left,11244,280,4745,2,-4.4419,0.6356
epstein_broad,iran_broad,@Firstpost,neutral,18033,69,5040,3,-2.0020,0.5487
epstein_broad,iran_broad,@TimesNowWorld,neutral,11284,168,2501,4,-2.3601,0.4783
epstein_broad,iran_broad,https://rumble.com/c/russellbrand,right,257,5,8,0,0.9613,1.5177
epstein_broad,iran_broad,https://rumble.com/c/nickjfuentes,right,305,6,77,0,-1.5103,1.4735
epstein_broad,iran_broad,https://rumble.com/c/TheAlexJonesShowLive,right,415,5,39,0,-0.1566,1.4865
epstein_broad,war_broad,@HasanAbi,left,586,11,19,1,1.4598,0.9043
epstein_broad,war_broad,@LukeBeasley,left,1351,39,42,6,1.9148,0.4603
epstein_broad,war_broad,@MegynKelly,right,1604,32,69,1,0.0449,0.8448
epstein_broad,war_broad,@MeidasTouch,left,3707,186,624,8,-1.4942,0.3539
epstein_broad,war_broad,@MichaelKnowles,right,446,7,15,0,0.6020,1.4833
epstein_broad,war_broad,@PBDPodcast,right,145,10,17,0,-1.1318,1.4700
epstein_broad,war_broad,@SecularTalk,left,1375,55,162,6,-0.0232,0.4258
epstein_broad,war_broad,@TheMajorityReport,left,1701,28,119,1,-0.3341,0.8439
epstein_broad,war_broad,@TheYoungTurks,left,2099,96,324,0,-3.6187,1.4192
epstein_broad,war_broad,@TuckerCarlson,neutral,113,7,20,1,0.0349,0.9398
epstein_broad,war_broad,@Vaush,left,432,7,26,1,1.2877,0.9286
epstein_broad,war_broad,@adammockler,left,1050,25,78,11,2.4214,0.4145
epstein_broad,war_broad,@bennyjohnson,right,1594,75,121,1,-1.4531,0.8301
epstein_broad,war_broad,@breakingpoints,left,1002,48,160,4,-0.6617,0.5023
epstein_broad,war_broad,@briantylercohen,left,1028,111,56,6,0.0567,0.4293
epstein_broad,war_broad,@deanwithrs,left,500,13,18,0,-0.0619,1.4595
epstein_broad,war_broad,@glennbeck,right,559,9,37,0,-0.3275,1.4608
epstein_broad,war_broad,@podsaveamerica,left,640,29,89,1,-1.1669,0.8456
epstein_broad,war_broad,@ponderingpolitics,left,1386,27,107,7,1.5228,0.4392
epstein_broad,war_broad,@thedavidpakmanshow,left,1540,23,60,1,0.4911,0.8536
epstein_broad,war_broad,@TheOfficerTatum,right,791,5,15,0,1.5096,1.4992
epstein_broad,war_broad,@bulwarkmedia,left,1773,37,159,0,-2.0259,1.4260
epstein_broad,war_broad,@PiersMorganUncensored,neutral,173,10,44,0,-2.0567,1.4581
epstein_broad,war_broad,@zeteo,left,222,10,20,0,-0.8049,1.4660
epstein_broad,war_broad,@TheDamageReport,left,2317,98,132,0,-2.5261,1.4206
epstein_broad,war_broad,@TheHumanistReport,left,179,5,18,0,-0.2626,1.4974
epstein_broad,war_broad,@FarronBalanced,left,1873,51,59,0,-1.2456,1.4272
epstein_broad,war_broad,@dollemore,left,1380,37,87,2,0.0359,0.6638
epstein_broad,war_broad,@RebelHQ,left,1126,32,37,0,-0.8351,1.4347
epstein_broad,war_broad,@StatusCoup,left,638,62,59,2,-0.9853,0.6602
epstein_broad,war_broad,@harryjsisson,left,626,48,37,5,0.7543,0.4872
epstein_broad,war_broad,@aaronparnas1,left,779,152,80,3,-1.7940,0.5542
epstein_broad,war_broad,@rolandsmartin,left,1253,5,58,0,0.6152,1.4832
epstein_broad,war_broad,@DropSiteNews,left,238,9,66,1,-0.8137,0.8976
epstein_broad,war_broad,@thejimmydoreshow,neutral,1185,65,146,1,-1.8584,0.8307
epstein_broad,war_broad,@KimIversen,neutral,506,44,63,0,-2.6495,1.4285
epstein_broad,war_broad,@NovaraMedia,left,569,20,59,0,-1.6041,1.4379
epstein_broad,war_broad,@TheLincolnProject,left,147,16,10,3,1.4595,0.7079
epstein_broad,war_broad,@chriscuomo,left,211,8,17,0,-0.4670,1.4765
epstein_broad,war_broad,@BlazeTV,right,843,16,35,0,-0.3908,1.4457
epstein_broad,war_broad,@TimcastIRL,right,952,10,65,0,-0.4495,1.4531
epstein_broad,war_broad,@Styxhexenhammer666,right,396,5,24,0,0.3102,1.4918
epstein_broad,war_broad,@LIVESNEAKO,neutral,538,31,34,0,-1.5239,1.4363
epstein_broad,war_broad,@Xanderhal,left,390,6,14,1,2.0156,0.9619
epstein_broad,war_broad,@TheSerfTimes,left,331,31,23,3,0.5190,0.6109
epstein_broad,war_broad,@JackCocchiarellaShow,left,1449,90,74,1,-1.2264,0.8320
epstein_broad,war_broad,@underthedesknews,left,183,10,8,0,-0.0756,1.4896
epstein_broad,war_broad,@thomhartmann,left,759,13,75,1,0.0799,0.8727
epstein_broad,war_broad,@SabbySabs,left,685,56,67,2,-0.9280,0.6598
epstein_broad,war_broad,@DueDissidence,left,701,41,120,2,-1.2387,0.6600
epstein_broad,war_broad,@thegrayzone7996,left,179,6,28,0,-0.9347,1.4818
epstein_broad,war_broad,@DemocracyNow,left,594,15,111,2,-0.2285,0.6967
epstein_broad,war_broad,@marclamonthillnetwork,left,454,23,34,7,1.9000,0.4825
epstein_broad,war_broad,@PoliticsJOE,left,324,11,12,0,0.0475,1.4732
epstein_broad,war_broad,@TheJoyReidShow,left,362,10,19,0,-0.2053,1.4661
epstein_broad,war_broad,@TheDonLemonShow,left,697,32,62,2,-0.1980,0.6715
epstein_broad,war_broad,@jimacosta,left,457,36,33,3,0.2935,0.5924
epstein_broad,war_broad,@msnow,left,9308,472,967,9,-1.7810,0.3295
epstein_broad,war_broad,@LegalAFMTN,left,2604,147,93,0,-2.4566,1.4205
epstein_broad,war_broad,@GlennKirschner2,left,244,26,9,0,-0.8769,1.4655
epstein_broad,war_broad,@katiephangnews,left,401,80,25,0,-2.6280,1.4335
epstein_broad,war_broad,@TheMichaelCohenShow,left,436,19,52,0,-1.7231,1.4398
epstein_broad,war_broad,@PTLRadioShow,left,1768,54,111,1,-0.8987,0.8337
epstein_broad,war_broad,@fastpoliticspodcast,left,138,8,11,0,-0.4922,1.4876
epstein_broad,war_broad,@RestPoliticsUS,left,185,6,25,0,-0.7634,1.4831
epstein_broad,war_broad,@thehill,neutral,4535,151,526,6,-1.1036,0.4036
epstein_broad,war_broad,@AfterPartyEmily,right,464,13,12,0,0.2641,1.4685
epstein_broad,war_broad,@TheAdamCarollaShow1,right,372,6,6,0,1.4507,1.5200
epstein_broad,war_broad,@RedactedNews,right,560,41,104,2,-1.3556,0.6614
epstein_broad,war_broad,@chicksonright,right,620,13,16,0,0.2835,1.4616
epstein_broad,war_broad,@AndWeKnowOfficial-o9b,right,184,6,7,0,0.5647,1.5143
epstein_broad,war_broad,@RSBN,right,1803,6,30,0,1.4946,1.4789
epstein_broad,war_broad,@RealAmericasVoice,right,3867,99,576,5,-1.1220,0.4410
epstein_broad,war_broad,@NewsmaxTV,right,4115,85,139,0,-1.8132,1.4210
epstein_broad,war_broad,@oann,right,2037,11,109,0,-0.2726,1.4480
epstein_broad,war_broad,@FoxNews,right,8181,42,635,0,-1.9738,1.4231
epstein_broad,war_broad,@FoxNewsChannelClips,right,5417,16,179,0,-0.1260,1.4375
epstein_broad,war_broad,@NBCNews,neutral,5081,86,325,0,-2.4896,1.4195
epstein_broad,war_broad,@CNN,left,1731,62,246,2,-1.4233,0.6491
epstein_broad,war_broad,@ABCNews,neutral,6772,97,531,0,-2.8254,1.4186
epstein_broad,war_broad,@CBSNews,neutral,8302,171,886,3,-1.7695,0.5412
epstein_broad,war_broad,@NewsNation,neutral,7161,105,491,5,-0.3023,0.4404
epstein_broad,war_broad,@Reuters,neutral,9577,79,834,0,-2.7287,1.4191
epstein_broad,war_broad,@BBCNews,neutral,2352,46,368,0,-2.8724,1.4229
epstein_broad,war_broad,@aljazeeraenglish,left,6641,21,1579,1,-1.4535,0.8463
epstein_broad,war_broad,@AssociatedPress,neutral,6359,90,768,0,-3.2302,1.4186
epstein_broad,war_broad,@markets,neutral,7511,12,811,0,-1.1096,1.4427
epstein_broad,war_broad,@USATODAY,neutral,2531,55,317,1,-1.6720,0.8298
epstein_broad,war_broad,@TheDailyBeast,left,328,30,16,3,0.9901,0.6322
epstein_broad,war_broad,@Forbes,neutral,1199,9,27,0,0.8006,1.4637
epstein_broad,war_broad,@nypost,right,6134,77,590,0,-2.8178,1.4194
epstein_broad,war_broad,@fightbackpodcast,right,606,56,19,3,0.7511,0.6057
epstein_broad,war_broad,@ThePodcastoftheLotusEaters,right,722,11,14,0,0.7379,1.4688
epstein_broad,war_broad,@VivaFrei,right,359,15,17,2,1.3703,0.7360
epstein_broad,war_broad,@RobertGouveiaEsq,right,1021,13,42,0,-0.1717,1.4487
epstein_broad,war_broad,@HasanReactionsfanTwo,left,319,10,18,0,-0.2873,1.4672
epstein_broad,war_broad,@HasanabiClips,left,500,17,56,2,0.2399,0.6966
epstein_broad,war_broad,@BadEmpanadaLive,left,275,13,10,0,-0.1158,1.4742
epstein_broad,war_broad,@franifio,left,331,6,14,0,0.5023,1.4920
epstein_broad,war_broad,@NickCruseRBN,left,122,8,24,2,0.4582,0.7804
epstein_broad,war_broad,@Forthepeoplepodcast305,left,155,8,22,0,-1.1144,1.4731
epstein_broad,war_broad,@Politicon,left,465,11,74,0,-1.5048,1.4502
epstein_broad,war_broad,@OwenReport,left,535,35,91,1,-1.6235,0.8421
epstein_broad,war_broad,@JillianMichaels,right,437,12,13,1,1.4620,0.9144
epstein_broad,war_broad,@ANINewsIndia,neutral,18776,60,1528,3,-0.3769,0.5512
epstein_broad,war_broad,@SkyNews,left,5168,85,638,0,-3.2011,1.4190
epstein_broad,war_broad,@NYTPodcasts,left,450,14,49,2,0.4947,0.7097
epstein_broad,war_broad,@timesofindia,left,11244,280,3245,6,-2.8740,0.3974
epstein_broad,war_broad,@Firstpost,neutral,18033,69,4426,1,-2.7031,0.8256
epstein_broad,war_broad,@TimesNowWorld,neutral,11284,168,3241,4,-2.7094,0.4783
epstein_broad,war_broad,https://rumble.com/c/russellbrand,right,257,5,9,0,0.8459,1.5137
epstein_broad,war_broad,https://rumble.com/c/nickjfuentes,right,305,6,69,0,-1.3660,1.4740
epstein_broad,war_broad,https://rumble.com/c/TheAlexJonesShowLive,right,415,5,67,0,-0.7708,1.4831
