phrase,word_a,word_b,gap,titles,channels,npmi,bound_pair
white house,white,house,0,3552,149,0.8426,True
strait of hormuz,strait,hormuz,1,2421,106,0.8117,False
world cup,world,cup,0,2200,113,0.7057,False
supreme court,supreme,court,0,1927,136,0.8253,True
jd vance,jd,vance,0,1483,130,0.877,True
middle east,middle,east,0,1471,95,0.9566,True
epstein files,epstein,files,0,1395,148,0.6795,False
press conference,press,conference,0,1324,65,0.777,False
charlie kirk,charlie,kirk,0,1145,117,0.9144,True
lindsay clancy,lindsay,clancy,0,1101,94,0.9606,True
nancy guthrie,nancy,guthrie,0,1053,39,0.877,True
artemis ii,artemis,ii,0,931,44,0.966,True
lindsey graham,lindsey,graham,0,865,127,0.8396,True
let talk,let,talk,0,784,13,0.8019,True
elon musk,elon,musk,0,781,113,0.9227,True
pete hegseth,pete,hegseth,0,702,92,0.7744,False
kristi noem,kristi,noem,0,675,106,0.9216,True
prime minister,prime,minister,0,670,58,0.744,False
pam bondi,pam,bondi,0,668,113,0.9077,True
marco rubio,marco,rubio,0,644,85,0.8336,False
todd blanche,todd,blanche,0,638,69,0.8833,True
social media,social,media,0,615,99,0.7198,False
kash patel,kash,patel,0,583,92,0.9435,True
keir starmer,keir,starmer,0,562,58,0.8342,False
candace owens,candace,owens,0,562,77,0.94,True
air force,air,force,0,530,59,0.665,False
tucker carlson,tucker,carlson,0,525,111,0.9084,True
karoline leavitt,karoline,leavitt,0,521,64,0.9105,True
pope leo,pope,leo,0,518,57,0.9321,True
saudi arabia,saudi,arabia,0,514,53,0.8673,False
supreme leader,supreme,leader,0,511,50,0.5413,False
don lemon,don,lemon,0,509,113,0.9594,True
gas prices,gas,prices,0,493,75,0.6773,False
ilhan omar,ilhan,omar,0,478,87,0.9563,True
king charles,king,charles,0,477,58,0.8629,False
zohran mamdani,zohran,mamdani,0,475,87,0.7398,False
rfk jr,rfk,jr,0,456,84,0.9109,True
graham platner,graham,platner,0,455,101,0.713,False
birthright citizenship,birthright,citizenship,0,444,94,0.9394,True
alex pretti,alex,pretti,0,441,91,0.8277,False
press briefing,press,briefing,0,440,30,0.54,False
xi jinping,xi,jinping,0,433,37,0.8136,False
tyler robinson,tyler,robinson,0,431,61,0.9117,True
karmelo anthony,karmelo,anthony,0,417,71,0.9349,True
correspondents dinner,correspondents,dinner,0,415,60,0.8878,True
nolan wells,nolan,wells,0,411,32,0.9698,True
hasan piker,hasan,piker,0,410,106,0.8761,False
need to know,need,know,1,409,48,0.6273,False
reflecting pool,reflecting,pool,0,401,66,0.9297,True
gavin newsom,gavin,newsom,0,386,101,0.8801,False
abdul el-sayed,abdul,el-sayed,0,369,86,0.9008,True
goes viral,goes,viral,0,367,64,0.5384,False
steve bannon,steve,bannon,0,362,31,0.7252,False
tel aviv,tel,aviv,0,362,33,0.9996,True
clancy trial,clancy,trial,0,361,49,0.5777,False
megyn kelly,megyn,kelly,0,360,57,0.8738,False
south africa,south,africa,0,356,27,0.5542,False
tim walz,tim,walz,0,348,69,0.7531,False
murder trial,murder,trial,0,347,36,0.5485,False
erika kirk,erika,kirk,0,344,73,0.749,False
spencer pratt,spencer,pratt,0,330,72,0.9593,True
joe rogan,joe,rogan,0,327,83,0.7767,False
andy burnham,andy,burnham,0,321,31,0.8781,True
hillary clinton,hillary,clinton,0,317,67,0.8582,False
save act,save,act,0,314,64,0.6021,False
reality check,reality,check,0,312,49,0.8049,False
west bank,west,bank,0,312,42,0.6192,False
jack smith,jack,smith,0,311,51,0.7531,False
wall street,wall,street,0,303,49,0.8283,True
data centers,data,centers,0,303,87,0.7865,False
south korea,south,korea,0,301,33,0.6541,False
north korea,north,korea,0,299,46,0.7708,False
attorney general,attorney,general,0,296,55,0.6837,False
delivers remarks,delivers,remarks,0,295,20,0.6438,False
house correspondents,house,correspondents,0,289,51,0.5035,False
winter storm,winter,storm,0,287,33,0.7277,False
savannah guthrie,savannah,guthrie,0,283,33,0.7176,False
board of peace,board,peace,1,282,47,0.5901,False
death toll,death,toll,0,279,37,0.654,False
piers morgan,piers,morgan,0,277,54,0.9504,True
regime change,regime,change,0,273,73,0.6209,False
super bowl,super,bowl,0,270,80,0.9225,True
ben shapiro,ben,shapiro,0,268,60,0.7288,False
tulsi gabbard,tulsi,gabbard,0,268,74,0.9211,True
fed chair,fed,chair,0,267,40,0.6936,False
tom homan,tom,homan,0,264,52,0.8405,False
ii crew,ii,crew,0,262,28,0.6853,False
joe kent,joe,kent,0,257,66,0.7624,False
york city,york,city,0,257,41,0.5803,False
south carolina,south,carolina,0,256,40,0.6931,False
fox host,fox,host,0,254,24,0.5631,False
stephen miller,stephen,miller,0,254,57,0.779,False
dhs funding,dhs,funding,0,253,31,0.5703,False
secret service,secret,service,0,252,56,0.5529,False
alex jones,alex,jones,0,252,62,0.7018,False
epic fury,epic,fury,0,251,36,0.8031,False
markwayne mullin,markwayne,mullin,0,251,36,0.9111,True
renee good,renee,good,0,251,67,0.7786,False
breaks silence,breaks,silence,0,246,52,0.6166,False
real reason,real,reason,0,246,89,0.634,False
border patrol,border,patrol,0,240,55,0.7507,False
dolly parton,dolly,parton,0,240,65,0.9811,True
red sea,red,sea,0,238,30,0.5904,False
falls apart,falls,apart,0,237,49,0.7471,False
brics summit,brics,summit,0,236,10,0.5448,False
maduro capture,maduro,capture,0,236,38,0.626,False
mitch mcconnell,mitch,mcconnell,0,233,63,0.9027,True
luigi mangione,luigi,mangione,0,232,43,0.9483,True
democratic party,democratic,party,0,231,62,0.518,False
data center,data,center,0,230,65,0.5661,False
united states,united,states,0,230,57,0.712,False
mark carney,mark,carney,0,230,29,0.6236,False
bad bunny,bad,bunny,0,228,83,0.7663,False
ken paxton,ken,paxton,0,227,45,0.8834,True
mike johnson,mike,johnson,0,226,44,0.6072,False
ro khanna,ro,khanna,0,226,63,0.9713,True
jesse jackson,jesse,jackson,0,226,46,0.6973,False
sounds alarm,sounds,alarm,0,224,38,0.7929,False
th anniversary,th,anniversary,0,224,45,0.6111,False
breaks loose,breaks,loose,0,222,18,0.7039,False
jack posobiec,jack,posobiec,0,221,14,0.8008,False
kennedy center,kennedy,center,0,220,45,0.6741,False
plane crash,plane,crash,0,218,31,0.6257,False
hell breaks,hell,breaks,0,218,17,0.5604,False
foreign ministry,foreign,ministry,0,215,13,0.6942,False
scott bessent,scott,bessent,0,215,42,0.6684,False
oval office,oval,office,0,213,47,0.8057,False
nick shirley,nick,shirley,0,212,71,0.8478,False
james talarico,james,talarico,0,209,63,0.6983,False
kevin warsh,kevin,warsh,0,209,32,0.7949,False
cruise ship,cruise,ship,0,208,32,0.7189,False
los angeles,los,angeles,0,203,43,0.9919,True
thomas massie,thomas,massie,0,202,62,0.8191,False
nyc mayor,nyc,mayor,0,195,40,0.504,False
hakeem jeffries,hakeem,jeffries,0,195,55,0.9115,True
justice department,justice,department,0,194,29,0.7199,False
red line,red,line,0,193,43,0.5656,False
eric swalwell,eric,swalwell,0,193,59,0.7588,False
foreign policy,foreign,policy,0,193,53,0.5638,False
rand paul,rand,paul,0,192,46,0.8715,False
hunter biden,hunter,biden,0,191,71,0.7549,False
ted cruz,ted,cruz,0,189,50,0.9167,True
ebola outbreak,ebola,outbreak,0,189,32,0.7252,False
nick fuentes,nick,fuentes,0,188,52,0.8186,False
kamala harris,kamala,harris,0,187,57,0.8334,False
federal agents,federal,agents,0,187,38,0.5034,False
cabinet meeting,cabinet,meeting,0,186,37,0.5337,False
mojtaba khamenei,mojtaba,khamenei,0,186,20,0.676,False
prince andrew,prince,andrew,0,184,60,0.6372,False
capitol hill,capitol,hill,0,184,36,0.662,False
bernie sanders,bernie,sanders,0,183,54,0.9166,True
operation epic,operation,epic,0,182,32,0.6228,False
voting rights,voting,rights,0,181,53,0.6401,False
kim jong,kim,jong,0,180,28,0.9045,True
moon mission,moon,mission,0,179,25,0.5996,False
slush fund,slush,fund,0,179,47,0.8132,False
kharg island,kharg,island,0,179,38,0.8147,False
mark levin,mark,levin,0,178,29,0.6823,False
security council,security,council,0,178,17,0.5547,False
kyle kulinski,kyle,kulinski,0,178,20,0.927,True
fighter jet,fighter,jet,0,178,42,0.7083,False
leo xiv,leo,xiv,0,176,22,0.8457,False
ufo files,ufo,files,0,175,41,0.5282,False
executive order,executive,order,0,174,42,0.6703,False
jasmine crockett,jasmine,crockett,0,174,60,0.9326,True
economic forum,economic,forum,0,173,32,0.6405,False
assassination attempt,assassination,attempt,0,173,72,0.7173,False
government shutdown,government,shutdown,0,173,38,0.5048,False
san diego,san,diego,0,173,40,0.9014,True
uss lincoln,uss,lincoln,0,173,34,0.7884,False
law enforcement,law,enforcement,0,171,39,0.6758,False
federal reserve,federal,reserve,0,166,39,0.6823,False
vp vance,vp,vance,0,164,22,0.5159,False
southern lebanon,southern,lebanon,0,164,21,0.5405,False
won't believe,won't,believe,0,162,33,0.5617,False
laura ingraham,laura,ingraham,0,162,14,0.9091,True
fighter jets,fighter,jets,0,160,25,0.7299,False
jeffrey sachs,jeffrey,sachs,0,159,17,0.8363,False
turning point,turning,point,0,158,55,0.6596,False
confirmation hearing,confirmation,hearing,0,156,33,0.5787,False
glenn beck,glenn,beck,0,155,26,0.8804,False
sources say,sources,say,0,154,10,0.6299,False
jimmy kimmel,jimmy,kimmel,0,154,53,0.8522,True
ballistic missiles,ballistic,missiles,0,152,24,0.5825,False
khamenei funeral,khamenei,funeral,0,152,18,0.5595,False
union address,union,address,0,151,47,0.5197,False
holy sh,holy,sh,0,149,16,0.7325,False
red carpet,red,carpet,0,149,20,0.6752,False
stephen a smith,stephen,smith,1,148,38,0.6109,False
washington dc,washington,dc,0,147,29,0.5408,False
larry johnson,larry,johnson,0,145,10,0.698,False
nepal floods,nepal,floods,0,144,17,0.5974,False
th amendment,th,amendment,0,144,51,0.581,False
homeland security,homeland,security,0,144,33,0.6034,False
protests erupt,protests,erupt,0,143,39,0.5414,False
voter id,voter,id,0,143,43,0.7452,False
charles iii,charles,iii,0,139,23,0.74,False
darline graham,darline,graham,0,138,31,0.661,False
nigel farage,nigel,farage,0,138,28,0.9148,True
naval blockade,naval,blockade,0,137,30,0.5887,False
anti-weaponization fund,anti-weaponization,fund,0,137,23,0.7814,False
mental health,mental,health,0,136,48,0.6073,False
tiger woods,tiger,woods,0,135,27,0.9327,True
natalie harp,natalie,harp,0,134,42,0.9087,True
death penalty,death,penalty,0,133,42,0.6283,False
scott jennings,scott,jennings,0,133,35,0.7454,False
tim pool,tim,pool,0,131,40,0.5403,False
prince harry,prince,harry,0,131,20,0.7123,False
pleads guilty,pleads,guilty,0,131,43,0.6642,False
midterm convention,midterm,convention,0,129,29,0.6205,False
ali khamenei,ali,khamenei,0,129,25,0.5905,False
service members,service,members,0,129,29,0.5458,False
ballistic missile,ballistic,missile,0,128,18,0.5079,False
bilateral meeting,bilateral,meeting,0,127,14,0.5165,False
andrew wilson,andrew,wilson,0,127,36,0.6449,False
dr oz,dr,oz,0,126,35,0.667,False
jim jordan,jim,jordan,0,126,29,0.6722,False
years later,years,later,0,126,53,0.5956,False
high alert,high,alert,0,125,15,0.5252,False
fulton county,fulton,county,0,125,23,0.8706,False
flash floods,flash,floods,0,124,16,0.7094,False
jeanine pirro,jeanine,pirro,0,124,30,0.9386,True
nba finals,nba,finals,0,124,41,0.8501,False
mark rutte,mark,rutte,0,123,16,0.5973,False
andrew tate,andrew,tate,0,122,49,0.6434,False
ghislaine maxwell,ghislaine,maxwell,0,122,44,0.893,True
dave rubin,dave,rubin,0,121,29,0.8586,False
insurrection act,insurrection,act,0,120,52,0.6388,False
caught lying,caught,lying,0,120,52,0.5155,False
jared kushner,jared,kushner,0,120,51,0.8363,False
winter olympics,winter,olympics,0,119,24,0.6793,False
german chancellor,german,chancellor,0,119,19,0.7938,False
border czar,border,czar,0,118,29,0.6721,False
civil rights,civil,rights,0,118,43,0.5966,False
marjorie taylor,marjorie,taylor,0,118,42,0.7714,False
taylor swift,taylor,swift,0,118,32,0.8191,False
jerome powell,jerome,powell,0,118,38,0.8684,False
laura loomer,laura,loomer,0,117,40,0.854,False
michael knowles,michael,knowles,0,117,29,0.7267,False
john bolton,john,bolton,0,116,37,0.6701,False
magnitude earthquake,magnitude,earthquake,0,116,16,0.7291,False
abraham lincoln,abraham,lincoln,0,116,28,0.8108,False
medal of honor,medal,honor,1,115,29,0.7911,False
taylor greene,taylor,greene,0,115,42,0.7927,False
vladimir putin,vladimir,putin,0,114,19,0.5539,False
pays tribute,pays,tribute,0,114,19,0.7763,False
henry nowak,henry,nowak,0,113,38,0.9171,True
spirit airlines,spirit,airlines,0,113,40,0.8214,False
jill biden,jill,biden,0,113,35,0.712,False
steve hilton,steve,hilton,0,113,34,0.6521,False
adam carolla,adam,carolla,0,111,19,0.8258,False
james comey,james,comey,0,111,39,0.6204,False
th birthday,th,birthday,0,111,35,0.5464,False
michelle obama,michelle,obama,0,110,47,0.6954,False
lake ontario,lake,ontario,0,109,37,0.8375,False
coast guard,coast,guard,0,109,29,0.6733,False
guthrie disappearance,guthrie,disappearance,0,109,18,0.5617,False
north carolina,north,carolina,0,108,31,0.61,False
michigan synagogue,michigan,synagogue,0,107,24,0.6921,False
el mencho,el,mencho,0,105,34,0.8594,False
jon ossoff,jon,ossoff,0,104,37,0.7895,False
human rights,human,rights,0,103,25,0.5615,False
ii astronauts,ii,astronauts,0,103,23,0.5789,False
uss abraham,uss,abraham,0,103,26,0.7728,False
caught on camera,caught,camera,1,102,40,0.5154,False
queen camilla,queen,camilla,0,102,23,0.9044,False
hantavirus outbreak,hantavirus,outbreak,0,101,28,0.5976,False
election integrity,election,integrity,0,101,34,0.5317,False
mike lindell,mike,lindell,0,101,17,0.6923,False
tensions escalate,tensions,escalate,0,100,17,0.528,False
project freedom,project,freedom,0,100,32,0.5533,False
climate change,climate,change,0,100,43,0.5759,False
jon stewart,jon,stewart,0,100,33,0.8229,False
dan bongino,dan,bongino,0,100,31,0.7749,False
tommy robinson,tommy,robinson,0,99,26,0.7301,False
looks like,looks,like,0,99,52,0.5095,False
mehdi hasan,mehdi,hasan,0,99,34,0.6745,False
jesse watters,jesse,watters,0,99,25,0.5864,False
toll rises,toll,rises,0,98,19,0.6662,False
john fetterman,john,fetterman,0,98,41,0.5525,False
shots fired,shots,fired,0,97,44,0.6201,False
pleads not guilty,pleads,guilty,1,97,30,0.6014,False
treasury secretary,treasury,secretary,0,97,31,0.5462,False
stark warning,stark,warning,0,96,21,0.5661,False
trump-xi summit,trump-xi,summit,0,96,20,0.5354,False
abu dhabi,abu,dhabi,0,96,11,0.9805,True
sam altman,sam,altman,0,96,35,0.7971,False
las vegas,las,vegas,0,95,32,0.9528,True
spacex ipo,spacex,ipo,0,94,28,0.6319,False
nancy mace,nancy,mace,0,94,33,0.6396,False
chuck schumer,chuck,schumer,0,94,35,0.8004,False
james carville,james,carville,0,94,26,0.6884,False
times square,times,square,0,94,26,0.5003,False
nepal flood,nepal,flood,0,93,17,0.5136,False
mass deportations,mass,deportations,0,93,29,0.6031,False
signs executive,signs,executive,0,93,19,0.6098,False
foreign ministers,foreign,ministers,0,93,11,0.5452,False
crown prince,crown,prince,0,93,25,0.7378,False
ground invasion,ground,invasion,0,93,37,0.5067,False
falling apart,falling,apart,0,92,56,0.6489,False
bari weiss,bari,weiss,0,92,31,0.9676,True
tear gas,tear,gas,0,92,18,0.6139,False
media addiction,media,addiction,0,92,27,0.507,False
flash flood,flash,flood,0,91,17,0.6469,False
sexual assault,sexual,assault,0,91,22,0.6891,False
missile barrage,missile,barrage,0,89,12,0.5184,False
hong kong,hong,kong,0,89,17,0.9097,False
town hall,town,hall,0,88,43,0.6952,False
stock market,stock,market,0,88,32,0.5522,False
warner bros,warner,bros,0,87,22,0.8587,True
kid rock,kid,rock,0,87,35,0.7269,False
insider trading,insider,trading,0,86,46,0.7608,False
trita parsi,trita,parsi,0,86,20,0.9944,True
space station,space,station,0,86,17,0.6328,False
james comer,james,comer,0,86,18,0.6363,False
flock cameras,flock,cameras,0,85,43,0.7723,False
iron dome,iron,dome,0,85,17,0.8862,True
stephen colbert,stephen,colbert,0,85,37,0.6503,False
speaker johnson,speaker,johnson,0,85,22,0.5731,False
partial government,partial,government,0,84,16,0.5615,False
right wing,right,wing,0,84,36,0.5759,False
solar eclipse,solar,eclipse,0,84,17,0.897,True
delaney hall,delaney,hall,0,82,27,0.8389,False
victor davis,victor,davis,0,82,14,0.7847,False
ransom note,ransom,note,0,82,15,0.7749,False
karen bass,karen,bass,0,82,31,0.8305,False
davis hanson,davis,hanson,0,82,14,0.8205,False
israeli settlers,israeli,settlers,0,81,29,0.5495,False
detention center,detention,center,0,81,25,0.5329,False
south korean,south,korean,0,81,14,0.5511,False
power plants,power,plants,0,81,27,0.5266,False
rude awakening,rude,awakening,0,81,12,0.954,True
dire warning,dire,warning,0,81,25,0.5256,False
aircraft carrier,aircraft,carrier,0,81,27,0.684,False
en route,en,route,0,81,14,0.8638,False
sophie cunningham,sophie,cunningham,0,80,34,0.9611,True
benjamin netanyahu,benjamin,netanyahu,0,80,29,0.563,False
preliminary hearing,preliminary,hearing,0,80,22,0.5618,False
nicol s maduro,nicol,maduro,1,80,25,0.6431,False
peter mandelson,peter,mandelson,0,79,15,0.6172,False
powers resolution,powers,resolution,0,79,25,0.7227,False
explosions rock,explosions,rock,0,79,10,0.6339,False
hayden panettiere,hayden,panettiere,0,79,23,0.9796,True
dark past,dark,past,0,79,10,0.5596,False
nicolas maduro,nicolas,maduro,0,79,27,0.6157,False
task force,task,force,0,79,28,0.6411,False
lady melania,lady,melania,0,79,19,0.5688,False
tupac shakur,tupac,shakur,0,78,17,0.8878,False
peace prize,peace,prize,0,78,33,0.5059,False
joy reid,joy,reid,0,78,26,0.8575,False
sharia law,sharia,law,0,78,24,0.6213,False
democratic socialists,democratic,socialists,0,78,33,0.5603,False
economic d-day,economic,d-day,0,78,36,0.6023,False
extreme heat,extreme,heat,0,77,20,0.6446,False
chris cuomo,chris,cuomo,0,77,14,0.5521,False
jean carroll,jean,carroll,0,76,35,0.9547,True
second term,second,term,0,76,26,0.5283,False
grand prix,grand,prix,0,76,25,0.7871,False
colombia earthquake,colombia,earthquake,0,74,16,0.5349,False
sparks outrage,sparks,outrage,0,74,29,0.5076,False
mail-in voting,mail-in,voting,0,74,25,0.6213,False
matt walsh,matt,walsh,0,74,26,0.7616,False
howard lutnick,howard,lutnick,0,74,29,0.849,False
panic mode,panic,mode,0,73,42,0.5464,False
illegal immigrant,illegal,immigrant,0,73,26,0.5781,False
sri lanka,sri,lanka,0,73,10,0.955,True
laguardia airport,laguardia,airport,0,73,20,0.6203,False
john mearsheimer,john,mearsheimer,0,73,16,0.6484,False
byron donalds,byron,donalds,0,73,26,0.9482,True
immigration enforcement,immigration,enforcement,0,73,26,0.5049,False
satellite images,satellite,images,0,73,15,0.7586,False
jim acosta,jim,acosta,0,72,12,0.7811,False
shadow fleet,shadow,fleet,0,72,15,0.713,False
san francisco,san,francisco,0,71,29,0.8295,False
heat wave,heat,wave,0,71,28,0.569,False
jeff bezos,jeff,bezos,0,70,39,0.8261,False
kemi badenoch,kemi,badenoch,0,70,11,0.924,True
emmanuel macron,emmanuel,macron,0,69,10,0.6911,False
alex murdaugh,alex,murdaugh,0,69,17,0.6113,False
fans celebrate,fans,celebrate,0,69,11,0.5066,False
dave smith,dave,smith,0,69,26,0.5357,False
illegal immigrants,illegal,immigrants,0,69,26,0.5499,False
details emerge,details,emerge,0,68,26,0.5035,False
ron johnson,ron,johnson,0,68,17,0.5829,False
sanae takaichi,sanae,takaichi,0,68,11,0.8825,False
birth tourism,birth,tourism,0,68,23,0.7564,False
john cornyn,john,cornyn,0,68,23,0.5446,False
tina peters,tina,peters,0,68,10,0.9158,True
graham sister,graham,sister,0,68,34,0.5141,False
grand jury,grand,jury,0,67,23,0.5317,False
conspiracy theories,conspiracy,theories,0,67,41,0.7788,False
backfires spectacularly,backfires,spectacularly,0,67,10,0.6551,False
palm beach,palm,beach,0,67,19,0.7784,False
george floyd,george,floyd,0,67,33,0.8059,False
takes aim,takes,aim,0,66,26,0.5569,False
st petersburg,st,petersburg,0,66,17,0.7581,False
heavy rain,heavy,rain,0,66,13,0.6338,False
blake lively,blake,lively,0,66,13,0.9461,True
rev jesse,rev,jesse,0,65,20,0.6064,False
humanoid robots,humanoid,robots,0,65,19,0.7996,False
haley stevens,haley,stevens,0,65,28,0.9288,True
cory booker,cory,booker,0,65,28,0.9185,True
ana kasparian,ana,kasparian,0,64,28,0.8925,False
prices soar,prices,soar,0,64,33,0.5048,False
deadline looms,deadline,looms,0,64,23,0.5635,False
cargo ship,cargo,ship,0,64,20,0.5478,False
common sense,common,sense,0,64,28,0.7975,False
illegal aliens,illegal,aliens,0,64,19,0.5284,False
jensen huang,jensen,huang,0,63,12,0.9574,True
ex-fbi agent,ex-fbi,agent,0,63,12,0.6571,False
united nations,united,nations,0,63,16,0.5494,False
virginia redistricting,virginia,redistricting,0,63,25,0.5274,False
matt gaetz,matt,gaetz,0,63,11,0.7872,False
met gala,met,gala,0,62,30,0.7794,False
closing arguments,closing,arguments,0,62,16,0.6517,False
humanoid robot,humanoid,robot,0,62,14,0.7412,False
years ago,years,ago,0,61,37,0.5487,False
francesca hong,francesca,hong,0,61,31,0.8321,False
soccer team,soccer,team,0,61,19,0.5193,False
jay clayton,jay,clayton,0,61,16,0.7848,False
dignified transfer,dignified,transfer,0,61,22,0.9217,True
pay tribute,pay,tribute,0,61,11,0.5044,False
critical minerals,critical,minerals,0,60,15,0.7195,False
ra l castro,ra,castro,1,60,18,0.8711,False
blue origin,blue,origin,0,60,21,0.7265,False
professor jiang,professor,jiang,0,60,18,0.7651,False
glenn greenwald,glenn,greenwald,0,60,19,0.7596,False
prediction markets,prediction,markets,0,60,24,0.5747,False
executive orders,executive,orders,0,60,23,0.5004,False
issues stark,issues,stark,0,60,14,0.5595,False
ayatollah ali,ayatollah,ali,0,59,16,0.6338,False
lionel messi,lionel,messi,0,59,16,0.8408,False
nasa astronaut,nasa,astronaut,0,59,15,0.5888,False
fatally shot,fatally,shot,0,59,16,0.5883,False
la mayoral,la,mayoral,0,59,26,0.6566,False
mark zuckerberg,mark,zuckerberg,0,59,24,0.5487,False
chip roy,chip,roy,0,59,13,0.7223,False
max miller,max,miller,0,59,25,0.57,False
bowl halftime,bowl,halftime,0,59,38,0.6731,False
randy fine,randy,fine,0,58,26,0.8632,False
czar tom,czar,tom,0,58,18,0.6298,False
jillian michaels,jillian,michaels,0,58,15,0.9751,True
les wexner,les,wexner,0,58,19,0.9498,True
tate brothers,tate,brothers,0,58,35,0.7177,False
mail-in ballots,mail-in,ballots,0,58,30,0.7213,False
approval rating,approval,rating,0,58,24,0.7843,False
cole allen,cole,allen,0,58,21,0.759,False
daily wire,daily,wire,0,57,29,0.6035,False
firefighters battle,firefighters,battle,0,57,10,0.5551,False
rose garden,rose,garden,0,57,16,0.8187,False
susan collins,susan,collins,0,57,23,0.7987,False
medicaid fraud,medicaid,fraud,0,57,20,0.5014,False
whca dinner,whca,dinner,0,57,14,0.6529,False
instantly regrets,instantly,regrets,0,57,18,0.6715,False
kyle busch,kyle,busch,0,57,17,0.798,False
delcy rodriguez,delcy,rodriguez,0,57,14,0.8712,True
harry and meghan,harry,meghan,1,57,15,0.6881,False
elizabeth warren,elizabeth,warren,0,57,26,0.6289,False
kevin o'leary,kevin,o'leary,0,57,28,0.7324,False
ethan klein,ethan,klein,0,57,13,0.9121,True
ground zero,ground,zero,0,57,25,0.5284,False
gilgo beach,gilgo,beach,0,56,12,0.8064,False
nicki minaj,nicki,minaj,0,56,32,0.9799,True
artificial intelligence,artificial,intelligence,0,56,21,0.7308,False
simple question,simple,question,0,56,25,0.5784,False
billie eilish,billie,eilish,0,56,36,0.9841,True
nancy grace,nancy,grace,0,56,17,0.5651,False
scorched earth,scorched,earth,0,56,29,0.7449,False
tropical storm,tropical,storm,0,55,11,0.6635,False
scott pelley,scott,pelley,0,55,23,0.6632,False
fears grow,fears,grow,0,55,16,0.5143,False
tim dillon,tim,dillon,0,55,15,0.6502,False
year eve,year,eve,0,55,19,0.5689,False
greg bovino,greg,bovino,0,55,26,0.6494,False
brandon gill,brandon,gill,0,55,25,0.7967,False
berlin pride,berlin,pride,0,54,16,0.6533,False
austin metcalf,austin,metcalf,0,54,26,0.8469,False
rescue teams,rescue,teams,0,54,14,0.5418,False
john thune,john,thune,0,54,23,0.539,False
raul castro,raul,castro,0,54,23,0.8595,False
tim cook,tim,cook,0,54,20,0.5523,False
derangement syndrome,derangement,syndrome,0,54,31,0.9098,True
guilty plea,guilty,plea,0,54,16,0.5138,False
exact moment,exact,moment,0,54,11,0.6151,False
hantavirus cruise,hantavirus,cruise,0,53,19,0.526,False
cenk uygur,cenk,uygur,0,53,32,0.8529,False
real estate,real,estate,0,53,24,0.5482,False
van hollen,van,hollen,0,53,20,0.8107,False
lauren boebert,lauren,boebert,0,53,24,0.8416,False
bodycam footage,bodycam,footage,0,52,25,0.5476,False
rudy giuliani,rudy,giuliani,0,52,20,0.9477,True
adam mockler,adam,mockler,0,52,22,0.7536,False
ballroom construction,ballroom,construction,0,52,16,0.5992,False
late night,late,night,0,52,33,0.5205,False
congressional map,congressional,map,0,52,14,0.5705,False
caitlin clark,caitlin,clark,0,52,27,0.8989,False
cape verde,cape,verde,0,51,11,0.9153,True
sex abuse,sex,abuse,0,51,17,0.5805,False
angie nixon,angie,nixon,0,51,25,0.8662,False
jamie raskin,jamie,raskin,0,51,24,0.8517,True
wes moore,wes,moore,0,51,23,0.83,False
credit card,credit,card,0,51,25,0.6456,False
shouting match,shouting,match,0,51,16,0.7469,False
voter rolls,voter,rolls,0,51,21,0.5921,False
finish the job,finish,job,1,51,22,0.587,False
cargo plane,cargo,plane,0,51,17,0.5359,False
rhode island,rhode,island,0,50,20,0.7042,False
ryan grim,ryan,grim,0,50,18,0.7421,False
viktor orb,viktor,orb,0,50,23,0.8254,False
partial shutdown,partial,shutdown,0,50,14,0.5339,False
year-old boy,year-old,boy,0,50,20,0.5738,False
