term,n_titles,degree,strength,betweenness,community
oil,3683,85,175.78196,0.01942,0
hormuz,5008,81,169.73134,0.01573,0
strikes,4953,91,162.50484,0.02209,0
iranian,2870,83,153.19315,0.02152,0
attack,4615,79,142.36461,0.01716,0
strait,2858,58,136.35967,0.00765,0
strait of hormuz,2421,48,117.13277,0.00488,0
israel,6484,63,113.45629,0.01272,0
drone,1770,49,106.90536,0.00506,0
israeli,2212,47,106.25753,0.00709,0
strike,2639,58,104.70328,0.01036,0
missile,1869,53,103.87704,0.01027,0
near,1408,49,101.45032,0.01087,0
missiles,1383,43,93.87122,0.00553,0
ukraine,3957,51,86.82838,0.01416,0
hit,2453,46,85.15073,0.00380,0
saudi,1175,35,85.07575,0.00288,0
red,1407,28,82.87459,0.00449,0
attacks,2675,40,76.33049,0.00594,0
sea,726,27,71.66262,0.00169,0
ceasefire,2359,34,71.01000,0.01033,0
russia,4789,47,70.69609,0.00760,0
ship,877,26,70.26560,0.00370,0
kyiv,1073,29,67.49190,0.00175,0
russian,1870,33,67.05378,0.00296,0
gulf,1172,28,62.99678,0.00090,0
kuwait,508,25,62.73397,0.00112,0
netanyahu,1776,27,62.68308,0.01157,0
putin,3509,37,62.38229,0.00429,0
uae,897,25,62.36049,0.00154,0
navy,881,21,60.16009,0.00377,0
threatens,1734,27,57.40881,0.00292,0
drones,1030,28,56.90478,0.00115,0
lebanon,1706,27,56.55757,0.00417,0
gaza,1300,20,55.55481,0.00107,0
blockade,1140,23,53.72621,0.00119,0
pakistan,1594,21,52.23282,0.00392,0
tanker,456,19,51.74905,0.00072,0
houthis,435,16,49.83584,0.00075,0
warns,2881,25,45.45752,0.00593,0
bases,700,21,43.51908,0.00179,0
targets,1228,23,43.06177,0.00264,0
breaking,4923,26,42.58156,0.00359,0
forces,1120,20,42.55341,0.00164,0
hezbollah,700,19,42.44252,0.00097,0
control,1370,15,40.03489,0.00330,0
explosions,322,14,39.36742,0.00071,0
arabia,518,14,38.46917,0.00024,0
saudi arabia,514,14,38.44104,0.00024,0
jordan,495,16,38.29901,0.00250,0
qatar,437,13,37.87462,0.00037,0
zelenskyy,355,14,37.35921,0.00101,0
announces,1130,21,37.25674,0.00403,0
bahrain,256,13,37.22243,0.00013,0
oman,333,13,36.79488,0.00090,0
houthi,158,10,34.37190,0.00012,0
turkey,464,11,33.95171,0.00056,0
ships,609,14,33.73709,0.00031,0
smoke,312,11,32.79490,0.00110,0
sites,362,15,32.76130,0.00032,0
tankers,293,11,32.67231,0.00007,0
bank,582,9,32.67186,0.00027,0
yemen,280,10,32.12910,0.00005,0
irgc,878,19,31.42286,0.00047,0
facility,373,11,31.32574,0.00119,0
moscow,683,18,31.11818,0.00206,0
pact,151,8,30.73467,0.00011,0
palestinians,271,9,29.58274,0.00035,0
allies,981,13,29.41900,0.00106,0
west,2220,9,28.64275,0.00079,0
unleashes,599,13,28.60991,0.00132,0
island,628,10,27.94777,0.00157,0
help,946,12,27.74982,0.00353,0
beirut,365,10,27.00642,0.00010,0
ukrainian,660,13,26.96839,0.00011,0
red sea,238,8,26.89152,0.00003,0
traffic,232,7,26.60638,0.00047,0
black,1995,12,26.59111,0.00111,0
vows,840,12,26.49406,0.00052,0
aviv,362,11,25.74959,0.00011,0
tel aviv,362,11,25.74959,0.00011,0
tel,363,11,25.73403,0.00011,0
west bank,312,7,25.51065,0.00008,0
refinery,187,10,25.46611,0.00012,0
army,1196,11,25.41393,0.00041,0
jerusalem,220,9,24.89916,0.00013,0
southern,480,8,24.38289,0.00053,0
plant,274,9,24.28107,0.00028,0
indian,1157,10,23.97075,0.00130,0
response,871,10,23.61402,0.00083,0
erdogan,148,7,22.97669,0.00019,0
settler,105,6,22.96166,0.00002,0
vessel,229,8,22.37056,0.00013,0
ballistic,384,9,22.11998,0.00054,0
overnight,212,8,21.99472,0.00002,0
bomb,822,9,21.88600,0.00141,0
sirens,102,6,21.82416,0.00000,0
settlers,116,5,21.61781,0.00000,0
soldiers,499,8,21.60892,0.00028,0
palestinian,332,7,21.17621,0.00009,0
cluster,125,6,20.90511,0.00000,0
idf,437,7,20.85281,0.00007,0
zelensky,1023,13,20.70518,0.00048,0
barrage,204,8,20.40823,0.00003,0
seizes,239,6,20.17631,0.00000,0
central,294,6,20.15743,0.00271,0
airstrikes,203,6,19.93467,0.00032,0
open,1114,6,19.81667,0.00057,0
capital,325,8,19.10067,0.00003,0
secure,198,6,18.51771,0.00065,0
hell,676,5,17.81289,0.00342,0
rock,385,6,17.77807,0.00043,0
draws,239,3,17.57350,0.00004,0
loses,1231,5,17.47584,0.00126,0
deep,503,6,16.68799,0.00032,0
jewish,277,4,16.04537,0.00018,0
dubai,311,6,15.73104,0.00002,0
shipping,237,5,15.70088,0.00003,0
reopen,182,5,15.42995,0.00000,0
activists,291,5,15.04540,0.00007,0
soldier,242,4,15.01276,0.00007,0
nations,386,5,15.01097,0.00022,0
join,445,5,15.00597,0.00006,0
warship,248,5,14.83864,0.00002,0
port,283,5,14.76766,0.00006,0
ankara,159,6,14.60677,0.00019,0
shadow,237,5,14.60536,0.00045,0
retaliation,311,6,14.54253,0.00014,0
aid,450,6,14.43115,0.00040,0
fleet,234,5,14.41859,0.00005,0
naval,377,5,14.41232,0.00004,0
afghanistan,224,3,14.34505,0.00036,0
bombs,687,8,14.22410,0.00034,0
fragile,165,5,14.05785,0.00019,0
board of peace,282,5,13.93072,0.00009,0
hamas,191,5,13.91755,0.00017,0
states,905,4,13.70729,0.00012,0
flotilla,112,4,13.69603,0.00000,0
hard,528,6,13.12194,0.00116,0
reopening,113,4,13.07843,0.00000,0
veteran,297,4,12.69630,0.00039,0
mind,337,4,12.54892,0.00007,0
vessels,165,4,12.52166,0.00001,0
warships,278,5,12.38142,0.00006,0
alert,645,6,12.33287,0.00011,0
sign,375,3,12.23845,0.00003,0
kenya,213,3,12.20948,0.00002,0
opec,105,3,12.17749,0.00033,0
countries,383,5,12.15639,0.00000,0
line,623,3,11.93691,0.00004,0
closed,222,3,11.51135,0.00000,0
submarine,103,3,11.50661,0.00002,0
mines,117,3,11.22670,0.00000,0
ocean,112,2,11.02919,0.00036,0
benjamin,127,3,10.86145,0.00000,0
united,451,2,10.82030,0.00000,0
london,432,4,10.72926,0.00018,0
target,650,6,10.67558,0.00035,0
despite,807,7,10.64256,0.00014,0
seize,186,3,10.45009,0.00001,0
closure,131,3,10.43887,0.00000,0
patriot,332,4,10.19593,0.00007,0
ballistic missile,128,4,10.15790,0.00001,0
closes,182,3,9.96425,0.00000,0
completely,488,4,9.90853,0.00016,0
remains,320,4,9.90230,0.00008,0
hypersonic,111,3,9.74362,0.00000,0
ambassador,397,4,9.38305,0.00038,0
pauses,111,4,9.26792,0.00032,0
kremlin,264,5,9.24417,0.00002,0
project,456,4,9.05735,0.00002,0
cross,156,2,9.02474,0.00002,0
linked,256,3,8.93919,0.00000,0
direct,305,4,8.80739,0.00027,0
project freedom,100,4,8.76976,0.00024,0
community,348,3,8.64741,0.00000,0
hell breaks,218,2,8.62359,0.00000,0
southern lebanon,164,3,8.49471,0.00000,0
loose,250,2,8.46984,0.00117,0
breaks loose,222,2,8.45741,0.00117,0
seized,157,2,8.37323,0.00000,0
lost,829,3,8.36651,0.00013,0
grip,142,2,8.28777,0.00000,0
red line,193,2,8.23807,0.00001,0
turkish,101,2,8.20841,0.00000,0
truce,250,3,8.14167,0.00001,0
tightens,104,2,8.11706,0.00000,0
revenge,530,3,8.00470,0.00001,0
strategic,347,2,7.71374,0.00036,0
asia,1097,4,7.28685,0.00016,0
region,270,4,7.28081,0.00000,0
shut,454,3,7.12242,0.00000,0
doha,115,2,7.04261,0.00000,0
losing,654,3,6.96763,0.00061,0
vladimir putin,114,2,6.91976,0.00003,0
ports,149,2,6.91027,0.00000,0
vladimir,120,2,6.88390,0.00003,0
michigan synagogue,107,2,6.71364,0.00000,0
trouble,380,2,6.64808,0.00000,0
consequences,280,2,6.60077,0.00000,0
hub,284,3,6.58968,0.00000,0
hospital,381,2,6.51851,0.00001,0
stops,170,2,6.49850,0.00002,0
extends,161,3,6.43983,0.00020,0
pipeline,141,2,6.40652,0.00000,0
opened,101,2,6.40286,0.00000,0
exit,358,2,6.33520,0.00001,0
cool,114,1,6.14250,0.00000,0
partnership,134,1,5.93445,0.00000,0
pacific,114,1,5.80932,0.00000,0
command,185,1,5.77698,0.00000,0
heard,181,1,5.77346,0.00000,0
reopens,100,2,5.65469,0.00000,0
poland,242,3,5.54147,0.00002,0
following,526,3,5.48136,0.00013,0
boats,126,2,5.32426,0.00000,0
taliban,114,1,5.23416,0.00000,0
belfast,144,2,5.18294,0.00002,0
production,163,2,5.17818,0.00000,0
spirals,236,2,5.16502,0.00004,0
route,216,2,5.09675,0.00000,0
marine,189,1,5.07634,0.00000,0
targeted,447,3,5.05518,0.00001,0
lebanese,142,2,4.99488,0.00000,0
seal,107,1,4.94560,0.00000,0
unleash,122,1,4.91788,0.00000,0
genocide,187,2,4.61701,0.00000,0
tests,219,2,4.61696,0.00000,0
standoff,251,2,4.57614,0.00003,0
surprise,428,2,4.47310,0.00001,0
blown,172,1,4.45818,0.00000,0
kid,178,1,4.43482,0.00000,0
accuses,478,3,4.36389,0.00003,0
threaten,225,1,4.26492,0.00000,0
hunger,101,1,4.24069,0.00000,0
planned,211,2,4.19644,0.00020,0
abu,111,1,4.15986,0.00000,0
territory,182,2,4.11554,0.00004,0
pause,170,2,4.07031,0.00016,0
safe,357,2,3.96276,0.00000,0
us-israel,306,3,3.94940,0.00005,0
flags,274,1,3.92295,0.00000,0
riots,208,2,3.91620,0.00002,0
begs,235,1,3.79980,0.00000,0
sinks,177,1,3.78852,0.00000,0
swarm,111,1,3.78615,0.00000,0
kharg,199,2,3.74229,0.00002,0
tensions escalate,100,2,3.72104,0.00000,0
kharg island,179,2,3.70252,0.00002,0
expands,284,2,3.69912,0.00002,0
weeks,315,2,3.68893,0.00004,0
preparing,205,2,3.62539,0.00004,0
industry,375,2,3.57419,0.00018,0
extend,105,1,3.54851,0.00000,0
israel-lebanon,107,1,3.54136,0.00000,0
arsenal,166,1,3.52343,0.00000,0
banks,146,1,3.49993,0.00000,0
khan,193,1,3.49730,0.00000,0
frontline,184,2,3.37885,0.00000,0
us-israeli,131,2,3.31984,0.00000,0
sri,103,1,3.06155,0.00000,0
halt,176,1,3.05223,0.00000,0
piece,111,1,3.04546,0.00000,0
commercial,108,1,2.98176,0.00000,0
mali,117,1,2.97824,0.00000,0
israelis,189,1,2.94890,0.00000,0
exports,122,1,2.94514,0.00000,0
offensive,157,2,2.92160,0.00000,0
crazy,425,1,2.75345,0.00000,0
strain,103,1,2.69240,0.00000,0
backs,508,2,2.64310,0.00002,0
helping,225,1,2.63146,0.00000,0
bibi,239,1,2.53468,0.00000,0
activist,299,1,2.53433,0.00000,0
surges,349,1,2.50831,0.00000,0
condemns,213,1,2.49370,0.00000,0
visa,245,1,2.45551,0.00000,0
scare,186,1,2.44943,0.00000,0
intense,164,1,2.43762,0.00000,0
pounds,149,1,2.39416,0.00000,0
coalition,168,1,2.13428,0.00000,0
temple,241,1,2.12201,0.00000,0
falls,578,1,2.11223,0.00000,0
battlefield,101,1,2.10038,0.00000,0
halts,161,1,1.96980,0.00000,0
shuts,457,1,1.79680,0.00000,0
bombed,235,1,1.77647,0.00000,0
blames,326,1,1.56694,0.00000,0
responds,648,1,1.51383,0.00000,0
fighting,547,1,1.45109,0.00000,0
casualties,242,1,1.43588,0.00000,0
hours,643,1,1.41898,0.00000,0
sky,471,1,1.39532,0.00000,0
ww,126,1,1.32814,0.00000,0
fighters,269,1,1.20972,0.00000,0
senate,2833,129,298.40611,0.03584,1
hearing,2034,108,253.38944,0.02809,1
epstein,5196,109,222.40740,0.03780,1
secretary,1393,53,157.73192,0.01017,1
doj,2317,69,140.18071,0.01419,1
fbi,1651,49,125.29398,0.00778,1
testifies,553,35,114.28186,0.00323,1
blanche,1188,40,109.53630,0.00284,1
hegseth,2330,47,108.14341,0.01256,1
files,2043,49,106.72124,0.00767,1
dhs,1426,44,100.79169,0.00485,1
sen,1296,34,93.63290,0.00389,1
security,2146,40,91.39435,0.00660,1
epstein files,1395,38,84.29626,0.00356,1
cuba,1022,31,82.52648,0.00819,1
fauci,880,29,76.94702,0.00441,1
general,1027,25,75.43206,0.00268,1
todd blanche,638,23,74.91352,0.00044,1
vote,1096,31,74.54683,0.00151,1
todd,696,23,73.87710,0.00044,1
bondi,1150,28,73.43878,0.00239,1
noem,1068,27,68.24698,0.00359,1
mullin,450,19,65.83131,0.00100,1
rubio,1714,31,65.53792,0.01114,1
pentagon,1212,24,64.42884,0.00496,1
funding,909,26,64.11618,0.00318,1
testify,359,19,63.95908,0.00142,1
director,616,17,63.93513,0.00101,1
ag,645,21,60.13522,0.00037,1
caine,159,16,59.21087,0.00102,1
end,2103,27,58.90882,0.00763,1
markwayne mullin,251,16,58.60663,0.00018,1
republicans,2079,31,58.31713,0.00327,1
confirmation,280,17,58.22484,0.00021,1
markwayne,261,16,57.42634,0.00018,1
testimony,521,22,57.30313,0.00241,1
attorney,743,21,56.61642,0.00100,1
clinton,650,19,55.28428,0.00119,1
shutdown,808,22,54.07065,0.00233,1
probe,764,20,53.67894,0.00277,1
update,1437,22,52.16482,0.00443,1
dr,1219,17,49.87084,0.00147,1
cia,720,17,47.67879,0.00479,1
covid,461,16,47.66716,0.00139,1
operation,1153,21,45.59299,0.00222,1
gabbard,373,13,44.87432,0.00063,1
kristi noem,675,16,44.64597,0.00051,1
kristi,684,16,44.63902,0.00051,1
releases,538,15,43.76158,0.00200,1
budget,702,13,42.28497,0.00261,1
acting,253,10,41.84964,0.00042,1
contempt,231,11,41.12676,0.00034,1
release,686,14,40.78649,0.00105,1
committee,416,11,40.72800,0.00008,1
attorney general,296,11,40.58633,0.00005,1
pam bondi,668,14,39.36171,0.00058,1
pam,677,14,39.28399,0.00058,1
patel,763,13,39.16138,0.00051,1
bessent,586,13,38.58900,0.00281,1
intelligence,392,9,37.88986,0.00034,1
ufo,485,10,37.75672,0.00074,1
homeland,194,9,37.65107,0.00001,1
fires,990,15,37.54884,0.00112,1
confirmation hearing,156,10,37.30331,0.00003,1
partial,172,10,37.20676,0.00015,1
homeland security,144,8,36.03017,0.00001,1
powers,343,10,34.96624,0.00103,1
nomination,238,10,34.44081,0.00006,1
drops,1655,16,33.56234,0.00248,1
jr,679,10,33.33552,0.00137,1
paul,472,10,32.22592,0.00256,1
scott,848,10,32.11131,0.00191,1
kash patel,583,10,31.98035,0.00034,1
pete,815,12,31.95316,0.00100,1
dhs funding,253,12,31.31694,0.00052,1
kash,631,10,31.25316,0.00034,1
pete hegseth,702,11,30.33714,0.00085,1
rand,199,9,30.33376,0.00001,1
vaccine,243,7,29.99311,0.00252,1
oversight,238,9,29.93086,0.00001,1
bombshell,1677,17,29.71261,0.00199,1
johnson,780,10,29.52168,0.00032,1
fight,1749,14,29.29698,0.00110,1
food,577,8,28.94190,0.00035,1
rand paul,192,8,28.39532,0.00001,1
smith,729,10,27.85844,0.00327,1
threats,940,13,26.77931,0.00291,1
fury,549,9,26.65163,0.00044,1
fund,698,12,26.43865,0.00054,1
lawmakers,564,11,25.74227,0.00106,1
deputy,280,7,24.78787,0.00014,1
indictment,256,7,24.25559,0.00021,1
rfk,542,7,23.53249,0.00137,1
sanctions,638,10,23.34343,0.00128,1
hillary,404,8,23.33663,0.00002,1
government,1432,9,23.04376,0.00023,1
reveal,669,10,22.77264,0.00084,1
latest,1210,12,22.77199,0.00220,1
pass,250,8,22.46049,0.00101,1
congo,249,6,22.37385,0.00021,1
marco rubio,644,9,22.21657,0.00059,1
fifth,239,7,21.99048,0.00020,1
dan,370,5,21.88223,0.00000,1
dni,116,4,21.38516,0.00004,1
comey,275,7,21.20975,0.00015,1
speaks,2271,11,21.19903,0.00181,1
marco,664,8,21.19830,0.00031,1
gen,790,5,21.00802,0.00028,1
clintons,168,6,20.99108,0.00001,1
official,1043,8,20.60572,0.00128,1
clayton,152,4,20.43336,0.00012,1
husband,310,6,19.87501,0.00002,1
castro,167,5,19.11997,0.00009,1
treasury,250,4,18.97333,0.00000,1
jeffrey,469,7,18.96973,0.00007,1
votes,342,6,18.60087,0.00012,1
comer,160,5,18.55311,0.00014,1
tulsi,333,5,18.54395,0.00001,1
ufo files,175,4,18.40428,0.00002,1
hillary clinton,317,6,18.24977,0.00001,1
prince andrew,184,6,17.61160,0.00005,1
explosive,779,9,17.44732,0.00225,1
jay,150,3,17.38926,0.00000,1
epic fury,251,5,17.36032,0.00001,1
lutnick,174,4,17.30936,0.00005,1
ebola outbreak,189,4,17.16322,0.00001,1
government shutdown,173,5,17.09472,0.00003,1
jack smith,311,6,16.85139,0.00005,1
james comey,111,5,16.73292,0.00006,1
cover-up,304,8,16.65923,0.00019,1
deposition,239,5,16.36043,0.00000,1
resolution,175,4,16.29061,0.00022,1
ron,190,4,16.16413,0.00032,1
sec,295,5,15.60663,0.00002,1
munich,157,4,15.55337,0.00019,1
rfk jr,456,4,15.44026,0.00022,1
senators,325,5,15.42449,0.00001,1
drop,516,7,15.27495,0.00143,1
agree,240,6,15.17695,0.00177,1
jack,710,6,14.53744,0.00016,1
operation epic,182,4,14.28553,0.00000,1
lt,192,3,14.09546,0.00036,1
request,164,4,13.44470,0.00008,1
save act,314,5,13.30985,0.00001,1
names,274,5,13.28536,0.00024,1
whistleblower,261,4,12.97485,0.00013,1
tulsi gabbard,268,3,12.66013,0.00000,1
cuban,204,4,12.64550,0.00017,1
atlantic,104,3,12.35401,0.00000,1
amendment,305,4,12.34927,0.00000,1
analyst,461,5,12.18133,0.00064,1
documents,222,3,12.03342,0.00033,1
scott bessent,215,3,11.93893,0.00003,1
firing,343,4,11.85594,0.00000,1
shortages,113,3,11.36962,0.00001,1
ro khanna,226,4,11.34722,0.00005,1
ro,232,4,11.32022,0.00005,1
images,232,3,11.31672,0.00006,1
khanna,270,4,11.30703,0.00005,1
grilled,256,4,10.71917,0.00007,1
raids,251,4,10.44359,0.00003,1
rick,165,3,10.39082,0.00002,1
fallout,438,6,10.26097,0.00183,1
handling,102,3,9.99719,0.00001,1
maxwell,199,3,9.84100,0.00021,1
satellite,168,2,9.47672,0.00000,1
indicted,167,3,9.29789,0.00000,1
limit,102,3,9.21130,0.00026,1
videos,354,3,8.97348,0.00014,1
critical,396,2,8.95655,0.00036,1
howard,109,2,8.71917,0.00000,1
martin,196,2,8.60951,0.00000,1
pardon,161,2,8.57191,0.00000,1
epic,456,3,8.42750,0.00001,1
boebert,108,2,8.39111,0.00036,1
adam,415,3,8.36414,0.00003,1
sues,245,3,8.30590,0.00001,1
maha,148,2,8.17928,0.00004,1
warren,150,2,8.04648,0.00036,1
survivor,286,3,7.95723,0.00004,1
subpoena,111,2,7.80735,0.00000,1
alien,185,2,7.11594,0.00000,1
anti-weaponization fund,137,3,7.07289,0.00025,1
blumenthal,139,2,7.04608,0.00006,1
anti-weaponization,142,3,7.01172,0.00025,1
intel,380,2,6.94455,0.00000,1
disclosure,138,2,6.91710,0.00006,1
review,237,2,6.88562,0.00036,1
gates,223,3,6.82027,0.00001,1
floor,128,2,6.62276,0.00001,1
investigating,179,2,6.50362,0.00000,1
hammer,178,2,6.18984,0.00002,1
deployed,184,2,6.13824,0.00001,1
movement,321,2,5.98898,0.00004,1
aoc,631,2,5.96643,0.00000,1
condition,101,1,5.95633,0.00000,1
impeachment,292,2,5.76279,0.00001,1
showing,124,1,5.74132,0.00000,1
ghislaine,171,2,5.58279,0.00016,1
ballistic missiles,152,2,5.31268,0.00004,1
movie,197,1,5.10529,0.00000,1
havana,101,1,5.07607,0.00000,1
elizabeth,506,1,4.97656,0.00000,1
accounts,209,2,4.90897,0.00004,1
lauren,101,1,4.77229,0.00000,1
childhood,113,1,4.64235,0.00000,1
joins,570,2,4.55697,0.00000,1
senior,147,1,4.52302,0.00000,1
urges,542,2,4.30197,0.00002,1
showdown,472,2,4.17289,0.00020,1
col,233,1,4.14476,0.00000,1
mystery,266,1,3.99609,0.00000,1
fmr,394,1,3.91157,0.00000,1
mossad,136,1,3.75528,0.00000,1
beginning,132,1,3.71203,0.00000,1
tense,130,1,3.62538,0.00000,1
advances,107,1,3.60576,0.00000,1
cruz,230,1,3.50146,0.00000,1
texts,161,1,3.47211,0.00000,1
expose,329,2,3.44352,0.00000,1
trailer,106,1,3.42979,0.00000,1
grills,160,1,3.32564,0.00000,1
ritter,127,1,3.18901,0.00000,1
links,161,1,2.98914,0.00000,1
subpoenas,117,1,2.97684,0.00000,1
jake,281,1,2.97023,0.00000,1
majority,175,1,2.84081,0.00000,1
lawyers,170,1,2.67560,0.00000,1
dave,308,1,2.64355,0.00000,1
file,133,1,2.50902,0.00000,1
link,190,1,2.40206,0.00000,1
redacted,198,1,2.36781,0.00000,1
fails,393,1,2.35527,0.00000,1
coverup,109,1,2.29720,0.00000,1
docs,123,1,2.14330,0.00000,1
named,140,1,1.97847,0.00000,1
breaks silence,246,1,1.97440,0.00000,1
nuke,249,1,1.96842,0.00000,1
connection,157,1,1.91011,0.00000,1
elites,139,1,1.85393,0.00000,1
cover,276,1,1.71651,0.00000,1
ghislaine maxwell,122,1,1.51996,0.00000,1
alive,273,1,1.21976,0.00000,1
justice department,194,1,1.20451,0.00000,1
killed,2341,74,172.73652,0.01840,2
dead,1803,48,125.70981,0.00595,2
death,2034,51,121.54143,0.01221,2
missing,1180,42,108.09005,0.00764,2
deadly,1843,46,107.74902,0.01031,2
search,839,35,102.94571,0.00346,2
air,1898,37,95.41224,0.00826,2
rescue,799,29,94.80560,0.00214,2
venezuela,2663,45,94.25768,0.01128,2
earthquake,640,30,93.92151,0.00441,2
crash,1009,27,91.60539,0.00285,2
school,955,24,80.66692,0.00279,2
base,894,31,75.78979,0.00588,2
massive,2548,38,73.70213,0.00881,2
arrest,979,25,73.70043,0.00256,2
plane,684,20,68.61044,0.00195,2
drug,518,17,67.27156,0.00435,2
airport,802,24,66.33062,0.00352,2
center,1080,21,65.28070,0.00313,2
mexico,747,21,61.98024,0.00525,2
thousands,922,20,61.53943,0.00301,2
kills,720,23,60.99830,0.00432,2
nepal,792,22,57.60392,0.00205,2
survivors,467,18,54.13286,0.00189,2
wildfires,445,15,53.64486,0.00215,2
wildfire,421,15,52.91301,0.00315,2
people,2744,26,49.89869,0.00430,2
violence,748,14,49.18999,0.00084,2
toll,417,15,48.91896,0.00283,2
jet,593,14,46.06841,0.00036,2
continues,836,19,45.80682,0.00152,2
chaos,1344,21,45.29045,0.00285,2
flood,535,16,44.69575,0.00148,2
force,1205,17,44.29279,0.00239,2
train,379,11,44.06588,0.00048,2
cartel,294,12,43.73390,0.00071,2
children,810,15,43.48162,0.00134,2
florida,827,14,42.37020,0.00525,2
injured,543,13,39.83568,0.00033,2
el,315,10,38.57017,0.00041,2
erupts,1287,17,38.56196,0.00156,2
air force,530,12,37.95277,0.00112,2
death toll,279,10,37.10261,0.00004,2
rescuers,149,9,36.44511,0.00012,2
cargo,206,9,36.08303,0.00043,2
car,501,12,36.04014,0.00022,2
crashes,674,10,35.58283,0.00026,2
pilot,310,10,34.46388,0.00020,2
downed,192,9,32.97700,0.00034,2
collapse,1062,12,32.95168,0.00269,2
continue,676,14,32.91130,0.00163,2
miami,235,7,32.90170,0.00005,2
colombia,393,10,32.79681,0.00093,2
backlash,731,12,31.89559,0.00187,2
diego,222,8,31.70510,0.00026,2
explosion,350,9,30.73931,0.00078,2
laguardia,152,8,30.32267,0.00009,2
amazon,229,7,29.91518,0.00041,2
washington,1055,10,28.87291,0.00123,2
battle,811,9,28.79091,0.00024,2
trapped,365,8,28.39092,0.00046,2
islamic,294,7,28.34239,0.00033,2
thailand,226,7,28.33515,0.00029,2
rises,327,6,27.60527,0.00018,2
collision,159,7,27.39387,0.00003,2
board,543,8,26.33910,0.00042,2
student,602,10,26.21066,0.00030,2
plane crash,218,6,25.81232,0.00009,2
mosque,231,7,25.79665,0.00029,2
families,549,8,25.18672,0.00067,2
boat,244,7,25.11105,0.00034,2
dozens,303,6,24.78114,0.00001,2
retired,251,6,24.77695,0.00044,2
magnitude,173,6,24.70121,0.00008,2
firefighters,175,6,24.46173,0.00003,2
dui,103,5,24.44171,0.00001,2
el mencho,105,6,24.13266,0.00002,2
mencho,106,6,24.09922,0.00002,2
march,549,8,23.72432,0.00078,2
use,634,8,23.55724,0.00067,2
earthquakes,219,7,23.41414,0.00010,2
tiger woods,135,5,22.57891,0.00004,2
woods,162,5,22.43250,0.00004,2
rubble,160,5,22.20858,0.00036,2
san diego,173,6,22.08385,0.00004,2
kennedy,459,6,21.89253,0.00014,2
tiger,188,5,21.81215,0.00004,2
philippines,290,6,20.93328,0.00027,2
streets,419,7,20.93106,0.00007,2
san,279,6,20.83538,0.00004,2
flash,263,6,20.31064,0.00012,2
floods,550,8,20.17894,0.00059,2
flooding,206,5,20.12123,0.00246,2
quake,153,5,18.77063,0.00002,2
fighter,456,6,18.73440,0.00005,2
chemical,124,4,18.19302,0.00039,2
iraq,488,7,18.15506,0.00034,2
efforts,339,5,17.91596,0.00014,2
academy,102,4,17.68344,0.00002,2
domestic,181,4,17.64647,0.00013,2
blaze,134,4,17.61899,0.00000,2
louisiana,181,5,17.24547,0.00023,2
leaves,724,5,16.43139,0.00022,2
hundreds,436,6,16.36539,0.00003,2
islamabad,251,5,16.22627,0.00014,2
bus,284,4,16.21572,0.00072,2
flee,314,4,16.17139,0.00270,2
young,500,5,16.15569,0.00019,2
students,620,5,15.00565,0.00023,2
republic,282,4,14.69834,0.00006,2
victims,512,5,14.61149,0.00033,2
disaster,1256,6,14.32532,0.00064,2
cancer,354,3,14.28744,0.00055,2
underway,361,4,13.69051,0.00010,2
lord,128,3,13.23607,0.00000,2
girls,245,4,13.23054,0.00002,2
residents,503,5,12.73032,0.00064,2
political,1255,5,12.61957,0.00060,2
mexican,175,3,12.55354,0.00000,2
civilization,104,3,12.42756,0.00003,2
kennedy center,220,4,12.17893,0.00015,2
teams,183,3,11.83416,0.00000,2
removed,191,3,11.60399,0.00001,2
helicopter,203,3,11.44445,0.00004,2
truck,180,3,11.36313,0.00001,2
die,300,3,11.08327,0.00048,2
rocks,328,3,10.59336,0.00000,2
caracas,180,4,10.48188,0.00004,2
destroyed,677,4,10.45611,0.00039,2
trafficking,129,2,10.33031,0.00002,2
rescued,213,3,10.23146,0.00000,2
university,284,3,10.20932,0.00001,2
homes,375,3,10.18472,0.00007,2
multiple,408,4,9.34649,0.00016,2
bomber,107,2,9.31742,0.00000,2
garcia,126,2,9.27449,0.00001,2
terrorist,247,3,9.25992,0.00005,2
reacts,1975,6,9.25410,0.00045,2
driver,238,3,9.22839,0.00018,2
cartels,127,2,9.03274,0.00000,2
days,794,3,8.89774,0.00001,2
buildings,150,2,8.82194,0.00001,2
george,314,2,8.65593,0.00036,2
tonight,906,2,8.57389,0.00000,2
throws,229,2,8.54590,0.00036,2
blast,341,2,8.48469,0.00000,2
twin,130,2,8.35269,0.00000,2
desantis,146,2,8.29787,0.00001,2
flames,268,3,8.27869,0.00006,2
devastating,480,3,8.09480,0.00002,2
fighter jet,178,2,7.91209,0.00000,2
including,233,2,7.90760,0.00000,2
indonesia,255,2,7.89872,0.00000,2
spread,179,2,7.67855,0.00002,2
forced,502,2,7.61229,0.00234,2
warehouse,117,2,7.44704,0.00000,2
intensifies,293,3,7.21985,0.00008,2
terrorism,253,2,7.21360,0.00003,2
burns,294,2,7.18181,0.00001,2
scientists,207,2,7.16714,0.00000,2
airspace,172,2,7.16207,0.00006,2
stunned,480,3,7.09026,0.00006,2
displaced,145,2,7.06042,0.00001,2
confirmed,234,2,6.78506,0.00001,2
data center,230,2,6.49180,0.00000,2
confirms,553,4,6.42375,0.00011,2
jets,421,3,6.32996,0.00004,2
pulled,151,1,5.93523,0.00000,2
passenger,108,1,5.68370,0.00000,2
service members,129,2,5.67208,0.00020,2
embassy,243,2,5.66710,0.00000,2
treatment,173,1,5.49360,0.00000,2
choice,176,2,5.34141,0.00007,2
tank,153,1,5.29878,0.00000,2
angel,112,1,5.23919,0.00000,2
tops,106,1,5.21201,0.00000,2
education,264,2,5.15516,0.00001,2
burn,230,1,4.89053,0.00000,2
madness,101,1,4.76319,0.00000,2
feared,215,1,4.75983,0.00000,2
bush,122,1,4.72037,0.00000,2
western,316,2,4.68973,0.00024,2
bombing,365,2,4.64019,0.00009,2
rage,252,1,4.60649,0.00000,2
cave,105,1,4.49000,0.00000,2
boss,310,1,4.45968,0.00000,2
civilians,166,2,4.17518,0.00004,2
tantrum,110,1,4.14539,0.00000,2
protect,331,1,4.00941,0.00000,2
greece,129,1,3.97803,0.00000,2
op,263,1,3.95870,0.00000,2
wounded,121,1,3.86543,0.00000,2
admit,229,1,3.74759,0.00000,2
teacher,138,1,3.61668,0.00000,2
pilots,111,1,3.55588,0.00000,2
cause,218,1,3.33784,0.00000,2
shah,515,1,3.31230,0.00000,2
tragedy,229,1,3.23174,0.00000,2
tunnel,134,1,3.18964,0.00000,2
parties,145,1,2.99000,0.00000,2
nixon,137,1,2.85725,0.00000,2
nepal floods,144,1,2.83252,0.00000,2
kyle,301,1,2.80173,0.00000,2
regime change,273,2,2.70886,0.00007,2
flash floods,124,1,2.60207,0.00000,2
aren't,229,1,2.27495,0.00000,2
comments,412,1,1.99401,0.00000,2
maduro capture,236,1,1.19946,0.00000,2
case,2611,74,155.79235,0.01311,3
trial,1639,59,151.99467,0.01156,3
murder,1502,59,148.52891,0.00685,3
day,3605,58,121.60168,0.02126,3
federal,1348,47,118.73094,0.00575,3
guthrie,1734,55,97.59431,0.00958,3
kirk,1607,42,93.24190,0.00757,3
judge,1521,40,92.83037,0.00352,3
defense,1073,37,92.55107,0.00663,3
meta,471,21,82.86339,0.00479,3
guilty,617,26,82.29902,0.00459,3
killing,913,28,79.29607,0.00348,3
charlie kirk,1145,33,74.80334,0.00468,3
charlie,1305,33,74.67095,0.00373,3
media,2415,29,73.39304,0.00689,3
th,1617,25,67.67793,0.00652,3
nancy,1269,33,67.01512,0.00228,3
clancy,1315,30,66.35975,0.00430,3
mangione,313,19,66.03222,0.00084,3
social,868,18,62.14125,0.00257,3
luigi mangione,232,17,61.31104,0.00060,3
luigi,248,17,60.22495,0.00060,3
nancy guthrie,1053,30,58.29433,0.00173,3
maduro,1467,28,55.72353,0.00513,3
lindsay clancy,1101,24,54.97040,0.00162,3
social media,615,14,54.16906,0.00055,3
mark,1255,22,53.61234,0.00341,3
lindsay,1146,23,52.88824,0.00144,3
alleged,915,18,49.04992,0.00192,3
ceo,1061,16,47.25518,0.00143,3
home,1338,21,45.51976,0.00223,3
year,1270,15,42.80348,0.00189,3
evidence,713,19,42.45280,0.00089,3
mother,571,13,42.41558,0.00040,3
pleads,364,13,41.26033,0.00064,3
jury,516,16,40.68071,0.00153,3
deadline,486,14,37.78484,0.00395,3
murder trial,347,13,36.67567,0.00017,3
zuckerberg,126,8,35.48890,0.00020,3
wife,651,14,35.01886,0.00109,3
addiction,182,7,33.79277,0.00000,3
accused,654,11,33.63093,0.00020,3
plea,301,10,33.43504,0.00082,3
classified,125,6,33.42658,0.00065,3
savannah guthrie,283,11,32.58083,0.00015,3
viral,1214,13,32.17510,0.00262,3
savannah,323,11,31.98499,0.00015,3
second,639,12,31.83051,0.00168,3
robinson,601,15,31.37324,0.00267,3
landmark,212,7,31.10557,0.00004,3
death penalty,133,7,30.95512,0.00027,3
penalty,149,7,30.66110,0.00027,3
tyler,547,14,30.57838,0.00263,3
clancy trial,361,12,30.31479,0.00008,3
anthony,576,13,29.73835,0.00045,3
candace,770,19,29.63449,0.00305,3
face,1657,12,29.26668,0.00164,3
declares,681,12,28.84160,0.00136,3
killer,350,8,28.01914,0.00011,3
assassination,585,9,27.18747,0.00241,3
tyler robinson,431,13,26.98825,0.00012,3
sheriff,323,12,26.48543,0.00074,3
verdict,265,12,26.07288,0.00006,3
tupac,188,8,25.99733,0.00009,3
passes,309,7,25.80555,0.00080,3
mistrial,173,10,25.71803,0.00004,3
ban,639,9,25.47437,0.00055,3
st,482,8,24.99697,0.00087,3
charged,407,8,24.93085,0.00017,3
note,217,8,24.26185,0.00042,3
mom,452,9,23.58694,0.00012,3
ransom,193,9,23.36726,0.00012,3
pleads guilty,131,6,23.07693,0.00001,3
anniversary,495,7,22.29501,0.00076,3
enters,344,6,22.07377,0.00065,3
preliminary,112,10,21.67600,0.00005,3
youtube,119,5,21.57031,0.00000,3
post,834,7,21.46330,0.00017,3
away,812,6,21.22167,0.00080,3
tucker,908,13,20.99080,0.00398,3
mental,305,6,20.73580,0.00278,3
county,268,7,20.41340,0.00012,3
closing,378,7,20.31410,0.00001,3
straight,197,5,20.11790,0.00036,3
updates,472,8,20.10888,0.00131,3
owens,595,12,19.50886,0.00045,3
marks,239,5,19.49132,0.00073,3
july,439,8,19.44154,0.00107,3
candace owens,562,12,19.43221,0.00045,3
karmelo,461,9,18.92495,0.00011,3
kids,651,7,18.86991,0.00043,3
shapiro,733,10,18.82660,0.00062,3
lawyer,561,10,18.67958,0.00168,3
night,513,5,18.00719,0.00011,3
beach,276,4,17.55371,0.00010,3
tpusa,247,8,17.42865,0.00334,3
karmelo anthony,417,8,17.38423,0.00005,3
stabbing,168,5,16.64947,0.00011,3
ben,644,10,16.63782,0.00056,3
erika,395,9,16.33628,0.00030,3
independence,348,5,16.14306,0.00019,3
vd,141,4,15.91859,0.00003,3
detained,300,7,15.38049,0.00020,3
investigators,139,6,15.26022,0.00001,3
tucker carlson,525,9,15.09363,0.00093,3
carlson,539,9,15.00180,0.00093,3
reward,104,4,14.75634,0.00005,3
posts,414,4,13.85993,0.00006,3
kelly,737,6,13.61065,0.00060,3
celebrations,272,6,13.44416,0.00060,3
deals,340,4,13.34596,0.00008,3
jurors,108,5,12.90058,0.00001,3
attempted,127,3,12.87361,0.00001,3
week,895,4,12.79426,0.00009,3
sets,350,3,12.74933,0.00001,3
layoffs,134,3,12.46482,0.00008,3
prosecutors,192,4,12.20443,0.00001,3
dna,168,5,12.16533,0.00000,3
davis,325,4,12.15524,0.00036,3
looms,326,3,12.10175,0.00002,3
celebration,297,4,12.08274,0.00010,3
bolton,165,3,12.03423,0.00064,3
wall,525,4,11.92419,0.00037,3
double,283,3,11.81841,0.00037,3
ohio,342,4,11.81693,0.00004,3
john bolton,116,2,11.46612,0.00000,3
suicide,205,3,11.00643,0.00016,3
erika kirk,344,6,10.97689,0.00020,3
wilson,266,6,10.90510,0.00006,3
today,743,4,10.85782,0.00004,3
patrick,238,3,10.79194,0.00001,3
nears,217,3,10.77101,0.00001,3
clip,201,3,9.57277,0.00039,3
assassin,114,3,9.54466,0.00000,3
fireworks,177,4,9.45738,0.00004,3
conspiracy,308,4,9.42009,0.00036,3
singer,117,2,9.38123,0.00000,3
utah,137,3,9.13990,0.00000,3
disappearance,213,4,9.04077,0.00000,3
ben shapiro,268,6,9.01873,0.00004,3
term,433,2,8.61560,0.00000,3
walk,226,2,8.51230,0.00010,3
prosecutor,231,4,8.41837,0.00037,3
cohen,131,3,8.30060,0.00005,3
old,383,3,8.14237,0.00005,3
arizona,199,4,7.99886,0.00008,3
mace,124,2,7.97644,0.00005,3
best,553,3,7.84268,0.00037,3
offers,321,2,7.58716,0.00002,3
henry,212,3,7.22389,0.00004,3
andrew wilson,127,4,7.22365,0.00000,3
brian,790,3,7.19259,0.00005,3
involving,100,2,6.57429,0.00000,3
google,212,2,6.51211,0.00000,3
th anniversary,224,2,6.49840,0.00001,3
kidnapping,135,3,6.30871,0.00000,3
phase,210,2,6.13813,0.00000,3
authorities,229,3,6.09465,0.00000,3
liberal,540,3,5.84727,0.00009,3
capture,534,3,5.71951,0.00004,3
person,289,3,5.65652,0.00000,3
information,175,1,5.34837,0.00000,3
guthrie disappearance,109,2,5.10669,0.00000,3
instagram,101,1,5.05872,0.00000,3
briefs,452,1,5.03268,0.00000,3
company,288,2,5.01688,0.00000,3
captured,259,3,4.90549,0.00003,3
megyn kelly,360,3,4.86266,0.00000,3
standards,103,1,4.85795,0.00000,3
venezuelans,123,2,4.76259,0.00004,3
witness,266,2,4.68566,0.00000,3
attempts,136,1,4.60826,0.00000,3
megyn,407,3,4.46570,0.00000,3
breakdown,178,1,4.35196,0.00000,3
narrative,271,2,4.34197,0.00004,3
prosecution,138,2,4.21438,0.00000,3
walks,183,1,4.14767,0.00000,3
stay,345,2,4.13720,0.00003,3
decline,202,1,4.00662,0.00000,3
january,166,1,3.93192,0.00000,3
grace,100,1,3.83324,0.00000,3
fourth,149,1,3.81354,0.00000,3
self,103,1,3.72547,0.00000,3
trend,110,1,3.67423,0.00000,3
goes viral,367,1,3.67416,0.00000,3
later,225,1,3.65990,0.00000,3
runs,384,1,3.63052,0.00000,3
josh,181,1,3.51703,0.00000,3
blows,508,1,3.43267,0.00000,3
corporate,149,1,3.31034,0.00000,3
alex jones,252,2,3.30099,0.00001,3
victor,119,1,3.25992,0.00000,3
twist,137,1,3.24162,0.00000,3
tommy,139,1,3.15052,0.00000,3
theory,176,1,3.08793,0.00000,3
judges,205,1,2.98264,0.00000,3
friend,208,1,2.93410,0.00000,3
reports,1221,2,2.90688,0.00001,3
single,200,1,2.88906,0.00000,3
parents,377,1,2.87279,0.00000,3
timeline,185,2,2.49484,0.00011,3
blocked,266,1,2.31771,0.00000,3
reckless,109,1,2.21641,0.00000,3
propaganda,271,1,2.05238,0.00000,3
humiliates,435,1,1.86184,0.00000,3
photos,162,1,1.35008,0.00000,3
fuentes,217,1,1.20090,0.00000,3
fraud,1764,60,140.76265,0.01281,4
rep,1887,43,116.13594,0.00892,4
california,1382,30,72.94868,0.00561,4
allegations,566,19,63.24460,0.00232,4
scandal,978,24,52.36826,0.00392,4
gov,559,13,47.21384,0.00224,4
sexual,218,12,45.93986,0.00032,4
swalwell,426,14,41.33036,0.00107,4
can't,1472,14,40.66936,0.01135,4
takes,1597,11,38.14151,0.00148,4
tim,948,13,36.85717,0.00087,4
going,1596,16,35.93245,0.00328,4
don't,1451,15,35.90441,0.00399,4
reveals,1976,17,35.60710,0.00487,4
exposes,1606,19,35.16857,0.00228,4
gets,2764,17,32.86536,0.00566,4
cnn,782,12,32.68268,0.00168,4
truth,1639,14,32.08215,0.00249,4
exposed,2079,17,31.90598,0.00212,4
walz,665,13,31.29410,0.00069,4
worse,874,11,30.39792,0.00168,4
like,1322,12,29.41202,0.00175,4
omar,612,11,29.16073,0.00041,4
bad,1149,11,28.78100,0.00991,4
ilhan,493,10,26.55895,0.00038,4
ilhan omar,478,10,26.55246,0.00038,4
welcome,417,8,25.87201,0.00132,4
doesn't,815,10,25.66195,0.00058,4
turn,880,9,25.55879,0.00140,4
voter,634,11,25.52953,0.00110,4
hall,293,7,24.57818,0.00025,4
stop,1391,10,24.33628,0.00382,4
assault,460,7,23.35950,0.00011,4
newsom,792,9,22.63296,0.00111,4
sex,291,5,22.30294,0.00063,4
child,471,5,21.99575,0.00014,4
halftime,186,7,21.84910,0.00283,4
they're,819,9,21.81644,0.00147,4
question,792,8,21.75079,0.00186,4
care,532,7,21.63662,0.00051,4
caught,1309,9,20.74187,0.00065,4
town,308,5,20.42131,0.00000,4
tim walz,348,7,20.20417,0.00006,4
got,1193,8,19.61049,0.00045,4
wrong,825,8,19.58263,0.00074,4
apple,275,5,19.20497,0.00009,4
abuse,330,4,19.07208,0.00003,4
won't,1243,9,18.97617,0.00344,4
eric,505,6,18.91162,0.00028,4
know,1553,7,18.49448,0.00023,4
far,482,6,18.32876,0.00031,4
answer,409,5,18.22875,0.00284,4
safety,406,5,18.20461,0.00024,4
want,1211,8,18.04259,0.00052,4
reporter,753,8,17.90921,0.00165,4
getting,954,6,17.19475,0.00031,4
misconduct,113,4,16.65763,0.00000,4
problem,642,7,16.42219,0.00033,4
right,1523,7,16.08393,0.00103,4
chip,264,5,16.02080,0.00086,4
host,1000,9,16.01449,0.00197,4
dark,552,6,15.97795,0.00243,4
miller,537,5,15.84260,0.00011,4
max,246,4,15.76067,0.00003,4
nick,612,8,15.60128,0.00031,4
attacked,477,6,15.57696,0.00008,4
carpet,182,3,15.54722,0.00004,4
seen,466,4,15.37234,0.00045,4
really,1096,7,15.20562,0.00092,4
nick shirley,212,6,15.18996,0.00019,4
shirley,219,6,15.10504,0.00019,4
scheme,601,7,14.39617,0.00036,4
eric swalwell,193,4,14.32801,0.00003,4
hochul,108,3,13.75504,0.00005,4
think,687,6,13.69793,0.00025,4
somali,294,6,13.57101,0.00001,4
nvidia,294,5,13.48712,0.00037,4
public,1161,5,13.26473,0.00028,4
healthcare,283,4,12.29959,0.00005,4
bad bunny,228,4,12.20355,0.00000,4
bunny,238,4,12.20230,0.00000,4
inside,2117,6,12.18129,0.00031,4
super bowl,270,4,11.95929,0.00071,4
super,420,4,11.91321,0.00071,4
bowl,297,4,11.86698,0.00072,4
went,480,4,11.73905,0.00019,4
rolls,137,2,11.21291,0.00004,4
need,1223,5,10.86134,0.00031,4
oscars,135,3,10.71223,0.00040,4
left,1316,4,10.33389,0.00017,4
we've,212,3,10.13228,0.00011,4
admits,865,4,9.93226,0.00024,4
things,342,3,9.63685,0.00015,4
gavin newsom,386,4,9.51673,0.00002,4
gavin,414,4,9.49227,0.00002,4
believe,552,4,9.46901,0.00060,4
stand,415,3,9.18294,0.00051,4
panel,457,4,9.15200,0.00056,4
roy,138,2,9.10988,0.00000,4
let,1307,3,9.08978,0.00270,4
fake,644,5,8.96471,0.00083,4
meltdown,768,4,8.87811,0.00020,4
corruption,451,3,8.79336,0.00001,4
gill,109,2,8.36851,0.00000,4
leaks,425,3,8.30941,0.00271,4
brandon,157,2,8.16453,0.00000,4
slip,131,2,8.10400,0.00234,4
defeat,471,4,8.10077,0.00014,4
lie,472,3,7.84811,0.00001,4
schmitt,127,2,7.69460,0.00001,4
trust,349,3,7.66133,0.00027,4
simple,143,2,7.63077,0.00000,4
gone,370,2,7.26941,0.00000,4
insider,262,2,7.25287,0.00036,4
ca,172,2,7.20012,0.00000,4
talking,339,2,7.18677,0.00234,4
hiding,323,3,7.17518,0.00061,4
paper,318,2,7.13260,0.00036,4
look,690,2,6.97901,0.00001,4
receives,230,2,6.92716,0.00000,4
feel,197,2,6.83918,0.00001,4
telling,196,2,6.82073,0.00007,4
didn't,447,3,6.77537,0.00002,4
hypocrisy,232,3,6.71655,0.00014,4
understand,150,2,6.56197,0.00000,4
anymore,193,2,6.55540,0.00234,4
scam,425,3,6.36770,0.00000,4
accidentally,258,2,6.33199,0.00001,4
wing,144,2,6.29888,0.00000,4
radical,303,2,6.22585,0.00001,4
tell,284,2,6.22174,0.00005,4
happened,670,3,6.17329,0.00036,4
snaps,271,2,6.02522,0.00002,4
islam,316,2,5.86282,0.00020,4
finally,1159,3,5.79879,0.00003,4
started,189,2,5.78110,0.00007,4
mn,286,3,5.40125,0.00003,4
aim,110,1,5.29375,0.00000,4
ugly,179,2,4.98088,0.00002,4
triggers,391,2,4.74849,0.00002,4
trading,195,1,4.74592,0.00000,4
thing,324,2,4.72817,0.00000,4
lying,469,2,4.61827,0.00029,4
happen,239,2,4.58899,0.00007,4
past,412,1,4.49817,0.00000,4
happening,552,2,4.47748,0.00001,4
oath,240,1,4.43129,0.00000,4
points,195,1,4.36712,0.00000,4
asked,356,2,4.35957,0.00011,4
moore,122,1,4.34325,0.00000,4
refuses,481,1,4.23730,0.00000,4
lets,120,1,4.23313,0.00000,4
ignore,105,1,4.17345,0.00000,4
dr oz,126,1,3.96245,0.00000,4
looks,364,1,3.83241,0.00000,4
defend,347,2,3.82371,0.00012,4
charge,307,1,3.78624,0.00000,4
idea,228,1,3.78586,0.00000,4
emotional,268,1,3.76971,0.00000,4
i've,190,1,3.68987,0.00000,4
feels,125,1,3.67791,0.00000,4
stuns,423,2,3.65324,0.00011,4
took,302,1,3.61491,0.00000,4
anna,138,1,3.61009,0.00000,4
red carpet,149,1,3.59584,0.00000,4
lose,517,2,3.57987,0.00003,4
escape,219,1,3.46379,0.00000,4
steve hilton,113,1,3.43945,0.00000,4
exam,127,1,3.37439,0.00000,4
scott jennings,133,1,3.32820,0.00000,4
jennings,146,1,3.30283,0.00000,4
billions,296,1,3.26547,0.00000,4
jim jordan,126,1,3.21900,0.00000,4
read,157,1,3.21218,0.00000,4
vp vance,164,1,3.04166,0.00000,4
anchor,132,1,3.02441,0.00000,4
rocked,225,1,3.01035,0.00000,4
jail,312,1,2.96488,0.00000,4
earnings,257,1,2.94692,0.00000,4
talk,1504,2,2.91055,0.00002,4
thought,382,1,2.90754,0.00000,4
isn't,555,1,2.89172,0.00000,4
guest,180,1,2.81950,0.00000,4
told,369,1,2.78985,0.00000,4
jim,400,1,2.73420,0.00000,4
work,588,1,2.69430,0.00000,4
i'm,548,1,2.69289,0.00000,4
you're,387,1,2.56128,0.00000,4
exposing,234,1,2.53118,0.00000,4
secrets,258,1,2.52588,0.00000,4
booed,151,1,2.35685,0.00000,4
reason,501,1,1.81110,0.00000,4
visibly,216,1,1.78368,0.00000,4
called,497,1,1.53537,0.00000,4
won't believe,162,1,1.51371,0.00000,4
humiliated,585,1,1.39950,0.00000,4
tries,427,1,1.32318,0.00000,4
shooting,3089,118,256.60895,0.03520,5
house,5754,90,181.29211,0.01721,5
president,6327,88,156.29500,0.01852,5
white house,3552,62,141.71930,0.00630,5
white,4354,59,133.30613,0.00525,5
suspect,862,45,119.83647,0.00598,5
state,2936,46,118.84888,0.01007,5
trump,67070,82,105.33624,0.02082,5
speech,2372,48,87.22401,0.01187,5
vance,2745,42,84.59453,0.01239,5
visit,1269,35,81.50639,0.00388,5
king,985,29,80.50988,0.00280,5
briefing,1455,29,79.21664,0.00251,5
holds,2395,32,77.00469,0.00311,5
secret,1932,37,76.88030,0.00931,5
congress,2197,36,73.50180,0.00417,5
dinner,814,29,71.79269,0.00230,5
emergency,964,23,67.92055,0.00509,5
service,753,23,63.65846,0.00297,5
hold,1239,26,63.24497,0.00416,5
national,1806,21,61.03045,0.00269,5
press,2581,28,60.23331,0.00169,5
economic,1288,23,53.46671,0.00507,5
delivers,1062,20,52.39965,0.00151,5
king charles,477,19,52.11509,0.00058,5
ufc,522,17,52.01997,0.00158,5
ceremony,746,16,51.41493,0.00167,5
fired,733,18,50.58466,0.00099,5
correspondents dinner,415,16,48.57915,0.00014,5
jd,1525,21,47.22359,0.00177,5
andrew,930,21,46.89962,0.00212,5
jd vance,1483,20,46.46762,0.00153,5
plot,812,17,44.90405,0.00109,5
charles,553,17,43.76996,0.00050,5
donald,2045,20,43.39083,0.00147,5
signs,553,12,43.38805,0.00109,5
opening,625,14,42.84511,0.00173,5
details,1542,21,42.47455,0.00335,5
address,904,18,41.74322,0.00158,5
correspondents,439,14,41.55306,0.00013,5
shooter,336,14,41.06937,0.00028,5
iii,252,14,40.98694,0.00106,5
hosts,682,16,40.66558,0.00162,5
joint,531,11,37.93197,0.00037,5
royal,214,11,37.86051,0.00033,5
leavitt,804,12,37.55980,0.00027,5
secret service,252,11,36.68126,0.00005,5
shots,264,10,35.18250,0.00012,5
freedom,757,15,34.75751,0.00233,5
office,798,13,34.60122,0.00116,5
evacuated,187,10,33.66721,0.00061,5
statement,496,10,30.94225,0.00115,5
charles iii,139,11,30.53340,0.00007,5
karoline,592,9,30.00740,0.00001,5
terror,759,10,29.20865,0.00055,5
addresses,1036,13,28.89244,0.00085,5
welcomes,284,11,27.31257,0.00027,5
queen,209,10,27.25615,0.00002,5
press briefing,440,8,27.22518,0.00004,5
remarks,939,12,27.21648,0.00026,5
council,390,7,27.09407,0.00019,5
karoline leavitt,521,8,26.71948,0.00000,5
davos,668,15,26.37935,0.00091,5
house correspondents,289,8,26.34285,0.00001,5
gunman,190,8,25.95950,0.00025,5
queen camilla,102,9,25.71208,0.00001,5
vice,270,8,25.63487,0.00003,5
camilla,106,9,25.61498,0.00001,5
speaker,293,5,23.52907,0.00002,5
orders,687,7,23.44189,0.00048,5
wh,480,7,22.53554,0.00001,5
secy,328,7,21.72885,0.00038,5
press conference,1324,9,20.81588,0.00015,5
participates,274,7,20.74110,0.00019,5
cole,129,7,20.43714,0.00001,5
switzerland,231,7,20.38838,0.00013,5
incident,317,7,18.67958,0.00000,5
festival,271,4,18.27615,0.00040,5
negotiations,607,9,17.67473,0.00056,5
european,446,6,17.66894,0.00003,5
convention,389,8,17.43927,0.00061,5
member,342,4,17.18841,0.00008,5
palm,103,4,16.97102,0.00037,5
grand,430,5,16.90765,0.00042,5
celebrates,371,5,16.65345,0.00015,5
fulton,158,5,16.22567,0.00004,5
executive,355,5,16.18549,0.00004,5
forum,330,7,15.88567,0.00031,5
attends,496,6,15.79284,0.00006,5
birthday,265,5,15.74750,0.00029,5
delivers remarks,295,6,15.73084,0.00015,5
awards,204,3,15.42304,0.00000,5
warfare,222,4,15.38692,0.00055,5
oz,169,5,15.13329,0.00003,5
union,932,6,14.65397,0.00029,5
seattle,150,4,14.42171,0.00006,5
revealed,933,8,14.18957,0.00052,5
begin,311,4,14.03414,0.00009,5
allen,201,4,13.85303,0.00000,5
staff,269,5,13.73297,0.00002,5
roll,135,4,13.67707,0.00000,5
roundtable,257,4,13.54630,0.00001,5
opens,534,3,13.49805,0.00016,5
medical,342,3,13.46816,0.00009,5
easter,176,4,13.40830,0.00000,5
fox,1371,6,13.21757,0.00072,5
security council,178,3,13.11381,0.00000,5
lady,238,6,12.95111,0.00035,5
synagogue,184,4,12.85841,0.00002,5
medal of honor,115,4,12.83999,0.00009,5
landing,135,3,12.56575,0.00008,5
powerful,453,4,12.31975,0.00010,5
debt,260,4,12.26471,0.00071,5
oval office,213,4,11.75801,0.00000,5
fiery,444,4,11.74997,0.00006,5
oval,229,4,11.60473,0.00000,5
tv,570,4,11.55173,0.00018,5
mall,138,3,11.54475,0.00007,5
set,968,5,10.85260,0.00017,5
nation,1116,4,10.79747,0.00004,5
vp,358,3,10.60081,0.00000,5
evacuation,156,2,10.44711,0.00005,5
reporters,256,4,10.35149,0.00003,5
deliver,184,3,10.12901,0.00001,5
dc,654,5,10.06183,0.00010,5
presser,342,3,10.04766,0.00002,5
door,191,2,9.94955,0.00001,5
transfer,118,3,9.86926,0.00038,5
custody,184,3,9.84737,0.00001,5
free,721,4,9.79862,0.00010,5
defends,695,6,9.75346,0.00028,5
signing,178,4,9.68950,0.00017,5
forward,180,2,9.63717,0.00036,5
whcd,240,3,9.56091,0.00000,5
executive order,174,3,9.30633,0.00000,5
economic forum,173,4,9.16672,0.00010,5
trillion,223,2,8.99616,0.00004,5
statements,113,2,8.71540,0.00000,5
room,601,4,8.68166,0.00036,5
mike johnson,226,2,8.52622,0.00000,5
sotu,217,4,7.96185,0.00019,5
moves,508,3,7.95992,0.00075,5
foreign ministry,215,2,7.95416,0.00001,5
declared,157,2,7.93652,0.00000,5
view,410,4,7.74371,0.00003,5
bilateral meeting,127,3,7.53861,0.00003,5
ministry,329,2,7.31178,0.00001,5
union address,151,3,6.99595,0.00009,5
identified,119,2,6.84055,0.00000,5
golf,141,2,6.63677,0.00000,5
department,392,2,6.54189,0.00002,5
course,144,2,6.50984,0.00000,5
human,498,2,6.48883,0.00008,5
rogan,404,3,6.38673,0.00000,5
heads,353,3,6.35995,0.00006,5
d-day,122,2,6.23485,0.00000,5
rodriguez,100,2,6.00028,0.00003,5
modern,265,1,5.76086,0.00000,5
dana,115,2,5.57802,0.00000,5
declare,144,2,5.38087,0.00007,5
film,293,1,5.10481,0.00000,5
moving,214,1,5.07587,0.00000,5
sunday,421,1,5.00376,0.00000,5
situation,400,1,4.86319,0.00000,5
targeting,389,2,4.64959,0.00001,5
park,185,1,4.43703,0.00000,5
emerge,186,1,4.39876,0.00000,5
dept,100,1,4.25541,0.00000,5
prayer,167,1,4.03213,0.00000,5
lead,402,2,4.01416,0.00015,5
wef,163,2,3.84921,0.00000,5
faith,343,1,3.73694,0.00000,5
panics,1211,3,3.67756,0.00000,5
network,303,1,3.30597,0.00000,5
ring,165,1,3.27026,0.00000,5
dirty,100,1,3.17572,0.00000,5
peru,121,1,3.11733,0.00000,5
involved,186,1,2.89303,0.00000,5
used,405,1,2.63366,0.00000,5
syrian,135,1,2.59760,0.00000,5
michelle obama,110,1,2.23963,0.00000,5
michelle,151,1,2.16258,0.00000,5
joe rogan,327,1,1.80891,0.00000,5
describes,211,1,1.72213,0.00000,5
assassination attempt,173,1,1.42387,0.00000,5
iowa,145,1,1.41606,0.00000,5
jokes,134,1,1.19289,0.00000,5
u-turn,116,1,1.11950,0.00000,5
dismisses,111,1,1.06897,0.00000,5
meme,109,1,1.05370,0.00000,5
praises,325,1,1.05019,0.00000,5
gamble,109,1,1.03745,0.00000,5
uk,2897,64,137.49496,0.01875,6
faces,1730,40,102.60699,0.01211,6
meeting,1994,44,97.16187,0.00511,6
pm,4386,45,94.17532,0.00820,6
china,4542,45,92.18528,0.01025,6
nuclear,2356,38,92.09250,0.00623,6
summit,2147,49,86.57015,0.00686,6
chief,2110,35,83.06655,0.00500,6
military,3767,41,79.66463,0.00535,6
nato,2852,38,78.88788,0.00738,6
meets,1185,35,78.46226,0.00362,6
south,1508,26,74.26804,0.00641,6
xi,1396,33,70.38508,0.00312,6
starmer,1525,30,68.86426,0.00547,6
trade,2151,34,65.98630,0.00764,6
eu,1462,27,65.59273,0.00404,6
questions,1463,24,64.14818,0.00808,6
minister,2029,26,61.56220,0.00193,6
greenland,1902,35,60.55883,0.00954,6
resigns,374,20,58.70720,0.00221,6
prime minister,670,20,55.70542,0.00055,6
parliament,680,20,54.73882,0.00150,6
north,672,17,54.49666,0.00175,6
prime,1035,21,54.20915,0.00100,6
macron,813,20,50.57400,0.00579,6
beijing,581,20,49.07309,0.00055,6
japan,829,16,48.00543,0.00181,6
taiwan,600,19,47.35557,0.00133,6
meet,1142,21,46.93072,0.00158,6
france,985,19,45.69557,0.00215,6
keir starmer,562,17,45.58270,0.00019,6
keir,579,17,45.04328,0.00019,6
korea,637,14,44.43226,0.00129,6
defence,930,17,42.24495,0.00206,6
north korea,299,11,40.23732,0.00028,6
jinping,448,18,40.22630,0.00046,6
daughter,289,8,39.03160,0.00020,6
calls,2862,18,38.39302,0.00554,6
ties,924,16,37.77968,0.00267,6
xi jinping,433,17,37.27709,0.00039,6
kim,357,9,37.19127,0.00012,6
foreign,1256,14,36.75829,0.00071,6
carney,609,15,36.01869,0.00149,6
burnham,569,16,35.50272,0.00083,6
labour,313,15,34.54982,0.00079,6
takaichi,178,10,34.11006,0.00034,6
canadian,383,10,33.90064,0.00020,6
mandelson,384,15,33.72897,0.00111,6
kim jong,180,7,33.22922,0.00004,6
jong,183,7,33.10642,0.00004,6
resignation,360,11,31.81464,0.00052,6
pressure,845,11,31.42254,0.00681,6
chinese,807,13,30.99191,0.00148,6
drills,186,8,30.17305,0.00031,6
rutte,270,9,30.07795,0.00009,6
humanoid,141,6,27.61245,0.00008,6
modi,2837,16,27.50001,0.00043,6
robot,240,7,26.85185,0.00060,6
bilateral,333,12,25.86053,0.00036,6
andy burnham,321,10,25.39592,0.00004,6
resign,283,9,25.32008,0.00039,6
andy,413,10,25.08926,0.00004,6
high-stakes,319,10,25.06496,0.00010,6
arrives,756,13,24.93111,0.00040,6
south korea,301,7,24.70320,0.00014,6
ministers,262,6,21.99895,0.00004,6
games,305,5,21.62811,0.00039,6
cabinet,524,8,21.46225,0.00024,6
british,531,7,20.76361,0.00006,6
brics,648,14,20.02179,0.00051,6
meloni,305,7,19.60090,0.00016,6
italy,349,5,18.80076,0.00049,6
mark carney,230,5,17.46984,0.00002,6
reform,365,7,17.46343,0.00087,6
hasan,883,9,17.07439,0.00267,6
camp,310,4,16.89125,0.00000,6
cabinet meeting,186,5,16.64092,0.00007,6
david,634,4,16.35486,0.00000,6
der,123,3,15.88066,0.00017,6
robots,160,4,15.69508,0.00004,6
korean,168,3,15.22664,0.00005,6
farage,251,5,15.06725,0.00042,6
trump-xi,174,6,14.81399,0.00002,6
india,4503,11,14.53174,0.00098,6
von,166,3,14.17197,0.00003,6
spending,371,5,13.99442,0.00038,6
french,494,4,13.97793,0.00003,6
paris,357,4,13.69268,0.00000,6
puts,378,3,13.54944,0.00238,6
agreement,356,7,13.34917,0.00021,6
discuss,353,5,13.22882,0.00013,6
spy,308,5,13.14157,0.00019,6
growth,351,5,11.86569,0.00007,6
sco,115,4,11.83790,0.00000,6
mark rutte,123,3,11.71606,0.00000,6
mps,274,5,11.65066,0.00000,6
japanese,167,3,11.49439,0.00000,6
risk,593,4,10.96485,0.00111,6
brics summit,236,6,10.47918,0.00001,6
delhi,1218,6,10.43195,0.00027,6
lee,213,2,10.41452,0.00000,6
assets,168,3,10.40603,0.00038,6
remain,279,4,10.09768,0.00037,6
revolt,435,4,9.52851,0.00044,6
weapon,372,4,9.47851,0.00038,6
britain,502,4,9.11549,0.00036,6
syria,272,2,9.01344,0.00234,6
tough,196,2,9.00103,0.00000,6
van,245,2,8.88007,0.00001,6
geneva,135,3,8.75533,0.00002,6
boost,289,3,8.62431,0.00001,6
jones,449,4,8.52345,0.00037,6
uranium,232,4,8.13950,0.00009,6
typhoon,102,2,8.09280,0.00000,6
by-election,116,3,8.09062,0.00000,6
denmark,265,4,7.96776,0.00026,6
cenk,180,3,7.81126,0.00000,6
italian,135,2,7.77950,0.00000,6
affairs,131,2,7.71460,0.00000,6
joe kent,257,3,7.68657,0.00003,6
african,230,2,7.58357,0.00001,6
arctic,203,4,7.36727,0.00017,6
kent,291,3,7.31636,0.00003,6
hotel,177,3,7.28817,0.00005,6
banned,280,3,7.18614,0.00000,6
frozen,105,1,6.55009,0.00000,6
weapons,617,4,6.49330,0.00019,6
options,209,3,6.32091,0.00018,6
politics,840,3,5.96716,0.00011,6
start,415,3,5.81969,0.00008,6
notice,174,1,5.75846,0.00000,6
session,412,2,5.71080,0.00000,6
program,322,2,5.67734,0.00000,6
presence,137,2,5.47358,0.00006,6
nigel,145,2,5.46486,0.00000,6
nigel farage,138,2,5.45286,0.00000,6
unity,184,2,5.41322,0.00003,6
influence,232,2,5.40725,0.00002,6
leadership,489,2,5.33416,0.00000,6
isis,115,1,5.33408,0.00000,6
ramps,135,1,4.97089,0.00000,6
sudan,199,2,4.82815,0.00011,6
brussels,196,2,4.68672,0.00000,6
playing,221,1,4.63323,0.00000,6
scrutiny,192,1,4.62615,0.00000,6
agrees,144,2,4.61665,0.00000,6
islands,113,1,4.50543,0.00000,6
rome,113,1,4.47588,0.00000,6
reset,144,1,4.38795,0.00000,6
peter,370,2,4.18094,0.00000,6
track,176,1,4.14069,0.00000,6
foreign policy,193,1,4.07684,0.00000,6
count,124,1,3.83368,0.00000,6
finance,155,1,3.81394,0.00000,6
unacceptable,105,1,3.79411,0.00000,6
reckoning,120,1,3.79287,0.00000,6
mp,433,2,3.78994,0.00000,6
departs,257,2,3.63678,0.00002,6
lands,220,2,3.60549,0.00000,6
removal,143,1,3.17282,0.00000,6
quit,218,1,3.16814,0.00000,6
grows,378,1,3.15476,0.00000,6
taking,540,2,3.14272,0.00003,6
danish,127,1,3.05471,0.00000,6
th amendment,144,1,2.98154,0.00000,6
edition,361,1,2.91527,0.00000,6
counter,143,1,2.77871,0.00000,6
restore,106,1,2.76022,0.00000,6
asking,163,1,2.73340,0.00000,6
alliance,306,1,2.66051,0.00000,6
mehdi,147,1,2.54943,0.00000,6
australian,140,1,2.50024,0.00000,6
nukes,256,1,2.48909,0.00000,6
badenoch,121,1,2.28155,0.00000,6
focus,427,1,2.21976,0.00000,6
vision,140,1,1.68937,0.00000,6
election,2993,73,159.64539,0.02175,7
primary,1055,54,144.16669,0.01261,7
gop,2735,59,118.27051,0.00882,7
race,1337,42,111.91439,0.00958,7
graham,1662,37,99.03247,0.00567,7
win,1542,44,96.25424,0.01951,7
mayor,1102,29,80.61841,0.00431,7
texas,1634,34,79.84001,0.00794,7
democrats,2748,42,73.50182,0.00406,7
governor,846,25,67.29154,0.00284,7
democratic,972,26,65.59260,0.00335,7
runoff,174,15,62.98343,0.00035,7
lindsey graham,865,20,62.81360,0.00105,7
lindsey,1136,21,62.06451,0.00143,7
victory,980,27,60.50605,0.00613,7
dems,1698,31,58.56744,0.00318,7
james,873,19,52.77679,0.00367,7
john,1062,16,52.14312,0.00160,7
party,1675,23,51.38731,0.00440,7
elections,1244,23,50.57302,0.00167,7
wins,829,20,49.80277,0.00162,7
republican,1235,19,48.45439,0.00077,7
platner,785,19,48.40528,0.00075,7
voters,1021,23,48.26250,0.00206,7
candidate,672,19,47.96897,0.00032,7
maine,438,14,44.04691,0.00139,7
talarico,438,14,42.95932,0.00351,7
graham platner,455,15,41.05772,0.00045,7
michigan,700,17,41.02105,0.00177,7
georgia,507,11,39.86220,0.00261,7
key,1211,18,38.98737,0.00235,7
save,1136,15,38.28647,0.00186,7
paxton,376,12,37.98183,0.00015,7
midterm,787,16,37.30903,0.00104,7
darline,151,9,36.68153,0.00006,7
carolina,371,10,36.39399,0.00006,7
darline graham,138,9,36.33296,0.00006,7
cornyn,192,10,34.53729,0.00003,7
raid,422,12,34.21072,0.00104,7
south carolina,256,9,33.89737,0.00004,7
abdul,465,14,33.86484,0.00326,7
el-sayed,565,14,33.47463,0.00111,7
pratt,382,11,30.63427,0.00050,7
ken paxton,227,9,29.62779,0.00003,7
dem,1208,13,29.54972,0.00053,7
la,567,9,28.85248,0.00009,7
spencer pratt,330,10,28.76944,0.00019,7
spencer,375,10,28.55668,0.00019,7
campaign,772,9,28.50883,0.00130,7
ken,314,9,28.46448,0.00003,7
special,969,10,28.09335,0.00104,7
seat,317,9,27.62916,0.00033,7
midterms,1008,12,27.23840,0.00040,7
time,1783,11,26.76919,0.00180,7
senator,859,11,25.59077,0.00055,7
james talarico,209,7,25.56521,0.00010,7
lines,293,8,24.96508,0.00044,7
abdul el-sayed,369,9,23.14436,0.00005,7
democrat,1203,12,22.17912,0.00066,7
collins,191,6,22.16316,0.00044,7
hungary,352,7,21.53532,0.00069,7
future,1037,10,20.14774,0.00334,7
tribute,335,5,19.94898,0.00008,7
mayoral,112,5,19.64497,0.00000,7
bass,113,6,19.42901,0.00000,7
crockett,269,6,18.70966,0.00001,7
massie,432,8,18.40566,0.00068,7
mike,1070,7,18.12655,0.00028,7
karen,236,6,18.06235,0.00000,7
socialist,494,7,17.99392,0.00021,7
huge,1256,8,17.96362,0.00045,7
capitol,410,6,17.70670,0.00023,7
polls,583,5,15.17297,0.00003,7
frey,138,5,15.01843,0.00017,7
fetterman,317,5,14.95064,0.00004,7
thune,141,4,14.83163,0.00002,7
candidates,294,5,14.72034,0.00001,7
sudden,179,4,14.67684,0.00000,7
jasmine,185,4,14.34888,0.00000,7
primaries,262,4,14.23809,0.00001,7
sister,158,4,14.23424,0.00001,7
arms,346,6,14.11309,0.00066,7
jan,309,4,14.09021,0.00038,7
orban,168,4,14.02910,0.00010,7
kentucky,169,4,12.47748,0.00000,7
coverage,427,5,12.39162,0.00039,7
long,449,3,12.31983,0.00001,7
angeles,207,4,12.22883,0.00000,7
los angeles,203,4,12.22883,0.00000,7
los,211,4,12.20005,0.00000,7
brother,176,3,12.12051,0.00000,7
piker,427,5,11.62658,0.00007,7
hot,315,3,11.60065,0.00003,7
hasan piker,410,5,11.54692,0.00007,7
moments,362,4,11.29549,0.00015,7
hands,259,3,11.15325,0.00006,7
flip,183,3,11.13269,0.00000,7
midterm convention,129,4,10.96200,0.00023,7
schumer,281,3,10.21825,0.00036,7
results,380,3,10.07957,0.00000,7
jasmine crockett,174,3,9.91042,0.00000,7
dallas,138,3,9.72655,0.00002,7
fulton county,125,3,9.52001,0.00000,7
running,566,4,9.41991,0.00025,7
congressman,342,4,9.08298,0.00050,7
communist,227,3,8.84484,0.00005,7
head,437,2,8.69528,0.00000,7
relationship,302,3,8.66295,0.00005,7
winning,400,3,8.65969,0.00000,7
orb,131,2,8.31394,0.00000,7
thomas massie,202,3,7.94373,0.00019,7
blood,220,2,7.84223,0.00001,7
interference,111,3,7.79212,0.00044,7
socialists,228,3,7.74680,0.00000,7
thomas,349,3,7.59091,0.00019,7
id,222,3,7.13729,0.00000,7
ossoff,179,2,7.04564,0.00002,7
hilton,198,2,6.98250,0.00000,7
strategy,805,4,6.97592,0.00013,7
landslide,145,2,6.36111,0.00000,7
progressive,158,2,6.13852,0.00000,7
establishment,176,2,6.05755,0.00000,7
wisconsin,210,2,5.96256,0.00036,7
local,263,2,5.72993,0.00002,7
steal,193,2,5.62933,0.00000,7
voter id,143,2,5.59809,0.00000,7
chuck,155,1,5.26934,0.00000,7
replace,248,2,5.25230,0.00000,7
trail,100,1,5.10368,0.00000,7
takeaways,105,1,5.09952,0.00000,7
heats,122,1,4.76303,0.00000,7
jon,318,1,4.57223,0.00000,7
scores,100,1,4.52666,0.00000,7
natalie,242,2,4.48993,0.00022,7
endorsement,135,2,4.30580,0.00023,7
rnc,164,2,4.22311,0.00000,7
blasts,1150,3,4.20228,0.00001,7
lawmaker,297,1,4.16315,0.00000,7
illinois,122,1,4.07697,0.00000,7
bangladesh,393,2,4.03622,0.00004,7
ad,187,1,4.01225,0.00000,7
commission,115,1,3.99952,0.00000,7
rioters,107,1,3.99675,0.00000,7
lives,301,1,3.92997,0.00000,7
won,333,2,3.85237,0.00041,7
dsa,323,2,3.79466,0.00000,7
races,154,1,3.66511,0.00000,7
sc,105,1,3.27443,0.00000,7
democratic party,231,1,3.19145,0.00000,7
district,175,1,3.03866,0.00000,7
hong,180,1,2.97261,0.00000,7
carville,122,1,2.84954,0.00000,7
socialism,254,1,2.68456,0.00000,7
rigged,108,1,2.49978,0.00000,7
illegals,146,1,2.01163,0.00000,7
aipac,196,1,2.00055,0.00000,7
ice,6183,111,200.21765,0.02496,8
police,2270,68,159.78256,0.01013,8
minneapolis,1967,73,131.05543,0.01048,8
minnesota,1983,55,117.19789,0.00887,8
crisis,2784,48,111.75613,0.01401,8
man,1761,40,93.12029,0.00620,8
protests,1692,38,92.14371,0.00962,8
charges,658,26,82.15173,0.00238,8
border,1233,30,81.08819,0.00249,8
shot,838,27,80.83395,0.00136,8
gas,1159,28,80.37365,0.00447,8
protest,2030,35,76.99602,0.00279,8
agent,758,27,72.76414,0.00160,8
outside,656,26,72.28953,0.00462,8
protesters,1158,27,68.35665,0.00235,8
agents,975,30,67.78325,0.00416,8
arrested,1084,24,62.56504,0.00137,8
conference,2237,28,61.90068,0.00298,8
tsa,382,19,54.49912,0.00117,8
surge,771,17,47.93318,0.00187,8
woman,1242,17,43.91004,0.00075,8
alex,1142,18,41.07132,0.00303,8
ceuta,244,11,40.96704,0.00035,8
armed,344,10,39.81836,0.00055,8
immigration,1024,16,39.12495,0.00244,8
shoots,307,12,37.96025,0.00069,8
kill,787,15,36.70428,0.00369,8
officer,573,13,34.96504,0.00033,8
migrants,347,10,34.84861,0.00032,8
homan,393,11,34.56999,0.00078,8
church,470,13,32.90358,0.00092,8
fatal,544,12,32.86831,0.00062,8
year-old,533,11,32.12452,0.00050,8
illegal,928,10,31.97242,0.00052,8
pretti,517,13,31.71537,0.00017,8
rally,1156,12,31.09928,0.00040,8
alex pretti,441,12,30.18728,0.00013,8
good,1032,15,30.10019,0.00525,8
tom,538,9,28.11851,0.00034,8
fatally,135,7,27.57109,0.00000,8
tom homan,264,8,27.26174,0.00056,8
commander,233,6,26.58735,0.00008,8
renee,288,11,26.47790,0.00012,8
pay,722,8,26.38540,0.00047,8
anti-ice,463,11,25.03057,0.00011,8
border czar,118,6,24.98645,0.00000,8
bovino,157,7,24.23153,0.00006,8
migrant,346,7,24.22895,0.00026,8
price,485,7,24.12276,0.00267,8
czar,144,6,24.10111,0.00000,8
water,536,7,24.07366,0.00040,8
violent,421,7,23.55916,0.00006,8
border patrol,240,7,21.87609,0.00006,8
patrol,271,7,21.47730,0.00006,8
renee good,251,9,21.15450,0.00011,8
officers,370,8,21.12180,0.00006,8
centcom,211,7,20.99959,0.00047,8
don,622,8,20.03604,0.00016,8
clashes,404,6,19.30933,0.00001,8
crackdown,676,8,19.25058,0.00044,8
tate,252,5,18.57142,0.00066,8
mar-a-lago,155,4,18.33655,0.00000,8
don lemon,509,8,17.47484,0.00009,8
airports,230,6,17.47173,0.00007,8
tear,161,5,17.45069,0.00002,8
aliens,229,5,17.43794,0.00045,8
policy,707,8,16.89458,0.00029,8
federal agents,187,7,16.73408,0.00002,8
arrests,391,8,16.55348,0.00018,8
lemon,538,7,16.32190,0.00006,8
detention,272,4,16.09252,0.00005,8
supporters,430,6,15.89292,0.00055,8
shootings,172,5,15.38647,0.00002,8
workers,561,5,15.05690,0.00012,8
supply,396,5,13.76757,0.00000,8
erupt,389,5,12.70595,0.00006,8
enforcement,308,6,12.46929,0.00012,8
shoot,171,3,11.85413,0.00000,8
escalate,316,6,11.84784,0.00037,8
murdaugh,105,3,11.70118,0.00000,8
houston,119,3,11.46449,0.00000,8
ireland,231,4,11.36103,0.00033,8
turns,978,5,10.97501,0.00014,8
kings,233,3,10.62464,0.00000,8
migration,120,3,10.11959,0.00003,8
deepens,319,3,9.90317,0.00010,8
facing,334,3,9.77931,0.00003,8
rift,192,3,9.71017,0.00006,8
block,461,4,9.66309,0.00003,8
crossing,129,3,9.65171,0.00003,8
insurrection act,120,4,9.26694,0.00035,8
systems,159,2,9.12882,0.00001,8
suspects,142,3,8.78916,0.00002,8
centers,370,3,8.78435,0.00007,8
trying,657,4,8.75614,0.00047,8
insurrection,183,4,8.67084,0.00035,8
intensify,165,3,8.55375,0.00002,8
medicaid,127,2,8.41507,0.00000,8
consulate,139,2,8.21344,0.00002,8
spanish,163,2,7.66830,0.00000,8
nowak,115,3,7.60620,0.00004,8
tried,373,2,7.58572,0.00050,8
henry nowak,113,3,7.51638,0.00004,8
hide,216,2,7.33880,0.00002,8
northern,187,2,7.20368,0.00008,8
south africa,356,2,7.17949,0.00001,8
drought,114,2,7.12488,0.00000,8
dropped,195,2,6.95378,0.00000,8
boy,185,2,6.82376,0.00000,8
greg,383,2,6.78384,0.00000,8
allegedly,225,2,6.49412,0.00000,8
field,136,2,6.44638,0.00002,8
immigrant,186,2,6.41812,0.00001,8
immigrants,215,2,6.27751,0.00001,8
services,125,1,5.92134,0.00000,8
unrest,182,3,5.52119,0.00016,8
girl,231,1,4.72056,0.00000,8
paid,196,1,4.51024,0.00000,8
friday,171,1,4.42354,0.00000,8
residence,165,1,4.16880,0.00000,8
paying,168,1,4.10600,0.00000,8
mental health,136,1,4.10165,0.00000,8
catholic,111,1,4.08300,0.00000,8
brothers,146,1,3.95697,0.00000,8
humanitarian,103,1,3.87714,0.00000,8
affordability,242,1,3.85314,0.00000,8
administration,720,2,3.80577,0.00012,8
lindell,109,1,3.75679,0.00000,8
mike lindell,101,1,3.75450,0.00000,8
chase,142,1,3.68753,0.00000,8
nationwide,242,1,3.28786,0.00000,8
stein,249,1,3.18798,0.00000,8
pastor,224,1,3.17763,0.00000,8
keith,108,1,3.05732,0.00000,8
law enforcement,171,2,2.92056,0.00003,8
toronto,152,1,2.71440,0.00000,8
cooperation,169,1,2.59921,0.00000,8
agency,142,1,2.53691,0.00000,8
reforms,145,1,2.51186,0.00000,8
climate,292,1,2.36053,0.00000,8
vehicle,134,1,2.26994,0.00000,8
nj,130,1,2.20335,0.00000,8
protests erupt,143,1,2.10540,0.00000,8
tactics,170,1,2.04865,0.00000,8
killings,147,1,2.00565,0.00000,8
training,166,1,1.98944,0.00000,8
horrific,167,1,1.81615,0.00000,8
deaths,317,1,1.67285,0.00000,8
accountability,230,1,1.61678,0.00000,8
protestors,162,1,1.60432,0.00000,8
protester,182,1,1.39198,0.00000,8
leftist,256,1,1.36000,0.00000,8
amid,5348,71,133.51183,0.02057,9
prices,1619,34,96.75318,0.00754,9
global,2242,41,76.08874,0.00777,9
energy,1233,27,67.32657,0.00444,9
hits,1885,32,66.82004,0.00418,9
storm,903,25,65.60132,0.00435,9
americans,1957,31,65.49083,0.00412,9
power,2241,24,63.35326,0.00716,9
uss,394,15,54.43270,0.00184,9
lincoln,362,13,53.27221,0.00188,9
tensions,1335,22,53.27076,0.00201,9
memorial,487,14,53.20570,0.00143,9
fuel,680,16,52.03292,0.00069,9
winter,593,16,47.81691,0.00195,9
middle east,1471,22,46.36277,0.00262,9
record,935,16,44.73513,0.00210,9
europe,1906,21,43.32469,0.00298,9
east,1682,18,43.14931,0.00094,9
middle,1615,19,42.52059,0.00136,9
high,940,14,41.71301,0.00108,9
flights,249,9,40.64079,0.00046,9
expert,985,19,39.23941,0.00262,9
gas prices,493,14,39.03329,0.00092,9
pool,612,9,33.99713,0.00144,9
poll,489,9,32.08844,0.00218,9
heat,452,9,29.90295,0.00126,9
rising,610,9,28.93921,0.00005,9
total,669,9,28.79660,0.00099,9
reflecting pool,401,7,28.28875,0.00086,9
reflecting,416,7,28.10963,0.00086,9
aircraft,527,10,27.81035,0.00014,9
costs,421,8,26.57557,0.00019,9
green,356,8,26.49068,0.00167,9
carrier,163,6,25.10638,0.00002,9
airlines,264,6,25.07932,0.00023,9
economy,1305,10,24.72264,0.00034,9
escalates,577,12,24.53265,0.00103,9
conditions,229,5,23.88090,0.00037,9
heavy,334,5,23.07261,0.00038,9
rise,865,8,22.39195,0.00008,9
winter storm,287,6,22.05463,0.00010,9
stocks,690,11,21.90327,0.00091,9
legal,799,9,21.65354,0.00054,9
support,1058,10,20.70346,0.00173,9
conflict,1289,9,19.79285,0.00018,9
travel,388,6,19.61366,0.00014,9
apart,580,6,19.53537,0.00116,9
card,255,5,19.43425,0.00106,9
pirro,196,5,19.07820,0.00003,9
higher,291,5,17.61809,0.00001,9
weather,239,4,17.46825,0.00076,9
fall,525,6,17.43531,0.00016,9
snow,211,5,17.32547,0.00011,9
finds,372,4,17.02780,0.00238,9
heatwave,241,6,16.41898,0.00023,9
uss abraham,103,3,16.37169,0.00000,9
abraham lincoln,116,3,16.31932,0.00001,9
severe,222,3,16.15330,0.00036,9
markets,655,6,15.36639,0.00026,9
eclipse,130,4,15.27358,0.00007,9
spike,134,4,15.18472,0.00000,9
deployment,175,3,15.06508,0.00036,9
solar,125,4,14.95826,0.00007,9
soar,160,4,14.81274,0.00000,9
coast,337,4,14.73446,0.00002,9
farmers,317,5,14.41083,0.00024,9
approval,279,4,13.44386,0.00026,9
rain,277,3,13.30258,0.00005,9
extreme,241,3,12.71662,0.00011,9
shock,1639,6,12.66163,0.00033,9
marines,143,3,12.58350,0.00000,9
jeanine,126,3,12.45237,0.00000,9
jeanine pirro,124,3,12.41461,0.00000,9
flight,364,3,12.32397,0.00003,9
lies,885,7,12.25474,0.00109,9
low,406,3,12.15541,0.00002,9
breaks,1628,5,11.77351,0.00048,9
impact,670,6,11.58645,0.00067,9
magnitude earthquake,116,3,11.50822,0.00001,9
sailors,144,3,11.20185,0.00000,9
plants,138,3,10.87520,0.00012,9
escalating,191,4,10.43917,0.00012,9
credit,215,2,9.57326,0.00036,9
uss lincoln,173,3,9.38069,0.00008,9
class,224,3,9.18118,0.00015,9
shortage,193,3,9.12151,0.00010,9
al,365,2,9.08622,0.00002,9
facilities,145,3,9.08576,0.00001,9
internet,498,3,8.97851,0.00041,9
land,364,3,8.69255,0.00031,9
rains,141,2,8.56600,0.00001,9
play,352,2,8.55044,0.00001,9
cold,212,4,8.49153,0.00073,9
regional,218,3,8.26035,0.00000,9
explode,306,2,8.16457,0.00000,9
prediction,199,2,7.91710,0.00000,9
touts,263,4,7.86992,0.00020,9
dangerous,717,3,7.67958,0.00007,9
grab,199,2,7.55151,0.00001,9
grid,103,2,7.42508,0.00000,9
chris,393,2,7.10879,0.00002,9
infrastructure,241,3,7.04953,0.00006,9
stolen,190,2,6.87709,0.00009,9
weekend,423,2,6.67083,0.00000,9
balance,787,3,6.39160,0.00023,9
ongoing,244,3,6.22703,0.00009,9
cancelled,148,1,6.03511,0.00000,9
role,437,2,6.02730,0.00004,9
troop,125,1,5.73786,0.00000,9
working,383,2,5.72502,0.00001,9
stakes,100,1,5.64517,0.00000,9
storms,255,1,5.62079,0.00000,9
study,158,1,5.44042,0.00000,9
failure,382,2,5.22088,0.00012,9
explains,1109,2,5.18900,0.00000,9
blackout,123,1,5.08349,0.00000,9
private,349,1,4.92539,0.00000,9
abraham,162,1,4.92380,0.00000,9
trigger,243,2,4.71024,0.00000,9
cuomo,591,2,4.49099,0.00006,9
numbers,312,1,4.46457,0.00000,9
diesel,103,1,4.43825,0.00000,9
tension,114,2,4.26493,0.00005,9
supplies,119,1,4.20110,0.00000,9
destruction,285,1,4.19048,0.00000,9
lower,213,1,4.15786,0.00000,9
rips,415,1,4.15722,0.00000,9
light,197,1,3.93784,0.00000,9
braces,123,1,3.92645,0.00000,9
beef,126,1,3.86066,0.00000,9
fell,100,1,3.75882,0.00000,9
drives,122,1,3.73519,0.00000,9
falling,243,1,3.52911,0.00000,9
struggle,211,1,3.47816,0.00000,9
stranded,183,1,3.20383,0.00000,9
turmoil,123,1,3.01347,0.00000,9
tears,321,1,2.91142,0.00000,9
uncertainty,154,1,2.87032,0.00000,9
financial,317,1,2.74134,0.00000,9
dispute,165,1,2.25481,0.00000,9
destroys,685,1,1.75581,0.00000,9
deal,4895,84,157.04673,0.03251,10
talks,4199,73,149.65189,0.01499,10
iran,35756,107,132.82528,0.03376,10
says,11117,80,125.18513,0.02713,10
peace,2469,51,115.23093,0.01029,10
war,18950,70,101.04331,0.02611,10
plan,2509,31,61.16578,0.00592,10
rejects,809,21,54.25129,0.00393,10
kushner,268,12,47.09271,0.00073,10
witkoff,139,10,41.05026,0.00159,10
us-iran,2043,21,37.31360,0.00393,10
machado,124,9,34.63701,0.00044,10
resort,184,8,29.67092,0.00248,10
warner,147,6,27.38819,0.00071,10
steve,975,8,26.84492,0.00139,10
envoys,119,7,25.96599,0.00003,10
proposal,334,9,25.09589,0.00084,10
bros,161,5,24.78408,0.00060,10
opposition,433,6,21.27017,0.00015,10
medal,242,6,21.21337,0.00031,10
nobel,130,5,20.79604,0.00006,10
venezuelan,374,7,20.04775,0.00081,10
bar,228,6,19.26936,0.00008,10
jeffries,346,7,19.23316,0.00028,10
bid,583,6,16.94927,0.00031,10
signals,420,7,15.96932,0.00047,10
jared,191,3,15.05470,0.00002,10
prize,140,4,14.97890,0.00003,10
possible,545,5,14.65089,0.00033,10
progress,248,6,13.69813,0.00016,10
soon,452,6,13.60638,0.00247,10
austin,166,5,13.48141,0.00009,10
ready,787,8,13.44325,0.00079,10
worst,644,4,13.35701,0.00039,10
swiss,153,4,11.77145,0.00000,10
we're,777,4,11.36396,0.00046,10
fm,465,4,11.34206,0.00007,10
araghchi,214,4,11.25727,0.00004,10
jared kushner,120,2,11.22890,0.00000,10
career,330,3,11.13214,0.00004,10
paramount,102,2,11.02907,0.00000,10
signed,125,5,10.97027,0.00044,10
russia-ukraine,155,4,10.77012,0.00012,10
netflix,164,2,10.68489,0.00000,10
way,824,4,10.33010,0.00021,10
mixed,155,3,9.60483,0.00000,10
unveils,550,4,9.46436,0.00043,10
backfires,818,4,8.80524,0.00180,10
coming,824,3,8.59726,0.00245,10
ending,268,3,7.76631,0.00034,10
reach,339,4,7.65281,0.00000,10
regrets,148,3,7.46273,0.00105,10
reached,161,3,7.41625,0.00006,10
framework,116,3,7.39326,0.00006,10
fail,340,3,7.16303,0.00000,10
instantly,357,2,7.01315,0.00001,10
messages,127,2,6.61754,0.00000,10
potential,454,3,6.61626,0.00003,10
loud,112,2,6.57189,0.00000,10
quiet,160,2,6.37184,0.00000,10
ends,786,3,6.15557,0.00020,10
delegation,149,2,6.00246,0.00000,10
agreed,106,3,5.95390,0.00033,10
met,198,2,5.42522,0.00036,10
merger,100,1,5.12226,0.00000,10
ended,174,2,5.03414,0.00005,10
iran-us,193,3,4.84923,0.00010,10
needs,521,3,4.76174,0.00064,10
resume,169,2,4.55734,0.00000,10
luxury,136,1,4.52635,0.00000,10
offer,265,1,4.42387,0.00000,10
he'll,137,2,4.35110,0.00017,10
culture,364,2,4.22629,0.00036,10
gala,124,1,4.10383,0.00000,10
insists,112,3,3.90370,0.00031,10
closer,154,2,3.82894,0.00005,10
nightmare,611,1,3.82591,0.00000,10
envoy,373,2,3.67233,0.00000,10
hints,170,2,3.64828,0.00006,10
gonna,135,1,3.59091,0.00000,10
prepared,126,2,3.50571,0.00020,10
mou,197,2,3.45495,0.00001,10
saw,204,1,3.23536,0.00000,10
stunt,238,1,3.05635,0.00000,10
diplomatic,193,2,2.98811,0.00004,10
chance,195,2,2.82713,0.00006,10
cancel,183,1,2.75314,0.00000,10
hopes,234,1,2.54284,0.00000,10
crucial,197,1,2.51054,0.00000,10
hasn't,101,1,2.50656,0.00000,10
tiktok,234,1,2.37814,0.00000,10
terms,176,1,2.25266,0.00000,10
crimes,378,1,2.17884,0.00000,10
shouldn't,124,1,2.17777,0.00000,10
rush,217,1,2.06336,0.00000,10
diplomacy,289,1,2.04719,0.00000,10
destroy,487,1,2.04561,0.00000,10
strategist,122,1,2.03995,0.00000,10
close,676,1,1.94317,0.00000,10
needed,116,1,1.90843,0.00000,10
machine,198,1,1.89701,0.00000,10
failed,469,1,1.88941,0.00000,10
hails,329,1,1.77282,0.00000,10
rages,271,1,1.62476,0.00000,10
edge,264,1,1.58699,0.00000,10
likely,278,1,1.56074,0.00000,10
having,207,1,1.51078,0.00000,10
veterans,155,1,1.46832,0.00000,10
lot,282,1,1.44722,0.00000,10
goals,104,1,1.42003,0.00000,10
quick,130,1,1.41561,0.00000,10
zone,217,1,1.39894,0.00000,10
leverage,139,1,1.37918,0.00000,10
renewed,108,1,1.37818,0.00000,10
begun,120,1,1.33952,0.00000,10
better,330,1,1.31587,0.00000,10
believes,101,1,1.30047,0.00000,10
o'reilly,142,1,1.28311,0.00000,10
fuels,184,1,1.24462,0.00000,10
naval blockade,137,1,1.23315,0.00000,10
taken,259,1,1.23311,0.00000,10
complete,287,1,1.20220,0.00000,10
clock,111,1,1.19383,0.00000,10
starting,125,1,1.19049,0.00000,10
starts,187,1,1.18632,0.00000,10
striking,146,1,1.18410,0.00000,10
locked,126,1,1.15140,0.00000,10
months,309,1,1.14868,0.00000,10
totally,121,1,1.13770,0.00000,10
attacking,227,1,1.01196,0.00000,10
we'll,152,1,1.00126,0.00000,10
court,3583,95,223.22963,0.02424,11
supreme,2469,66,178.49762,0.00850,11
supreme court,1927,57,146.53685,0.00871,11
leader,1900,29,81.89601,0.00381,11
funeral,544,22,77.16754,0.00279,11
act,1291,30,70.51528,0.00711,11
major,2549,34,68.34555,0.00523,11
tariffs,1221,27,64.98075,0.00345,11
khamenei,1161,26,64.89078,0.00513,11
supreme leader,511,17,59.20478,0.00110,11
prince,518,16,53.47761,0.00222,11
arguments,190,15,51.51656,0.00023,11
tehran,1620,28,51.28646,0.00550,11
tariff,712,21,50.29094,0.00361,11
rights,680,15,44.68104,0.00360,11
jackson,446,13,42.73275,0.00247,11
ruling,743,15,42.25151,0.00027,11
mail,152,10,40.48131,0.00026,11
voting,675,16,40.13927,0.00158,11
order,970,14,39.07509,0.00107,11
obama,871,13,39.04029,0.00097,11
ali,332,12,38.93648,0.00077,11
presidential,454,10,37.95759,0.00067,11
redistricting,401,14,36.42600,0.00098,11
construction,169,8,33.70100,0.00043,11
transgender,176,8,33.01904,0.00003,11
late,323,9,32.96422,0.00017,11
ali khamenei,129,8,32.65892,0.00008,11
jesse,986,10,32.53021,0.00110,11
ayatollah,232,8,32.39591,0.00008,11
jesse jackson,226,9,31.93519,0.00075,11
scotus,767,12,31.92453,0.00018,11
citizenship,580,11,31.12981,0.00029,11
ballroom,499,10,30.51216,0.00064,11
virginia,522,12,30.29366,0.00107,11
blow,595,12,30.02509,0.00115,11
cook,141,7,29.96059,0.00017,11
birthright,502,10,28.92930,0.00011,11
son,524,9,28.90338,0.00044,11
trans,407,10,28.72729,0.00057,11
mail-in,183,8,28.57364,0.00001,11
khamenei funeral,152,8,28.22352,0.00010,11
map,323,9,27.81572,0.00018,11
birthright citizenship,444,10,27.78859,0.00077,11
site,355,10,27.14126,0.00029,11
harry,300,7,25.67492,0.00024,11
iranians,435,8,25.21268,0.00009,11
operations,395,8,24.57976,0.00037,11
decision,550,8,24.55734,0.00012,11
athlete,106,6,23.56388,0.00000,11
father,427,7,22.72488,0.00055,11
ballots,195,7,22.68483,0.00023,11
chicago,316,7,22.62674,0.00021,11
athletes,179,6,22.38314,0.00000,11
civil,469,7,21.52155,0.00118,11
push,1113,10,20.33815,0.00037,11
law,1043,6,20.22370,0.00028,11
hears,117,5,20.16718,0.00000,11
loss,547,9,19.99744,0.00068,11
meghan,153,5,19.91922,0.00004,11
daily,759,5,19.79883,0.00036,11
prince harry,131,5,19.75859,0.00015,11
ballot,202,7,19.11819,0.00015,11
regime,1041,9,18.58132,0.00091,11
voting rights,181,6,18.53230,0.00004,11
rev,115,5,18.37121,0.00005,11
congressional,334,6,18.18429,0.00014,11
millions,577,6,18.11926,0.00012,11
bans,256,5,17.91295,0.00000,11
rules,532,6,17.23079,0.00008,11
suffers,308,5,16.68964,0.00038,11
abortion,155,4,16.39595,0.00011,11
farewell,121,4,15.84931,0.00004,11
lisa,111,4,15.26166,0.00000,11
attend,370,5,14.22359,0.00011,11
held,353,3,13.94285,0.00019,11
palace,127,3,13.90125,0.00003,11
weighs,480,6,13.64120,0.00046,11
mojtaba khamenei,186,3,13.05933,0.00001,11
mojtaba,318,3,12.98018,0.00001,11
run,728,6,12.48351,0.00076,11
limits,143,4,12.37700,0.00013,11
crown,136,3,11.97895,0.00000,11
civil rights,118,3,11.71076,0.00000,11
blocks,396,5,11.67445,0.00036,11
allows,125,3,11.60132,0.00000,11
justices,108,3,10.52532,0.00000,11
hostage,177,2,9.97263,0.00000,11
rule,298,4,9.85794,0.00006,11
access,298,2,8.79062,0.00001,11
escalation,517,5,8.77288,0.00028,11
combat,248,2,8.63425,0.00000,11
asks,328,3,8.63423,0.00011,11
hole,108,2,8.19656,0.00000,11
library,117,2,7.79546,0.00000,11
retaliates,107,3,7.53096,0.00000,11
appears,252,2,7.43385,0.00000,11
pushes,617,4,7.37544,0.00009,11
sharia,129,2,6.82848,0.00003,11
early,459,2,6.40445,0.00001,11
holding,182,2,6.36217,0.00018,11
appeal,198,3,6.20157,0.00000,11
breakthrough,173,2,6.01297,0.00001,11
shift,343,2,5.86882,0.00002,11
struck,217,2,5.59957,0.00000,11
gun,348,2,5.59084,0.00012,11
visits,441,2,5.44607,0.00002,11
michael,867,2,5.33958,0.00008,11
watters,265,1,4.73518,0.00000,11
groups,190,1,4.52495,0.00000,11
appear,107,1,4.14008,0.00000,11
humiliation,273,1,3.94737,0.00000,11
crushing,162,1,3.28073,0.00000,11
appeals,117,1,2.82920,0.00000,11
alabama,116,1,2.74936,0.00000,11
wire,124,1,2.55779,0.00000,11
challenge,286,1,2.53799,0.00000,11
decisions,116,1,2.43218,0.00000,11
losses,215,1,2.11370,0.00000,11
filing,111,1,1.58705,0.00000,11
cup,2268,53,134.41464,0.00658,12
world cup,2200,51,130.35801,0.00587,12
world,8860,53,102.08346,0.01056,12
spain,1045,36,99.52983,0.00721,12
fans,853,27,81.54549,0.00229,12
fifa,1137,29,79.79983,0.00249,12
canada,1752,31,77.91061,0.00862,12
ahead,1977,39,73.81778,0.00946,12
america,7795,37,68.43011,0.01151,12
event,1131,27,62.83773,0.00461,12
leaders,1666,26,57.60229,0.00305,12
team,1011,20,57.36790,0.00238,12
sports,1284,15,46.39436,0.00081,12
final,1057,17,45.41232,0.00309,12
usa,909,13,38.64983,0.00057,12
clash,1008,15,35.67878,0.00133,12
argentina,350,10,35.41052,0.00006,12
gold,603,10,32.70590,0.00153,12
women,1606,14,29.30255,0.00123,12
hockey,195,8,27.51107,0.00028,12
gather,349,8,27.38646,0.00027,12
soccer,211,8,27.06638,0.00031,12
stage,558,8,25.65483,0.00072,12
morocco,153,8,25.19853,0.00004,12
madrid,141,7,25.11571,0.00063,12
england,329,8,24.65131,0.00015,12
champions,132,7,24.18206,0.00060,12
men,912,8,22.72606,0.00010,12
ontario,168,7,22.71824,0.00045,12
arrive,394,9,21.91331,0.00034,12
ford,180,5,21.72192,0.00005,12
stadium,130,6,21.30931,0.00000,12
point,690,8,21.16114,0.00049,12
celebrate,335,7,20.90784,0.00033,12
football,278,6,20.32227,0.00012,12
real,1582,7,19.86233,0.00094,12
round,289,6,18.66909,0.00039,12
premier,116,4,18.42577,0.00004,12
norway,237,6,18.18859,0.00013,12
retaliatory,127,5,18.14410,0.00011,12
messi,176,5,16.56031,0.00000,12
react,576,6,16.41327,0.00039,12
crime,661,5,16.30966,0.00037,12
match,353,6,16.25186,0.00036,12
college,380,4,16.09537,0.00003,12
league,140,3,15.83966,0.00001,12
players,214,5,15.48449,0.00008,12
jersey,228,5,14.71465,0.00040,12
boycott,179,4,14.63503,0.00001,12
egypt,188,5,14.17546,0.00000,12
portugal,106,5,14.06200,0.00000,12
brazil,219,4,12.96817,0.00004,12
scene,268,4,11.55391,0.00003,12
doug,119,3,11.17884,0.00000,12
story,1291,4,10.92976,0.00005,12
infantino,112,3,10.85562,0.00000,12
true,397,3,10.71971,0.00018,12
olympics,287,3,10.68454,0.00002,12
hate,433,4,10.65064,0.00025,12
business,559,4,10.61606,0.00072,12
shares,661,3,10.26294,0.00123,12
olympic,229,3,10.02837,0.00000,12
belgium,140,4,9.75429,0.00000,12
small,227,2,9.72657,0.00036,12
turning point,158,3,9.68175,0.00005,12
fan,179,3,8.88757,0.00000,12
splc,187,3,8.86374,0.00004,12
lula,101,2,8.83811,0.00002,12
crowds,132,2,8.51244,0.00000,12
lake,253,4,8.48733,0.00067,12
entry,121,2,8.25853,0.00036,12
lake ontario,109,3,8.12441,0.00020,12
group,661,3,7.96378,0.00007,12
australia,345,4,7.77422,0.00014,12
come,533,3,7.49984,0.00031,12
indiana,188,2,7.40408,0.00002,12
zealand,124,3,7.12413,0.00000,12
turning,460,2,7.09261,0.00000,12
denied,111,1,6.54354,0.00000,12
businesses,132,1,5.50585,0.00000,12
beat,283,2,5.33233,0.00000,12
centre,262,1,5.30373,0.00000,12
netherlands,124,2,4.88549,0.00000,12
tells,787,2,4.77886,0.00013,12
row,665,3,4.11691,0.00014,12
silver,130,1,3.82474,0.00000,12
bridge,223,1,3.38829,0.00000,12
th birthday,111,1,3.06084,0.00000,12
beats,146,1,2.47033,0.00000,12
divided,153,1,1.95208,0.00000,12
champion,140,1,1.79918,0.00000,12
kicks,190,1,1.60775,0.00000,12
shocks,463,1,1.55034,0.00000,12
communism,130,1,1.48616,0.00000,12
ai,4046,81,166.38511,0.03175,13
launches,1532,43,102.42460,0.00982,13
nasa,805,29,89.81777,0.00368,13
artemis,1051,26,68.98171,0.00232,13
artemis ii,931,26,66.10393,0.00342,13
space,589,19,64.56501,0.00193,13
spacex,583,17,64.01418,0.00149,13
billion,1141,24,63.83010,0.00637,13
moon,652,21,62.91073,0.00089,13
mission,931,23,62.74041,0.00188,13
return,815,18,55.05535,0.00084,13
ii,1001,22,54.36590,0.00261,13
crew,614,18,53.05424,0.00081,13
rocket,270,13,52.33225,0.00022,13
historic,1110,20,51.97311,0.00314,13
earth,404,16,49.19676,0.00061,13
launch,783,19,48.47419,0.00179,13
openai,311,12,44.51846,0.00031,13
musk,1045,12,39.53359,0.00355,13
astronauts,295,11,38.32787,0.00005,13
lawsuit,679,12,35.74127,0.00040,13
elon,919,10,34.41965,0.00062,13
elon musk,781,9,34.31078,0.00036,13
tech,1115,12,30.07594,0.00100,13
moon mission,179,9,29.06606,0.00001,13
station,244,6,28.37079,0.00040,13
starlink,123,5,27.99883,0.00015,13
lunar,116,8,27.50840,0.00007,13
altman,129,6,27.42411,0.00000,13
honor,278,8,27.05541,0.00074,13
sam,360,7,26.93523,0.00036,13
blue,416,7,26.17924,0.00014,13
ipo,287,8,24.95032,0.00018,13
ii crew,262,9,24.86032,0.00001,13
anthropic,365,7,24.80274,0.00006,13
wave,394,8,24.10025,0.00045,13
fresh,540,11,21.86714,0.00159,13
million,912,10,21.80377,0.00142,13
members,721,6,20.33431,0.00055,13
international,507,4,18.39887,0.00005,13
returns,460,5,16.28167,0.00003,13
begins,703,7,16.26942,0.00042,13
astronaut,140,6,16.11305,0.00000,13
cost,558,5,15.81137,0.00115,13
irs,141,4,15.74287,0.00005,13
ii astronauts,103,5,15.14507,0.00000,13
test,516,4,14.51338,0.00019,13
explodes,887,5,13.56428,0.00021,13
guard,457,4,13.40440,0.00044,13
plans,821,5,12.72702,0.00022,13
settlement,205,3,12.20793,0.00001,13
companies,279,4,10.64467,0.00041,13
jesus,313,3,9.12197,0.00005,13
journey,168,3,8.47455,0.00000,13
image,126,2,8.32319,0.00000,13
rogue,120,2,7.87835,0.00000,13
sanders,239,3,7.32287,0.00039,13
model,190,2,6.99724,0.00000,13
rare,351,2,6.95975,0.00003,13
worth,229,2,6.87063,0.00000,13
crypto,314,2,6.86660,0.00036,13
billionaires,214,2,6.27577,0.00004,13
prepares,336,3,5.98623,0.00000,13
ceos,119,2,5.83257,0.00000,13
dollar,357,2,5.44556,0.00000,13
boom,342,2,5.42052,0.00004,13
buy,248,2,5.33315,0.00000,13
bernie sanders,183,2,5.26890,0.00009,13
living,260,1,5.20721,0.00000,13
data centers,303,2,4.93298,0.00006,13
bernie,258,2,4.90221,0.00009,13
gang,145,1,4.62924,0.00000,13
giants,105,1,4.55922,0.00000,13
bitcoin,132,1,4.36381,0.00000,13
revolution,298,2,3.66484,0.00012,13
tesla,130,1,3.60531,0.00000,13
using,532,1,2.92521,0.00000,13
humanity,119,1,2.81207,0.00000,13
technology,171,1,2.58084,0.00000,13
slush fund,179,1,2.55702,0.00000,13
slush,181,1,2.55462,0.00000,13
development,218,1,2.25416,0.00000,13
harris,391,1,1.87635,0.00000,13
bet,156,1,1.62855,0.00000,13
wall street,303,1,1.49731,0.00000,13
investment,229,1,1.48420,0.00000,13
street,564,1,1.24448,0.00000,13
makes,1827,23,65.76799,0.00376,14
footage,777,23,62.10123,0.00519,14
troops,1541,28,59.52176,0.00767,14
american,2731,24,55.56467,0.00355,14
shows,1341,17,43.45116,0.00268,14
big,3448,18,41.78895,0.00242,14
released,584,14,38.88295,0.00118,14
claims,2215,18,34.82030,0.00321,14
merz,386,8,33.79198,0.00057,14
germany,764,12,33.15751,0.00146,14
history,1102,11,31.47107,0.00066,14
afd,146,7,29.63940,0.00049,14
claim,811,12,29.00229,0.00073,14
make,1217,9,23.99466,0.00062,14
announcement,842,11,23.27962,0.00143,14
mistake,446,8,23.16504,0.00068,14
moment,1086,9,23.12074,0.00136,14
shocking,1455,11,22.56115,0.00053,14
berlin,222,6,22.40230,0.00026,14
pride,254,6,22.12214,0.00015,14
bodycam,169,6,21.80304,0.00007,14
ground,733,5,20.84577,0.00060,14
body,333,6,20.49554,0.00048,14
invasion,611,7,19.10146,0.00075,14
damage,392,7,18.53327,0.00016,14
fallen,176,4,17.89088,0.00034,14
biggest,981,7,16.14979,0.00186,14
great,666,6,15.01228,0.00038,14
denies,385,5,15.00676,0.00035,14
camera,367,6,13.76856,0.00031,14
fair,296,4,13.61447,0.00002,14
month,329,4,13.35216,0.00002,14
sense,186,3,13.18318,0.00014,14
captures,323,5,11.92404,0.00028,14
flock,200,3,11.62613,0.00036,14
surveillance,230,4,11.55488,0.00077,14
appearance,157,3,11.22653,0.00004,14
honors,266,3,10.71195,0.00042,14
dramatic,333,3,10.64502,0.00002,14
flag,304,3,10.03566,0.00004,14
admission,235,3,10.02082,0.00000,14
aftermath,208,3,9.80398,0.00001,14
german,329,2,9.57850,0.00000,14
common,120,2,9.53950,0.00001,14
wants,1168,5,9.38209,0.00012,14
far-right,126,2,9.33033,0.00000,14
chancellor,213,2,9.31038,0.00000,14
largest,289,4,9.25745,0.00045,14
cam,782,3,8.67196,0.00004,14
deploys,296,4,8.53138,0.00034,14
silence,550,3,8.43315,0.00014,14
aerial,146,2,8.37122,0.00000,14
false,194,2,8.10466,0.00001,14
latin,113,2,7.48734,0.00007,14
stunning,477,3,7.44840,0.00013,14
debut,145,2,7.34421,0.00003,14
break,537,3,7.28082,0.00022,14
making,580,2,6.34969,0.00001,14
german chancellor,119,1,6.10954,0.00000,14
heroes,162,2,5.90823,0.00009,14
language,127,1,5.80928,0.00000,14
boots,112,2,5.48717,0.00010,14
newly,110,1,5.38815,0.00000,14
beautiful,100,2,5.34992,0.00006,14
greatest,182,2,4.87529,0.00007,14
citizen,177,2,4.75971,0.00007,14
sending,186,1,4.63136,0.00000,14
zero,243,1,4.61896,0.00000,14
awkward,110,1,4.44099,0.00000,14
bold,199,1,4.02432,0.00000,14
cameras,228,1,4.00663,0.00000,14
dream,261,1,3.88367,0.00000,14
realizes,137,1,3.48642,0.00000,14
terrifying,328,1,3.18421,0.00000,14
bets,142,1,3.15737,0.00000,14
muslim,486,1,3.11004,0.00000,14
citizens,282,1,3.03293,0.00000,14
confession,129,1,2.54195,0.00000,14
democracy,305,1,2.11531,0.00000,14
journalist,479,1,1.90117,0.00000,14
insane,1182,1,1.82309,0.00000,14
warning,2417,24,58.00037,0.00603,15
sparks,966,17,46.67671,0.00366,15
interview,1454,19,45.77923,0.00527,15
issues,1225,14,45.68169,0.00135,15
melania,886,17,44.83713,0.00618,15
debate,1901,20,40.23269,0.00295,15
goes,2365,16,39.99842,0.00571,15
concerns,625,10,34.86537,0.00190,15
gives,1072,11,33.35395,0.00331,15
threat,1958,16,32.23025,0.00118,15
message,1030,11,30.87976,0.00169,15
joe,1193,9,24.99278,0.00054,15
biden,876,9,22.76873,0.00149,15
cbs,428,7,21.10675,0.00083,15
raises,423,4,18.50610,0.00012,15
fears,638,6,18.12569,0.00090,15
colbert,217,5,17.45300,0.00035,15
abc,184,4,17.36702,0.00001,15
brutal,842,7,16.26401,0.00061,15
grow,298,4,15.61907,0.00012,15
alarm,531,4,15.55035,0.00041,15
kimmel,246,4,15.41173,0.00065,15
panic,1072,7,15.37856,0.00031,15
sends,751,6,14.83200,0.00009,15
ultimatum,371,5,14.19199,0.00060,15
fcc,135,3,12.52651,0.00006,15
outrage,326,4,12.34903,0.00234,15
check,467,4,12.22854,0.00076,15
slams,1687,7,11.64230,0.00027,15
chilling,525,4,11.61939,0.00001,15
racist,565,4,11.45380,0.00078,15
urgent,262,3,11.32438,0.00001,15
growing,437,4,11.18051,0.00004,15
crowd,445,4,10.83148,0.00014,15
reality,784,4,10.10783,0.00009,15
strong,395,3,9.90043,0.00003,15
fact,131,2,9.74284,0.00036,15
rant,230,3,9.56977,0.00234,15
stark,121,2,9.44846,0.00000,15
dire,129,2,9.02856,0.00000,15
jill biden,113,2,8.65311,0.00000,15
reality check,312,3,8.63590,0.00004,15
raise,261,2,8.44330,0.00001,15
jill,138,2,8.39944,0.00000,15
script,103,2,8.30997,0.00036,15
stephen,564,3,8.21123,0.00000,15
jimmy kimmel,154,2,7.77532,0.00011,15
extended,133,2,7.46671,0.00052,15
jimmy,292,2,7.18523,0.00011,15
send,307,2,7.14419,0.00003,15
issue,435,3,6.93215,0.00006,15
silent,256,2,6.74370,0.00001,15
mode,209,2,6.60175,0.00001,15
minutes,585,2,6.47425,0.00000,15
imminent,227,3,6.14888,0.00003,15
exclusive,678,2,5.99526,0.00004,15
checks,137,1,5.60717,0.00000,15
morning,1181,2,5.47256,0.00008,15
hunter,248,2,5.17379,0.00003,15
flips,171,1,5.16651,0.00000,15
hunter biden,191,2,5.14137,0.00003,15
controversy,357,2,4.94028,0.00001,15
sound,173,1,4.90804,0.00000,15
spark,179,1,4.71722,0.00000,15
admin,746,2,4.18958,0.00016,15
documentary,193,1,3.92331,0.00000,15
issued,119,1,3.91942,0.00000,15
joke,234,1,3.83284,0.00000,15
clear,263,1,3.58582,0.00000,15
rails,174,1,3.58272,0.00000,15
weiss,112,1,3.55791,0.00000,15
unhinged,345,1,3.48837,0.00000,15
leave,633,2,3.33032,0.00004,15
book,355,1,2.99722,0.00000,15
harp,149,1,2.50983,0.00000,15
mamdani,1888,35,85.10996,0.01132,16
city,1039,24,59.59688,0.00432,16
york,1192,18,57.15022,0.00187,16
tax,697,18,55.59967,0.00358,16
nyc,1264,19,45.30134,0.00183,16
parade,430,13,40.92927,0.00098,16
building,754,13,39.57570,0.00100,16
knicks,309,10,34.01702,0.00048,16
game,741,9,28.67568,0.00096,16
zohran,627,8,26.25036,0.00018,16
housing,322,8,25.12776,0.00112,16
zohran mamdani,475,7,24.54401,0.00005,16
wnba,332,8,22.88914,0.00097,16
heated,463,7,21.53082,0.00159,16
nba,298,6,21.16584,0.00022,16
market,860,6,20.93093,0.00011,16
job,626,5,19.66100,0.00075,16
york city,257,4,16.91613,0.00000,16
garden,134,4,15.88492,0.00006,16
cuts,527,5,15.55704,0.00024,16
sanctuary,142,3,15.36393,0.00032,16
stock,332,4,14.71951,0.00005,16
cities,342,5,14.01835,0.00024,16
times,2302,5,13.07602,0.00045,16
square,208,3,12.84183,0.00011,16
dollars,137,3,12.67603,0.00016,16
exchange,304,3,12.56340,0.00016,16
money,822,4,12.16207,0.00041,16
player,172,3,11.64576,0.00003,16
nba finals,124,3,11.58039,0.00001,16
nyc mayor,195,3,11.37662,0.00000,16
finals,164,3,11.34219,0.00001,16
labor,195,3,11.02591,0.00018,16
grocery,111,3,10.33083,0.00044,16
empire,289,3,10.20303,0.00000,16
taxpayer,106,2,9.15053,0.00001,16
rose,113,3,9.11853,0.00000,16
policies,366,2,8.83774,0.00001,16
doing,492,3,8.50845,0.00077,16
collapses,720,3,8.16830,0.00002,16
finish,145,3,7.28917,0.00030,16
billionaire,319,3,6.76598,0.00028,16
rich,244,2,6.67950,0.00000,16
nfl,240,2,6.58982,0.00005,16
bond,239,2,6.37668,0.00002,16
bipartisan,125,1,5.14477,0.00000,16
actually,621,2,4.46486,0.00036,16
blame,221,1,4.30197,0.00000,16
wealth,159,1,4.03734,0.00000,16
store,118,1,3.94428,0.00000,16
tips,106,1,3.80803,0.00000,16
nypd,177,1,3.45879,0.00000,16
clark,115,1,3.04736,0.00000,16
ny,388,1,2.85152,0.00000,16
sophie,101,1,2.52585,0.00000,16
inauguration,128,1,2.24425,0.00000,16
said,611,1,2.11407,0.00000,16
investigation,1139,37,86.37222,0.00512,17
chair,515,22,82.66334,0.00124,17
fed,1163,23,72.31127,0.00171,17
warsh,430,17,63.49940,0.00149,17
rates,342,14,54.97704,0.00046,17
fed chair,267,12,53.81133,0.00012,17
criminal,627,16,52.35784,0.00104,17
family,1426,24,52.35108,0.00171,17
powell,325,13,46.38334,0.00069,17
kevin warsh,209,9,38.88665,0.00013,17
kevin,444,10,38.58819,0.00047,17
pick,334,12,38.01356,0.00130,17
report,2531,17,37.82419,0.00367,17
inflation,604,13,37.57939,0.00096,17
jerome powell,118,7,30.50004,0.00001,17
jerome,119,7,30.45762,0.00001,17
federal reserve,166,6,28.90125,0.00001,17
reserve,216,6,28.58727,0.00001,17
nominee,198,7,28.30721,0.00002,17
jobs,573,9,28.04349,0.00061,17
nolan,474,13,27.95451,0.00116,17
answers,397,8,25.55812,0.00016,17
demands,1121,10,25.23611,0.00064,17
data,1064,10,24.90179,0.00305,17
demand,815,9,24.79157,0.00060,17
action,1071,9,23.45426,0.00042,17
wells,434,11,22.01126,0.00045,17
teen,445,8,20.61578,0.00017,17
rate,292,5,19.81726,0.00013,17
nolan wells,411,10,19.53850,0.00043,17
justice,735,9,17.20365,0.00087,17
takeover,464,5,15.21296,0.00031,17
photo,280,5,15.19818,0.00004,17
autopsy,138,5,14.51249,0.00005,17
cut,493,5,12.23278,0.00026,17
keeps,332,3,12.13566,0.00002,17
audio,195,5,12.07363,0.00004,17
palestine,267,4,11.18875,0.00005,17
dnc,145,3,10.70016,0.00001,17
leaked,547,4,10.11849,0.00016,17
sworn,146,3,9.96311,0.00011,17
hike,172,2,9.70576,0.00001,17
victim,300,4,9.58380,0.00049,17
surrender,326,3,7.20634,0.00001,17
odyssey,152,2,6.76989,0.00000,17
christopher,102,2,6.57476,0.00000,17
launched,150,2,5.63762,0.00006,17
love,444,2,5.16538,0.00009,17
proves,267,1,2.80126,0.00000,17
nyt,213,1,2.42420,0.00000,17
health,1209,26,75.34956,0.00454,18
outbreak,566,19,62.07565,0.00180,18
mass,1056,20,61.61266,0.00353,18
ebola,468,15,52.88773,0.00097,18
pope,750,18,50.14141,0.00257,18
officials,1177,20,46.86805,0.00290,18
pope leo,518,11,33.82845,0.00101,18
hantavirus,436,10,29.17138,0.00046,18
cruise,373,8,25.75579,0.00068,18
africa,1635,9,25.23278,0.00026,18
leo,548,9,24.41614,0.00082,18
say,1302,11,23.95395,0.00262,18
cases,324,7,22.03145,0.00041,18
trip,439,7,20.30795,0.00253,18
mcconnell,402,6,17.75476,0.00103,18
passengers,177,4,14.57769,0.00001,18
cruise ship,208,4,13.60107,0.00006,18
evacuations,140,3,13.16168,0.00001,18
leo xiv,176,3,12.72221,0.00000,18
xiv,176,3,12.72221,0.00000,18
experts,356,3,11.01423,0.00040,18
measles,108,2,10.97087,0.00000,18
leads,399,3,10.89327,0.00000,18
suspected,222,3,9.58420,0.00000,18
hantavirus outbreak,101,3,9.42810,0.00001,18
cdc,121,2,9.13999,0.00000,18
spreads,159,2,9.04945,0.00000,18
risks,359,3,8.24090,0.00041,18
cancels,194,2,7.56290,0.00008,18
mitch mcconnell,233,2,6.18477,0.00001,18
deportations,196,2,6.02011,0.00001,18
feud,175,2,5.92545,0.00003,18
mitch,269,2,5.88355,0.00001,18
speak,574,2,5.36857,0.00001,18
warn,257,1,4.77479,0.00000,18
road,259,1,4.60526,0.00000,18
uganda,137,1,4.49320,0.00000,18
doctor,323,2,4.38443,0.00011,18
brief,387,1,3.82079,0.00000,18
criticism,185,1,3.75772,0.00000,18
doctors,162,1,3.62196,0.00000,18
deportation,217,1,3.30598,0.00000,18
life,1249,14,44.69894,0.00276,19
dies,499,12,40.82885,0.00283,19
legacy,402,14,38.40521,0.00144,19
maga,3696,20,33.42203,0.00648,19
years,1586,12,30.39328,0.00208,19
star,542,6,21.27068,0.00258,19
country,987,7,21.20320,0.00136,19
dome,144,4,18.87585,0.00059,19
music,255,5,18.59991,0.00000,19
sentenced,191,4,18.35056,0.00014,19
prison,574,5,17.07972,0.00030,19
dolly parton,240,5,16.35177,0.00027,19
dolly,258,5,16.31750,0.00027,19
parton,255,5,16.29981,0.00027,19
golden,231,3,12.57364,0.00011,19
age,273,3,10.95478,0.00014,19
sentence,124,2,9.42229,0.00002,19
change,988,4,9.27373,0.00096,19
iron,126,2,8.33612,0.00000,19
forever,269,3,8.08147,0.00011,19
changed,352,2,5.63286,0.00002,19
wars,305,2,5.43012,0.00015,19
entire,502,2,4.80102,0.00008,19
actor,255,1,4.25376,0.00000,19
hollywood,326,1,4.08924,0.00000,19
proof,320,1,3.90186,0.00000,19
ago,105,1,3.89848,0.00000,19
ruined,122,1,3.73892,0.00000,19
nearly,409,1,3.48121,0.00000,19
influencer,197,1,2.56602,0.00000,19
influencers,160,1,2.12790,0.00000,19
abandons,132,1,2.01038,0.00000,19
cult,130,1,1.92874,0.00000,19
mtg,187,1,1.82912,0.00000,19
wedding,247,6,23.56558,0.00145,20
ryan,296,1,5.42390,0.00000,20
swift,145,1,4.68534,0.00000,20
taylor swift,118,1,4.68164,0.00000,20
taylor,391,1,4.49892,0.00000,20
taylor greene,115,2,9.26334,0.00000,21
marjorie taylor,118,2,9.26322,0.00000,21
marjorie,210,2,9.26285,0.00000,21
greene,170,2,9.26273,0.00000,21
marandi,147,2,5.76520,0.00000,22
mohammad,125,1,3.21811,0.00000,22
prof,267,1,2.54709,0.00000,22
bezos,121,1,4.28796,0.00000,23
jeff,171,1,4.28796,0.00000,23
birth,205,1,4.39144,0.00000,24
tourism,171,1,4.39144,0.00000,24
brutally,154,1,4.01876,0.00000,25
honest,104,1,4.01876,0.00000,25
god,449,1,3.62468,0.00000,26
oh,278,1,3.62468,0.00000,26
hannity,160,1,4.63081,0.00000,27
sean,209,1,4.63081,0.00000,27
liberty,119,1,5.14015,0.00000,28
statue,122,1,5.14015,0.00000,28
matt,364,1,3.77693,0.00000,29
walsh,107,1,3.77693,0.00000,29
ms,301,1,3.68680,0.00000,30
rachel,142,1,3.68680,0.00000,30
