word,pairs,landscape_co_mentions,landscape_avoidances,group_pairs,channel_co_mentions,timing_readings,co_mention_partners,avoidance_partners,group_partners,channel_partners,timing
iran,79,15,23,9,0,10,war (8.5x); trump (3.1x); deal (6.6x); strikes (6.0x); hormuz (4.6x); ceasefire (5.0x); strait of hormuz (3.9x); peace (4.5x); hegseth (3.2x); israel (1.9x); regime (3.9x); oil (2.1x); protests (2.4x); attack (1.7x); prices (2.1x),epstein (0.22); ice (0.16); ai (0.20); election (0.21); shooting (0.18); mamdani (0.11); hearing (0.27); world cup (0.27); case (0.17); texas (0.15); doj (0.16); trial (0.04); supreme court (0.06); fraud (0.15); senate (0.42); nyc (0.18); uk (0.45); minnesota (0.19); minneapolis (0.07); epstein files (0.22); maduro (0.19); lindsay clancy (0.09); starmer (0.57),"iranian (left 0.26, neutral 0.89, right 0.25); netanyahu (left 1.14, neutral 2.40, right 3.05); canada (left 0.13, neutral 0.25, right 0.72); venezuela (left 0.29, neutral 0.33, right 1.16); greenland (left 0.22, neutral 0.42, right 1.05); jd vance (left 1.11, neutral 2.28, right 1.15); hasan (left 0.21, neutral 0.12, right 1.10); debate (left 0.76, neutral 0.43, right 0.89); rights (left 0.30, neutral 0.80, right 0.08)",,war: co-move (+0.67); strikes: co-move (+0.50); israel: co-move (+0.48); regime: co-move (+0.48); oil: co-move (+0.36); shooting: shooting leads by 3 d (+0.32); attack: co-move (+0.32); mamdani: mamdani leads by 1 d (negative) (-0.32); iranian: co-move (+0.66); lebanon: iran leads by 3 d (+0.38)
war,79,5,1,8,0,7,iran (8.5x); trump (1.9x); hegseth (4.0x); netanyahu (1.8x); nato (1.6x),world cup (0.16),"prices (left 2.05, neutral 3.90, right 1.55); canada (left 3.64, neutral 1.19, right 3.37); shooting (left 0.29, neutral 0.12, right 0.54); oil (left 1.01, neutral 1.80, right 1.63); election (left 0.36, neutral 0.20, right 1.10); ai (left 0.58, neutral 0.33, right 1.11); texas (left 0.26, neutral 0.08, right 0.93); maga (left 1.11, neutral 2.13, right 1.97)",,iran: co-move (+0.67); hegseth: co-move (+0.39); prices: co-move (+0.38); oil: co-move (+0.43); israel: war leads by 1 d (+0.41); strikes: co-move (+0.45); iranian: co-move (+0.49)
epstein,79,6,2,2,1,2,doj (5.9x); melania (9.8x); andrew (6.2x); hearing (4.1x); uk (3.1x); arrested (3.6x),iran (0.22); trump (0.73),"israel (left 0.40, neutral 0.17, right 0.75); starmer (left 0.82, neutral 5.00, right 3.07)","case (1.6x, 33 ch)",shooting: epstein leads by 12 d (+0.36); death: epstein leads by 4 d (negative) (-0.34)
venezuela,79,10,0,2,0,2,oil (11.0x); maduro (5.1x); trump (2.4x); death (3.7x); cuba (4.4x); deal (2.7x); senate (3.0x); strikes (1.9x); attack (1.8x); regime (2.2x),,"iran (left 0.29, neutral 0.33, right 1.16); ai (left 1.22, neutral 0.20)",,platner: venezuela leads by 12 d (+0.32); graham: venezuela leads by 14 d (+0.31)
ice,79,6,2,1,1,2,shooting (12.6x); minneapolis (9.4x); minnesota (5.9x); woman (7.5x); protests (4.0x); arrested (1.7x),trump (0.50); iran (0.16),"texas (left 2.36, neutral 2.53, right 0.63)","hearing (1.5x, 25 ch)",protests: co-move (+0.35); peace: peace leads by 14 d (negative) (-0.35)
deal,79,11,0,2,0,3,iran (6.6x); peace (12.1x); trump (3.8x); hormuz (2.6x); ceasefire (3.3x); greenland (4.6x); oil (2.8x); israel (1.9x); venezuela (2.7x); canada (2.6x); lebanon (1.9x),,"strait of hormuz (left 1.23, neutral 3.25, right 1.79); netanyahu (left 1.31, neutral 2.95, right 5.23)",,peace: co-move (+0.51); california: california leads by 9 d (+0.31); jd vance: deal leads by 2 d (+0.33)
maduro,79,3,1,0,1,0,venezuela (5.1x); trump (1.9x); case (4.4x),iran (0.19),,"arrested (2.9x, 8 ch)",
greenland,79,4,0,1,1,1,trump (9.4x); nato (9.4x); deal (4.6x); starmer (3.3x),,"iran (left 0.22, neutral 0.42, right 1.05)","white house (2.0x, 19 ch)",nato: nato leads by 2 d (+0.37)
fauci,79,2,1,0,0,0,hearing (63.7x); senate (9.3x),trump (0.26),,,
trump,79,20,22,15,0,0,iran (3.1x); deal (3.8x); greenland (9.4x); war (1.9x); white house (3.1x); hormuz (2.3x); peace (3.0x); nato (2.3x); speech (2.5x); venezuela (2.4x); canada (2.9x); ceasefire (2.2x); netanyahu (2.2x); strait of hormuz (2.0x); china (1.7x); cuba (2.4x); oil (1.6x); supreme court (1.7x); maduro (1.9x); obama (1.7x),ice (0.50); hegseth (0.38); ai (0.36); trial (0.14); mamdani (0.29); hearing (0.42); case (0.37); nyc (0.26); charlie kirk (0.23); lindsay clancy (0.05); minneapolis (0.48); shooting (0.58); california (0.36); maga (0.68); fauci (0.26); texas (0.50); woman (0.36); epstein (0.73); arrested (0.40); aoc (0.32); alex (0.52); lebanon (0.63),"melania (left 1.03, neutral 44.57, right 13.06); israel (left 0.47, neutral 0.73, right 0.93); uk (left 0.45, neutral 0.40, right 0.79); world cup (left 0.97, neutral 0.24, right 0.71); doj (left 1.84, neutral 1.22, right 1.50); death (left 0.87, neutral 0.34, right 0.45); jd vance (left 0.54, neutral 0.84, right 0.43); fraud (left 0.83, neutral 0.80, right 0.50); senate (left 0.55, neutral 0.87, right 0.85); state (left 1.14, neutral 1.71, right 1.15); regime (left 2.45, neutral 1.71, right 0.95); scotus (left 1.10, neutral 2.54, right 2.37); graham (left 0.51, neutral 0.93, right 0.91); minnesota (left 0.66, neutral 1.04, right 0.62); prices (left 1.30, neutral 1.04, right 2.06)",,
state,79,4,0,1,2,1,speech (3.2x); minnesota (2.7x); election (2.2x); california (2.1x),,"trump (left 1.14, neutral 1.71, right 1.15)","fraud (1.7x, 20 ch); newsom (1.9x, 19 ch)",scotus: state leads by 1 d (+0.32)
platner,79,1,0,0,0,4,senate (14.9x),,,,strikes: platner leads by 1 d (+0.33); starmer: platner leads by 9 d (+0.31); venezuela: venezuela leads by 12 d (+0.32); dsa: dsa leads by 12 d (+0.31)
epstein files,79,2,1,1,1,1,doj (8.0x); andrew (4.9x),iran (0.22),"hearing (left 1.32, neutral 6.20, right 6.20)","arrested (2.6x, 16 ch)",alex: alex leads by 6 d (+0.31)
ceasefire,79,9,0,0,0,1,iran (5.0x); lebanon (7.7x); israel (4.1x); trump (2.2x); strikes (3.4x); deal (3.3x); strait of hormuz (2.1x); hegseth (2.7x); netanyahu (2.2x),,,,lebanon: co-move (+0.30)
china,79,3,0,1,1,1,trump (1.7x); ai (2.5x); canada (2.0x),,"netanyahu (left 0.10, right 1.38)","election (1.6x, 26 ch)",starmer: china leads by 13 d (negative) (-0.31)
shooting,79,9,2,2,0,4,ice (12.6x); minneapolis (14.3x); alex (12.9x); white house (5.1x); minnesota (3.5x); texas (3.0x); protests (2.2x); charlie kirk (3.5x); trial (2.0x),iran (0.18); trump (0.58),"canada (left 1.35, neutral 6.40, right 3.42); war (left 0.29, neutral 0.12, right 0.54)",,minneapolis: co-move (+0.30); iran: shooting leads by 3 d (+0.32); epstein: epstein leads by 12 d (+0.36); strait of hormuz: strait of hormuz leads by 6 d (negative) (-0.30)
minneapolis,79,4,2,1,0,1,ice (9.4x); shooting (14.3x); woman (10.4x); protests (4.7x),trump (0.48); iran (0.07),"alex (left 3.75, neutral 6.66, right 1.27)",,shooting: co-move (+0.30)
alex,79,3,1,1,1,1,shooting (12.9x); debate (3.6x); death (3.5x),trump (0.52),"minneapolis (left 3.75, neutral 6.66, right 1.27)","rights (3.4x, 9 ch)",epstein files: alex leads by 6 d (+0.31)
lindsey graham,79,2,0,0,0,0,death (19.9x); senate (3.0x),,,,
supreme court,79,4,1,0,0,1,rights (8.8x); case (4.6x); trump (1.7x); strikes (2.8x),iran (0.06),,,scotus: co-move (+0.66)
graham,79,3,0,1,0,2,senate (7.2x); death (12.2x); debate (3.7x),,"trump (left 0.51, neutral 0.93, right 0.91)",,dsa: dsa leads by 14 d (+0.31); venezuela: venezuela leads by 14 d (+0.31)
lindsay clancy,79,2,2,0,0,0,trial (36.9x); case (6.9x),trump (0.05); iran (0.09),,,
minnesota,79,8,1,1,0,0,fraud (22.7x); ice (5.9x); shooting (3.5x); protests (2.7x); hearing (3.1x); state (2.7x); woman (2.8x); senate (2.3x),iran (0.19),"trump (left 0.66, neutral 1.04, right 0.62)",,
canada,79,4,0,3,0,1,trump (2.9x); deal (2.6x); world cup (2.8x); china (2.0x),,"shooting (left 1.35, neutral 6.40, right 3.42); war (left 3.64, neutral 1.19, right 3.37); iran (left 0.13, neutral 0.25, right 0.72)",,candace owens: candace owens leads by 10 d (+0.34)
hormuz,79,6,0,1,1,0,iran (4.6x); oil (4.4x); trump (2.3x); deal (2.6x); iranian (2.6x); strikes (1.9x),,"lebanon (left 0.14, neutral 0.80, right 1.39)","peace (1.4x, 27 ch)",
scotus,79,3,0,1,1,3,rights (9.0x); case (3.2x); strikes (2.6x),,"trump (left 1.10, neutral 2.54, right 2.37)","hearing (2.8x, 10 ch)",supreme court: co-move (+0.66); state: state leads by 1 d (+0.32); netanyahu: co-move (negative) (-0.32)
israel,79,8,1,3,0,5,lebanon (20.0x); strikes (4.4x); netanyahu (5.3x); iran (1.9x); ceasefire (4.1x); attack (2.5x); deal (1.9x); peace (1.7x),world cup (0.04),"trump (left 0.47, neutral 0.73, right 0.93); iranian (left 1.03, neutral 2.95, right 3.07); epstein (left 0.40, neutral 0.17, right 0.75)",,lebanon: co-move (+0.41); netanyahu: co-move (+0.46); iran: co-move (+0.48); iranian: iranian leads by 1 d (+0.34); war: war leads by 1 d (+0.41)
andrew,79,7,0,0,0,1,arrested (25.3x); epstein (6.2x); uk (6.6x); candace owens (9.0x); epstein files (4.9x); debate (3.3x); charlie kirk (4.1x),,,,aoc: aoc leads by 3 d (+0.31)
jd vance,79,5,0,2,0,1,speech (3.4x); fraud (3.7x); peace (2.9x); white house (2.3x); abdul el-sayed (5.8x),,"trump (left 0.54, neutral 0.84, right 0.43); iran (left 1.11, neutral 2.28, right 1.15)",,deal: deal leads by 2 d (+0.33)
charlie kirk,79,9,1,0,2,0,hearing (11.9x); case (10.3x); trial (10.6x); candace owens (5.7x); death (5.0x); wilson (6.9x); shooting (3.5x); andrew (4.1x); hasan (3.6x),trump (0.23),,"hasan piker (4.0x, 9 ch); debate (2.2x, 15 ch)",
obama,79,3,0,0,0,0,racist (16.6x); speech (4.5x); trump (1.7x),,,,
election,79,4,1,2,1,0,fraud (6.1x); california (5.3x); state (2.2x); speech (2.5x),iran (0.21),"texas (left 5.52, neutral 3.60, right 1.44); war (left 0.36, neutral 0.20, right 1.10)","china (1.6x, 26 ch)",
abdul el-sayed,79,3,0,2,1,0,senate (13.8x); hasan piker (8.0x); jd vance (5.8x),,"hasan (left 2.19, neutral 16.14, right 2.56); aoc (left 0.46, neutral 12.73)","speech (4.5x, 5 ch)",
oil,79,9,0,2,0,4,prices (25.8x); venezuela (11.0x); hormuz (4.4x); iran (2.1x); strait of hormuz (4.0x); cuba (5.6x); deal (2.8x); strikes (2.3x); trump (1.6x),,"war (left 1.01, neutral 1.80, right 1.63); iranian (left 1.23, neutral 2.52, right 3.14)",,prices: co-move (+0.36); iran: co-move (+0.36); war: co-move (+0.43); iranian: oil leads by 3 d (+0.31)
strait of hormuz,79,6,0,2,1,1,iran (3.9x); oil (4.0x); trump (2.0x); iranian (2.7x); strikes (2.0x); ceasefire (2.1x),,"deal (left 1.23, neutral 3.25, right 1.79); prices (left 0.97, neutral 2.28, right 5.98)","nato (1.9x, 20 ch)",shooting: strait of hormuz leads by 6 d (negative) (-0.30)
melania,79,3,0,1,0,0,epstein (9.8x); white house (5.5x); ai (3.8x),,"trump (left 1.03, neutral 44.57, right 13.06)",,
aoc,79,2,1,1,0,1,dsa (5.8x); mamdani (2.7x),trump (0.32),"abdul el-sayed (left 0.46, neutral 12.73)",,andrew: aoc leads by 3 d (+0.31)
hearing,79,8,2,1,2,0,senate (16.4x); fauci (63.7x); charlie kirk (11.9x); epstein (4.1x); hegseth (4.6x); case (3.5x); fraud (3.3x); minnesota (3.1x),trump (0.42); iran (0.27),"epstein files (left 1.32, neutral 6.20, right 6.20)","scotus (2.8x, 10 ch); ice (1.5x, 25 ch)",
nato,79,3,0,0,2,3,greenland (9.4x); trump (2.3x); war (1.6x),,,"strait of hormuz (1.9x, 20 ch); uk (1.5x, 13 ch)",greenland: nato leads by 2 d (+0.37); death: nato leads by 4 d (+0.34); attack: co-move (negative) (-0.33)
protests,79,8,0,0,0,1,ice (4.0x); minneapolis (4.7x); iran (2.4x); regime (4.3x); minnesota (2.7x); shooting (2.2x); death (2.6x); iranian (2.2x),,,,ice: co-move (+0.35)
arrested,79,6,1,1,3,0,andrew (25.3x); woman (5.6x); epstein (3.6x); nyc (2.7x); attack (2.1x); ice (1.7x),trump (0.40),"uk (left 0.71, neutral 2.24, right 6.21)","netanyahu (3.1x, 10 ch); epstein files (2.6x, 16 ch); maduro (2.9x, 8 ch)",
fraud,79,7,1,1,1,0,minnesota (22.7x); california (8.9x); election (6.1x); doj (3.9x); newsom (4.5x); jd vance (3.7x); hearing (3.3x),iran (0.15),"trump (left 0.83, neutral 0.80, right 0.50)","state (1.7x, 20 ch)",
white house,79,5,0,0,1,0,trump (3.1x); shooting (5.1x); melania (5.5x); fired (6.0x); jd vance (2.3x),,,"greenland (2.0x, 19 ch)",
peace,79,9,0,0,1,2,deal (12.1x); iran (4.5x); trump (3.0x); netanyahu (3.4x); jd vance (2.9x); iranian (2.4x); lebanon (2.1x); israel (1.7x); strikes (1.6x),,,"hormuz (1.4x, 27 ch)",deal: co-move (+0.51); ice: peace leads by 14 d (negative) (-0.35)
hasan,79,3,0,2,0,0,uk (8.5x); cuba (8.1x); charlie kirk (3.6x),,"abdul el-sayed (left 2.19, neutral 16.14, right 2.56); iran (left 0.21, neutral 0.12, right 1.10)",,
cuba,79,6,0,0,0,0,oil (5.6x); trump (2.4x); hasan piker (23.7x); regime (5.5x); venezuela (4.4x); hasan (8.1x),,,,
fired,79,1,0,0,0,0,white house (6.0x),,,,
speech,79,7,0,1,1,0,trump (2.5x); state (3.2x); jd vance (3.4x); obama (4.5x); mamdani (3.1x); election (2.5x); starmer (2.3x),,"uk (left 1.19, neutral 2.90, right 5.62)","abdul el-sayed (4.5x, 5 ch)",
california,79,5,1,0,0,1,newsom (13.9x); fraud (8.9x); election (5.3x); debate (4.8x); state (2.1x),trump (0.36),,,deal: california leads by 9 d (+0.31)
uk,79,5,2,3,1,1,starmer (12.9x); andrew (6.6x); epstein (3.1x); hasan (8.5x); hasan piker (8.3x),iran (0.45); strikes (0.44),"trump (left 0.45, neutral 0.40, right 0.79); speech (left 1.19, neutral 2.90, right 5.62); arrested (left 0.71, neutral 2.24, right 6.21)","nato (1.5x, 13 ch)",starmer: co-move (+0.41)
iranian,79,7,0,3,0,6,regime (18.5x); strikes (3.1x); hormuz (2.6x); attack (2.8x); strait of hormuz (2.7x); peace (2.4x); protests (2.2x),,"iran (left 0.26, neutral 0.89, right 0.25); israel (left 1.03, neutral 2.95, right 3.07); oil (left 1.23, neutral 2.52, right 3.14)",,regime: co-move (+0.37); strikes: co-move (+0.48); iran: co-move (+0.66); israel: iranian leads by 1 d (+0.34); oil: oil leads by 3 d (+0.31); war: co-move (+0.49)
texas,79,2,2,3,0,0,senate (8.9x); shooting (3.0x),iran (0.15); trump (0.50),"election (left 5.52, neutral 3.60, right 1.44); war (left 0.26, neutral 0.08, right 0.93); ice (left 2.36, neutral 2.53, right 0.63)",,
hegseth,79,5,1,0,0,1,war (4.0x); iran (3.2x); hearing (4.6x); senate (2.7x); ceasefire (2.7x),trump (0.38),,,war: co-move (+0.39)
trial,79,4,2,0,0,1,lindsay clancy (36.9x); charlie kirk (10.6x); case (3.2x); shooting (2.0x),trump (0.14); iran (0.04),,,case: co-move (+0.30)
debate,79,8,0,1,1,0,wilson (6.8x); california (4.8x); graham (3.7x); candace owens (4.7x); andrew (3.3x); alex (3.6x); senate (2.8x); maga (1.9x),,"iran (left 0.76, neutral 0.43, right 0.89)","charlie kirk (2.2x, 15 ch)",
world cup,79,1,3,1,0,0,canada (2.8x),iran (0.27); war (0.16); israel (0.04),"trump (left 0.97, neutral 0.24, right 0.71)",,
strikes,79,12,1,0,0,6,iran (6.0x); israel (4.4x); lebanon (7.9x); iranian (3.1x); ceasefire (3.4x); oil (2.3x); hormuz (1.9x); supreme court (2.8x); strait of hormuz (2.0x); venezuela (1.9x); peace (1.6x); scotus (2.6x),uk (0.44),,,iran: co-move (+0.50); iranian: co-move (+0.48); war: co-move (+0.45); attack: co-move (+0.33); platner: platner leads by 1 d (+0.33); regime: co-move (+0.34)
regime,79,5,0,1,0,3,iranian (18.5x); iran (3.9x); cuba (5.5x); protests (4.3x); venezuela (2.2x),,"trump (left 2.45, neutral 1.71, right 0.95)",,iranian: co-move (+0.37); iran: co-move (+0.48); strikes: co-move (+0.34)
lebanon,79,6,1,1,0,3,israel (20.0x); strikes (7.9x); ceasefire (7.7x); netanyahu (8.2x); peace (2.1x); deal (1.9x),trump (0.63),"hormuz (left 0.14, neutral 0.80, right 1.39)",,israel: co-move (+0.41); ceasefire: co-move (+0.30); iran: iran leads by 3 d (+0.38)
woman,79,5,1,0,0,0,ice (7.5x); minneapolis (10.4x); arrested (5.6x); minnesota (2.8x); death (2.4x),trump (0.36),,,
senate,79,11,1,1,0,0,hearing (16.4x); texas (8.9x); platner (14.9x); graham (7.2x); fauci (9.3x); abdul el-sayed (13.8x); hegseth (2.7x); lindsey graham (3.0x); venezuela (3.0x); debate (2.8x); minnesota (2.3x),iran (0.42),"trump (left 0.55, neutral 0.87, right 0.85)",,
maga,79,1,1,2,1,0,debate (1.9x),trump (0.68),"racist (left 1.88, neutral 21.35, right 0.99); war (left 1.11, neutral 2.13, right 1.97)","candace owens (2.3x, 14 ch)",
starmer,79,3,1,1,0,3,uk (12.9x); greenland (3.3x); speech (2.3x),iran (0.57),"epstein (left 0.82, neutral 5.00, right 3.07)",,uk: co-move (+0.41); china: china leads by 13 d (negative) (-0.31); platner: platner leads by 9 d (+0.31)
netanyahu,79,7,0,3,1,2,israel (5.3x); lebanon (8.2x); mamdani (11.1x); trump (2.2x); peace (3.4x); war (1.8x); ceasefire (2.2x),,"iran (left 1.14, neutral 2.40, right 3.05); deal (left 1.31, neutral 2.95, right 5.23); china (left 0.10, right 1.38)","arrested (3.1x, 10 ch)",israel: co-move (+0.46); scotus: co-move (negative) (-0.32)
attack,79,6,0,1,0,3,israel (2.5x); iran (1.7x); iranian (2.8x); racist (3.2x); venezuela (1.8x); arrested (2.1x),,"nyc (left 1.66, neutral 1.24, right 5.49)",,iran: co-move (+0.32); strikes: co-move (+0.33); nato: co-move (negative) (-0.33)
nyc,79,3,2,1,0,1,mamdani (44.2x); dsa (6.4x); arrested (2.7x),trump (0.26); iran (0.18),"attack (left 1.66, neutral 1.24, right 5.49)",,mamdani: co-move (+0.55)
mamdani,79,4,2,0,1,2,nyc (44.2x); netanyahu (11.1x); speech (3.1x); aoc (2.7x),trump (0.29); iran (0.11),,"dsa (2.9x, 14 ch)",nyc: co-move (+0.55); iran: mamdani leads by 1 d (negative) (-0.32)
newsom,79,3,0,0,1,0,california (13.9x); doj (4.9x); fraud (4.5x),,,"state (1.9x, 19 ch)",
hasan piker,79,3,0,0,1,0,cuba (23.7x); abdul el-sayed (8.0x); uk (8.3x),,,"charlie kirk (4.0x, 9 ch)",
case,79,8,2,0,1,3,charlie kirk (10.3x); lindsay clancy (6.9x); supreme court (4.6x); hearing (3.5x); trial (3.2x); doj (2.6x); maduro (4.4x); scotus (3.2x),trump (0.37); iran (0.17),,"epstein (1.6x, 33 ch)",trial: co-move (+0.30); prices: case leads by 6 d (negative) (-0.35); racist: case leads by 3 d (+0.34)
prices,79,2,0,3,0,3,oil (25.8x); iran (2.1x),,"war (left 2.05, neutral 3.90, right 1.55); strait of hormuz (left 0.97, neutral 2.28, right 5.98); trump (left 1.30, neutral 1.04, right 2.06)",,oil: co-move (+0.36); war: co-move (+0.38); case: case leads by 6 d (negative) (-0.35)
racist,79,2,0,1,0,2,obama (16.6x); attack (3.2x),,"maga (left 1.88, neutral 21.35, right 0.99)",,case: case leads by 3 d (+0.34); ai: racist leads by 9 d (+0.33)
candace owens,79,4,0,0,1,1,charlie kirk (5.7x); wilson (26.0x); andrew (9.0x); debate (4.7x),,,"maga (2.3x, 14 ch)",canada: candace owens leads by 10 d (+0.34)
ai,79,2,2,2,0,1,china (2.5x); melania (3.8x),iran (0.20); trump (0.36),"war (left 0.58, neutral 0.33, right 1.11); venezuela (left 1.22, neutral 0.20)",,racist: racist leads by 9 d (+0.33)
dsa,79,2,0,0,1,2,aoc (5.8x); nyc (6.4x),,,"mamdani (2.9x, 14 ch)",graham: dsa leads by 14 d (+0.31); platner: dsa leads by 12 d (+0.31)
wilson,79,3,0,0,0,0,candace owens (26.0x); debate (6.8x); charlie kirk (6.9x),,,,
death,79,7,0,1,0,2,lindsey graham (19.9x); graham (12.2x); charlie kirk (5.0x); venezuela (3.7x); alex (3.5x); protests (2.6x); woman (2.4x),,"trump (left 0.87, neutral 0.34, right 0.45)",,nato: nato leads by 4 d (+0.34); epstein: epstein leads by 4 d (negative) (-0.34)
doj,79,5,1,2,0,0,epstein (5.9x); epstein files (8.0x); fraud (3.9x); newsom (4.9x); case (2.6x),iran (0.16),"trump (left 1.84, neutral 1.22, right 1.50); rights (left 1.23, neutral 1.40, right 16.10)",,
rights,79,2,0,2,1,0,supreme court (8.8x); scotus (9.0x),,"doj (left 1.23, neutral 1.40, right 16.10); iran (left 0.30, neutral 0.80, right 0.08)","alex (3.4x, 9 ch)",
game,79,0,0,0,0,0,,,,,
