term,titles_2026-01,titles_2026-02,titles_2026-03,titles_2026-04,titles_2026-05,titles_2026-06,titles_2026-07,titles_2026-08,titles_2026-09,channels_2026-01,channels_2026-02,channels_2026-03,channels_2026-04,channels_2026-05,channels_2026-06,channels_2026-07,channels_2026-08,channels_2026-09
iran,782,881,5138,3540,2057,1932,1573,1049,526,25,25,29,32,24,28,29,23,21
hormuz,2,16,525,959,488,333,232,305,87,2,7,21,19,16,15,14,16,13
talks,193,348,225,721,289,426,204,222,147,16,16,18,19,13,14,14,14,15
says,892,742,1074,902,830,828,810,699,344,15,17,19,19,19,21,20,19,17
deal,260,377,187,290,412,716,196,254,58,15,17,15,15,19,22,17,16,13
strait,2,12,372,475,238,183,121,143,44,2,7,22,19,16,15,14,15,14
strait of hormuz,1,9,337,397,208,166,105,125,32,1,6,21,18,15,15,14,15,13
peace,221,159,110,320,186,299,69,61,58,14,14,14,19,17,16,10,15,9
leader,130,154,284,116,92,89,156,53,33,14,14,16,15,12,13,14,10,8
vance,117,69,49,222,94,203,74,37,98,15,14,12,16,13,18,17,9,17
ceasefire,20,18,58,842,213,138,76,18,3,6,9,13,25,14,15,14,8,2
funeral,25,4,30,9,7,6,216,14,16,7,3,10,4,4,3,15,6,7
supreme leader,10,29,178,28,8,10,64,6,0,7,11,14,5,4,5,11,4,0
khamenei,51,43,306,35,12,28,202,21,0,4,9,13,5,3,5,10,5,0
pakistan,90,193,173,312,155,146,78,133,58,7,9,10,14,5,10,5,8,7
tehran,31,68,316,166,105,108,127,64,30,5,11,14,11,9,13,10,5,5
threatens,131,40,118,150,79,72,108,115,35,17,13,15,16,12,12,14,14,9
jd vance,53,31,26,110,61,103,43,24,44,12,7,9,15,11,15,16,8,12
witkoff,11,3,7,19,1,4,4,0,38,6,3,3,11,1,4,4,0,9
jd,53,32,28,112,62,103,45,25,46,12,7,9,15,11,15,16,9,13
rejects,26,42,84,62,79,72,45,63,18,8,8,15,13,9,11,8,13,6
blockade,5,6,28,376,64,19,71,26,4,3,2,8,21,12,8,13,7,2
ayatollah,6,18,41,5,0,4,35,0,0,5,10,12,3,0,3,10,0,0
ali,1,16,54,3,4,7,69,4,9,1,7,13,3,3,5,10,1,3
us-iran,9,81,455,579,132,270,69,44,28,4,10,9,12,10,13,8,9,7
late,9,18,12,15,22,17,62,14,9,7,9,8,7,11,7,11,7,5
ali khamenei,1,11,22,2,1,3,57,0,0,1,5,9,2,1,2,8,0,0
warns,191,152,241,240,255,153,164,154,89,17,15,15,14,16,13,13,12,14
allies,69,21,103,53,34,53,44,35,7,13,7,14,12,10,10,10,9,5
steve,11,9,15,22,11,28,13,9,23,5,7,6,10,7,9,10,6,7
plan,125,65,127,114,125,81,96,122,40,16,16,22,15,17,13,18,15,9
remarks,127,99,81,57,66,64,63,50,37,14,10,12,10,10,13,11,9,9
kushner,5,3,4,20,2,35,9,17,38,5,3,4,10,2,11,6,10,10
oman,6,26,11,16,32,37,8,81,7,2,10,5,5,11,5,4,12,4
proposal,9,9,18,40,92,12,10,4,5,7,6,8,14,13,5,6,4,4
khamenei funeral,0,0,0,0,0,2,105,0,0,0,0,0,0,0,2,9,0,0
claims,126,108,185,205,173,157,173,134,73,13,18,13,15,15,14,15,14,11
tankers,19,3,34,17,10,4,26,6,39,10,1,12,6,6,4,8,3,13
vice,18,17,17,20,33,24,15,10,14,8,7,8,7,8,8,6,5,6
bros,20,37,6,8,0,2,15,5,1,8,13,5,7,0,2,7,4,1
vows,53,41,92,85,48,43,55,50,21,12,11,13,9,11,12,13,12,7
ships,10,4,52,94,51,22,48,23,13,7,2,13,13,12,9,11,6,8
switzerland,33,5,1,1,3,100,14,2,1,10,3,1,1,3,13,4,2,1
nobel,52,6,1,1,2,1,0,0,3,12,6,1,1,2,1,0,0,2
tanker,65,8,52,31,30,28,22,24,21,14,3,12,10,7,7,5,6,8
warner,20,41,11,8,0,4,10,4,3,7,14,7,7,0,4,6,3,1
help,54,41,114,46,42,45,45,49,25,12,13,16,13,12,15,14,15,11
reopen,1,9,26,40,13,13,2,20,1,1,5,11,13,8,6,2,10,1
don't,34,33,46,41,45,43,38,26,15,12,14,15,13,16,15,14,11,9
son,33,37,44,15,28,34,32,30,12,10,12,13,7,11,13,10,10,7
closed,3,10,25,23,4,15,7,11,3,3,7,11,12,4,7,4,6,3
mojtaba,0,0,100,20,4,15,18,12,0,0,0,11,3,3,4,4,2,0
father,11,39,19,14,33,16,31,21,12,4,11,9,6,9,6,10,9,5
mojtaba khamenei,0,0,85,16,3,14,7,8,0,0,0,11,2,2,4,2,2,0
retaliation,10,5,44,22,14,9,12,28,13,7,2,10,7,3,5,6,5,6
machado,79,2,1,2,1,1,0,0,0,12,2,1,2,1,1,0,0,0
control,66,36,38,60,44,34,55,60,36,12,12,12,12,14,14,16,13,14
seizes,39,9,5,43,15,7,2,7,8,13,5,3,12,4,5,1,4,4
announces,61,71,39,75,58,78,65,88,22,14,16,8,15,13,12,15,14,10
reopening,3,7,11,22,5,14,0,12,0,2,4,6,10,3,7,0,6,0
secure,7,9,20,18,3,10,7,2,3,5,7,9,8,3,7,5,2,2
vessel,8,4,18,26,10,22,13,14,3,4,1,4,7,3,7,5,5,2
prize,44,4,3,4,4,3,2,3,2,13,4,3,4,3,3,1,3,2
vessels,3,2,14,26,19,5,14,8,5,3,1,5,9,10,2,5,5,3
negotiations,10,28,48,78,54,59,10,19,2,8,10,14,15,14,12,5,11,2
response,56,53,38,38,62,58,27,26,21,13,15,8,10,14,10,9,8,7
jared kushner,3,1,2,3,1,20,6,4,14,3,1,2,3,1,7,4,3,5
islamabad,1,23,7,117,4,8,3,8,0,1,4,2,10,3,3,2,4,0
paramount,15,23,4,8,2,2,6,6,1,6,11,3,5,2,1,4,4,1
traffic,5,4,18,21,9,17,33,21,11,5,3,9,8,5,6,11,9,6
jared,4,2,3,9,2,28,15,5,16,4,2,2,5,2,11,8,4,6
mines,2,1,19,21,9,3,2,8,0,2,1,8,8,5,3,2,5,0
want,27,24,35,27,34,31,28,22,15,12,13,12,15,14,15,13,13,11
netflix,17,36,10,11,6,10,11,9,1,5,13,7,4,5,6,5,8,1
venezuelan,148,12,10,5,2,10,11,3,3,17,7,7,3,1,5,6,3,2
shipping,2,1,33,24,16,10,20,22,11,2,1,12,7,9,4,7,7,9
closes,11,7,19,22,11,15,16,8,2,8,6,9,9,6,9,8,4,2
afghanistan,12,36,30,12,10,19,5,8,8,8,9,5,5,4,4,3,6,4
navy,13,18,62,78,57,22,37,41,17,7,7,14,13,12,7,8,12,8
ready,49,36,45,58,29,44,35,29,21,11,10,14,13,10,11,10,9,7
vp,25,18,17,29,13,27,12,13,19,9,7,5,7,5,8,5,3,9
signed,5,2,3,1,4,47,4,5,0,2,2,3,1,4,13,2,4,0
resort,36,4,3,1,2,57,6,8,4,10,2,3,1,1,10,3,6,2
reached,13,5,8,21,14,12,4,11,4,8,3,7,10,11,7,3,8,3
open,43,44,72,114,62,74,55,71,51,9,10,14,15,13,16,14,13,10
wants,55,47,61,44,63,49,50,26,16,15,19,20,13,22,15,17,13,8
doesn't,20,31,34,20,24,30,20,16,11,9,13,16,10,13,11,9,12,9
make,72,50,66,54,67,52,72,46,17,12,16,16,14,14,15,17,17,12
breaking,103,95,133,164,149,155,210,147,67,9,14,14,14,13,13,15,11,8
signals,44,28,32,57,42,20,18,16,15,12,7,8,11,10,8,6,7,8
attend,26,36,21,30,51,50,54,21,31,7,10,7,8,10,6,10,2,10
iranians,18,12,41,26,10,12,22,2,3,9,7,12,10,6,9,10,2,3
progress,9,24,19,7,37,41,11,9,4,8,10,8,5,12,12,7,4,3
jeffries,25,17,18,17,1,7,10,17,5,9,8,8,6,1,4,4,5,4
we're,27,15,24,16,23,15,16,14,10,11,8,16,9,11,10,7,9,9
point,20,15,31,50,29,33,16,15,10,10,9,12,14,11,13,12,9,6
met,3,9,5,7,36,10,7,8,6,3,6,5,5,12,5,6,6,4
reach,17,23,14,30,37,40,34,35,17,9,11,8,10,13,10,10,12,10
extends,5,8,23,57,9,5,10,5,5,3,5,10,13,6,3,4,3,3
closure,3,16,12,18,13,12,6,5,2,3,8,9,7,6,5,4,3,1
going,45,31,43,50,39,40,37,32,13,15,13,13,15,14,12,16,14,7
framework,38,6,4,2,4,12,4,2,0,11,2,2,2,3,9,3,2,0
escalation,8,9,47,34,19,14,26,13,12,6,5,10,8,7,6,10,4,6
agreed,11,4,5,17,4,17,7,6,0,7,3,4,10,4,9,6,6,0
envoys,8,1,1,13,1,4,3,0,39,3,1,1,5,1,3,3,0,11
revenge,6,1,27,5,8,10,37,6,7,2,1,6,3,4,2,8,2,1
unveils,42,33,20,19,42,60,44,25,25,9,10,6,9,11,9,9,8,9
doha,2,3,21,1,1,13,16,0,0,1,2,6,1,1,6,5,0,0
gala,1,3,0,12,38,3,4,3,11,1,3,0,7,10,3,2,3,5
taliban,6,17,27,2,12,9,3,10,4,3,3,7,1,3,3,2,4,3
think,15,10,20,14,15,17,21,9,8,8,6,13,9,10,11,12,7,8
us-israel,1,21,141,23,9,5,2,4,1,1,5,9,5,4,3,2,3,1
held,42,13,24,15,12,22,20,20,20,12,8,11,8,5,9,8,5,8
deliver,16,14,4,7,9,8,16,9,8,7,7,3,4,6,7,9,6,5
denies,22,24,30,42,32,30,20,34,5,11,9,10,13,11,7,10,12,4
calls,213,179,141,194,148,174,140,157,76,16,20,18,17,17,15,18,21,15
standoff,32,19,12,24,17,26,10,6,2,8,7,7,7,7,9,7,5,1
resume,1,19,6,26,19,15,4,15,4,1,10,3,11,6,6,2,9,4
fragile,1,5,2,38,17,10,4,3,1,1,4,2,13,5,6,4,2,1
he'll,14,7,7,7,9,13,11,9,4,6,3,5,4,6,6,8,4,3
naval blockade,0,0,0,46,9,4,13,6,0,0,0,0,11,4,3,6,4,0
defends,68,38,35,28,26,44,34,25,6,13,12,13,13,12,12,12,14,5
economy,83,75,54,93,66,55,37,53,31,15,15,15,16,12,14,11,12,11
offer,16,27,32,26,23,21,8,11,6,9,10,10,11,8,10,7,3,5
project freedom,0,0,0,0,57,0,0,0,0,0,0,0,0,12,0,0,0,0
prepared,7,6,14,3,4,3,2,7,3,5,6,10,3,3,2,2,7,3
walk,13,35,9,4,16,12,12,7,5,6,9,6,3,6,6,7,5,4
agree,9,24,12,41,13,25,7,4,3,5,9,7,12,7,7,6,4,3
opposition,41,48,47,42,19,24,77,38,5,11,8,7,11,7,7,6,6,2
extended,7,6,10,29,10,6,5,8,3,4,3,5,13,6,4,3,6,3
israel-lebanon,0,0,3,50,0,8,0,1,0,0,0,3,13,0,4,0,1,0
territory,11,8,8,3,2,3,9,40,5,6,3,6,3,2,1,6,11,3
delegation,19,12,5,34,8,15,17,15,4,4,5,3,9,3,4,2,1,2
khan,19,9,6,1,28,52,7,29,4,4,3,2,1,5,3,2,3,2
despite,57,32,45,86,73,68,39,42,16,13,11,10,14,13,13,13,12,9
geneva,4,53,3,0,6,34,1,1,1,3,12,1,0,4,7,1,1,1
iran-us,3,21,25,34,4,29,4,3,3,2,5,3,7,3,8,4,2,2
know,81,64,116,122,97,91,119,98,50,14,16,15,14,15,14,19,11,14
asked,10,14,19,14,11,8,11,5,3,7,7,8,9,6,6,7,5,3
hospital,14,10,30,16,31,28,43,34,8,7,7,7,8,10,10,12,10,5
happy,19,10,6,9,7,10,4,6,3,13,7,4,5,6,8,3,3,3
risks,20,24,31,22,24,20,26,25,18,10,7,10,6,6,8,8,12,7
fail,7,9,7,58,12,5,11,12,2,3,7,7,8,7,5,8,7,2
direct,10,10,15,30,14,14,12,10,9,5,4,5,9,6,5,3,4,3
slams,101,110,106,123,74,89,95,75,44,12,13,11,12,7,12,10,11,8
weeks,10,13,43,46,12,9,14,19,5,6,8,14,12,10,5,9,11,4
hasn't,8,4,7,2,3,5,1,6,2,6,3,5,2,3,4,1,4,2
unacceptable,14,4,3,11,15,1,3,1,0,8,2,1,4,9,1,3,1,0
hopes,8,13,16,37,35,15,6,24,5,5,6,6,8,9,7,4,9,4
crucial,10,8,8,9,22,27,17,8,7,5,3,4,6,7,6,6,5,3
potential,32,46,40,25,35,18,19,26,11,9,10,13,8,11,8,8,9,7
destroyed,9,12,42,25,17,16,24,44,13,5,4,13,7,6,5,7,12,8
needed,8,7,9,5,3,8,2,12,5,5,5,7,3,3,7,2,6,3
won't,50,28,50,40,37,49,40,25,31,15,12,15,12,12,16,11,11,14
attacking,4,6,12,9,7,10,6,9,4,3,5,7,5,5,6,6,7,3
pass,3,7,20,21,10,7,14,13,1,3,5,9,7,7,6,7,7,1
route,12,9,16,25,19,9,14,25,13,3,5,7,7,6,4,4,7,6
possible,29,42,46,51,40,28,23,20,14,13,10,11,14,10,10,12,11,6
failed,12,13,16,47,15,13,19,18,8,9,9,6,16,11,5,11,10,4
attacked,22,10,41,11,22,23,18,20,5,10,6,13,9,8,7,9,7,4
shut,7,14,23,12,24,12,9,11,9,5,12,13,5,10,5,4,8,6
mistake,13,9,13,11,9,3,8,8,2,7,4,10,8,4,2,5,6,2
safe,18,23,23,36,16,16,11,13,11,11,12,9,13,7,9,7,8,6
needs,36,14,18,18,19,19,17,14,18,15,7,13,10,11,9,10,8,10
risk,41,27,56,36,49,33,44,47,15,13,9,13,10,12,13,14,12,8
lot,7,14,16,7,14,7,12,7,2,6,8,10,5,8,4,9,7,2
diplomacy,14,18,24,31,22,12,18,9,14,6,8,9,10,8,3,8,5,3
pushes,55,34,35,36,44,27,30,25,16,13,12,11,8,10,9,11,8,7
analyst,23,13,36,29,21,7,19,12,5,6,6,8,9,7,4,8,6,5
accuses,24,43,41,41,52,41,42,31,20,6,11,9,12,9,12,10,5,6
naval,5,12,12,59,33,14,40,17,9,4,3,5,11,9,6,9,5,6
can't,32,23,36,17,33,34,30,30,16,17,15,14,14,14,15,17,15,10
didn't,15,11,16,13,16,7,6,10,5,11,10,10,9,11,5,4,6,5
country,45,26,29,25,22,33,31,43,16,11,11,13,9,11,11,13,16,10
close,49,57,60,59,54,62,41,52,17,9,13,14,10,10,14,9,8,7
come,13,17,21,29,16,24,18,19,15,9,9,9,10,8,11,9,10,9
weekend,11,16,20,20,31,34,28,25,18,6,8,3,7,6,10,9,6,7
likely,15,22,44,21,13,17,16,9,11,8,9,13,8,6,9,10,5,4
happen,7,12,9,7,3,9,4,6,8,4,7,5,4,2,8,3,6,8
edge,23,11,28,25,22,16,11,10,1,7,8,9,9,5,6,4,6,1
right,40,30,32,26,33,27,26,24,12,15,16,16,12,14,12,14,13,9
mou,3,3,1,3,7,43,10,10,1,1,1,1,2,2,9,5,6,1
project,14,20,11,21,71,42,18,25,7,7,10,8,11,16,10,6,8,6
araghchi,5,4,19,44,34,20,5,10,0,3,3,3,5,3,3,2,3,0
taken,26,15,9,23,11,8,12,5,5,13,8,5,12,6,5,5,4,4
launched,7,9,6,2,11,13,14,6,5,6,5,3,2,6,9,6,3,4
planned,10,8,7,18,23,24,8,12,6,5,6,4,8,10,11,6,7,4
working,20,19,15,17,13,22,16,14,9,9,8,8,10,8,8,9,9,6
stay,12,9,18,31,16,17,18,17,9,7,8,12,13,10,8,8,7,7
regime change,17,21,39,5,6,3,2,4,0,8,8,13,5,3,2,2,4,0
bombing,8,16,26,14,16,19,18,16,4,5,5,9,8,8,5,8,9,2
finish,1,3,7,4,9,4,10,2,3,1,3,6,4,4,3,9,2,3
ballistic missiles,2,11,9,7,9,18,13,34,11,2,5,5,5,2,7,4,6,3
hell,2,6,21,24,9,14,13,10,20,2,3,9,8,3,4,3,5,7
marandi,4,0,7,1,2,7,8,4,1,3,0,4,1,2,2,2,2,1
us-israeli,0,0,31,12,6,5,1,1,1,0,0,8,4,2,2,1,1,1
way,33,26,25,27,27,22,19,32,5,12,11,13,16,13,11,9,14,4
tensions escalate,3,8,7,8,10,6,9,11,2,3,4,5,4,4,4,6,5,2
terms,2,6,12,13,8,17,7,4,4,2,3,7,5,5,9,5,2,3
we'll,9,8,7,7,12,8,6,6,3,8,7,6,6,8,4,2,4,3
striking,2,11,19,10,11,3,9,9,2,2,3,7,4,3,2,6,5,2
work,35,17,23,31,36,39,22,44,14,12,9,10,14,17,11,13,12,10
assets,17,4,17,15,6,15,8,3,1,7,3,7,6,3,4,2,2,1
warships,10,14,20,19,18,10,8,3,18,6,6,9,4,3,3,2,2,6
oil,279,97,689,334,187,171,198,149,146,17,12,18,16,16,17,14,15,14
amid,432,290,686,542,508,362,330,303,116,14,15,16,13,13,15,14,14,13
war,297,398,3154,1925,1068,714,732,687,336,24,25,27,31,27,23,27,22,21
prices,25,36,265,164,143,78,69,61,70,11,15,18,19,14,13,11,12,15
saudi,29,26,100,56,86,40,185,104,88,4,7,15,6,11,5,15,12,13
global,156,169,250,204,202,181,124,106,129,20,17,18,18,13,14,12,11,15
tensions,139,124,125,115,142,74,78,62,31,13,11,11,12,12,12,10,12,10
crisis,102,86,303,214,245,166,129,213,77,12,16,18,18,15,12,16,15,9
red,63,42,72,67,79,41,142,79,33,17,11,12,12,12,9,14,13,15
energy,69,88,252,112,83,63,47,40,52,13,15,17,18,15,14,11,8,10
uss,4,10,29,12,10,8,5,78,20,3,7,6,4,5,4,4,14,8
cuba,53,92,94,40,98,19,22,10,4,13,15,15,11,15,7,11,7,2
fuel,7,26,105,79,82,45,56,30,16,6,8,12,13,13,10,11,8,9
sea,28,24,30,47,19,37,137,84,29,6,8,8,8,5,8,12,10,13
houthis,0,0,29,8,5,5,73,58,59,0,0,8,5,2,3,7,6,11
troops,79,52,165,51,83,29,72,73,39,13,13,17,14,12,9,14,10,5
houthi,1,0,13,3,0,4,27,28,16,1,0,4,3,0,3,6,6,6
high,61,57,51,73,82,56,67,69,40,14,14,13,15,13,12,13,11,11
ceuta,0,0,0,0,0,0,31,109,16,0,0,0,0,0,0,9,11,3
economic,178,64,47,47,58,56,39,138,40,18,14,15,16,14,15,12,14,8
gas,41,17,182,77,102,51,40,37,38,12,10,17,13,14,12,13,13,12
surge,41,37,73,46,41,31,41,47,19,13,10,14,13,9,9,11,12,5
yemen,16,1,16,3,4,7,30,30,26,6,1,8,2,2,5,7,5,10
record,63,52,27,69,59,71,60,84,32,11,13,11,11,11,12,13,14,14
carrier,11,11,23,8,5,2,6,16,13,5,7,6,4,3,2,4,11,5
red sea,1,1,15,11,6,5,68,30,11,1,1,5,3,1,3,10,5,8
card,34,4,4,9,10,5,45,12,2,12,4,3,7,6,3,12,6,1
gold,68,112,35,22,28,21,26,43,7,13,13,11,7,11,7,9,7,3
rising,32,33,65,38,63,35,34,26,17,11,9,16,11,11,12,14,11,8
sanctions,17,45,27,44,36,45,55,88,28,5,7,7,9,9,9,10,14,8
east,61,104,455,124,66,86,91,68,28,11,13,14,14,11,16,12,12,11
awards,17,30,27,4,14,26,12,8,4,7,10,10,4,6,8,8,7,2
arabia,20,16,56,23,52,24,98,41,39,3,6,11,5,11,2,14,9,12
saudi arabia,20,16,56,23,52,24,96,40,39,3,6,11,5,11,2,13,9,12
migrant,4,7,3,8,8,12,20,60,11,3,5,1,6,5,6,10,11,5
conflict,25,38,357,123,100,62,58,23,35,8,11,17,12,12,12,10,7,12
ground,23,7,113,49,17,6,24,25,25,10,6,17,12,7,5,11,8,8
middle east,43,73,442,113,58,71,73,50,23,9,13,14,13,10,14,11,11,10
middle,47,80,447,120,62,72,76,51,28,9,13,16,13,10,14,12,12,11
draws,23,15,11,21,22,13,16,10,5,6,5,4,6,6,7,6,6,3
price,15,11,60,19,34,41,31,24,12,9,6,15,11,10,11,12,9,7
fears,26,41,45,35,59,33,27,38,22,8,10,10,9,10,10,10,9,8
market,58,69,82,72,70,96,83,86,30,10,11,12,10,11,10,11,13,7
pay,32,27,60,33,28,25,53,60,25,10,12,15,11,10,9,11,16,12
ford,11,12,14,10,9,9,9,17,2,6,8,6,5,7,5,6,9,2
markets,31,55,120,70,42,62,32,51,16,8,12,14,13,10,11,3,8,6
lines,21,8,64,18,18,5,12,10,3,8,5,9,8,9,4,6,7,3
uss abraham,1,2,10,1,0,0,0,27,11,1,2,3,1,0,0,0,12,7
abraham lincoln,2,2,12,1,0,0,0,27,11,2,2,3,1,0,0,0,12,7
coast,19,29,16,17,27,38,41,17,17,10,11,9,7,11,8,12,11,10
india,433,683,376,364,606,538,425,470,344,9,11,8,7,7,10,9,10,7
migrants,8,2,4,8,7,14,38,46,10,5,2,3,4,4,6,12,9,4
united,31,25,36,27,21,20,19,14,13,8,10,11,9,9,11,10,7,7
nations,25,17,38,28,24,15,23,12,17,8,5,9,6,6,5,5,4,4
stocks,75,84,85,84,74,100,70,68,21,10,6,9,6,7,7,5,5,4
costs,19,14,41,41,33,20,31,9,20,8,10,12,13,10,11,11,4,7
supply,12,16,77,49,25,25,29,32,10,7,6,15,10,8,6,8,13,6
honor,4,16,21,5,19,15,22,22,20,4,8,10,4,5,8,10,9,10
credit,31,18,24,18,17,13,9,7,8,10,4,5,3,6,4,7,4,3
medal,15,38,13,0,6,11,12,23,12,10,8,9,0,4,6,5,8,7
escalating,19,8,26,7,8,14,11,12,4,9,5,7,3,2,5,5,5,2
tear,17,6,4,8,7,16,8,11,3,7,4,3,6,6,6,5,5,1
lincoln,3,5,17,2,2,9,4,76,18,2,4,4,2,2,5,4,14,8
rise,44,44,88,63,64,61,51,61,35,11,11,14,14,13,13,13,14,10
airlines,6,5,22,43,76,8,6,10,7,4,4,9,12,12,5,5,8,5
d-day,0,0,1,1,0,11,1,37,1,0,0,1,1,0,6,1,11,1
shortage,6,8,36,17,9,14,17,24,6,4,5,10,9,7,6,9,9,5
conditions,10,13,13,8,11,10,14,45,2,5,8,6,5,7,6,7,13,2
castro,0,1,0,4,83,4,2,3,0,0,1,0,3,14,4,2,3,0
fall,42,31,37,27,16,36,23,27,9,12,10,9,9,7,13,8,8,6
indictment,13,3,1,25,39,4,2,0,0,5,2,1,10,11,3,2,0,0
escalates,10,18,70,28,31,22,48,31,23,3,8,14,7,7,6,9,9,10
iraq,11,5,110,22,31,24,58,7,8,6,3,15,9,6,4,10,5,4
growth,50,32,24,31,21,31,40,31,33,6,9,7,8,6,7,6,6,7
gas prices,3,4,79,35,45,16,16,13,23,3,4,15,9,11,6,5,8,10
grow,15,11,15,10,21,6,18,20,12,9,9,9,6,9,2,10,8,8
green,6,23,15,20,17,17,15,20,9,5,12,6,8,8,7,3,7,2
doug,5,4,3,3,3,1,5,14,0,4,3,2,3,3,1,4,8,0
stock,22,24,31,21,20,37,18,15,10,8,7,10,9,7,11,6,7,5
job,20,31,25,35,49,19,23,33,10,11,12,10,12,12,12,12,12,6
impact,28,160,85,57,48,39,36,27,13,10,12,14,12,11,13,9,9,9
infrastructure,9,8,38,27,5,15,27,22,5,6,6,12,15,4,6,10,6,3
red line,22,9,11,9,14,4,7,3,0,6,2,3,1,4,3,4,3,0
ongoing,18,10,34,23,19,18,14,11,6,7,6,7,7,6,6,4,4,3
higher,14,16,28,28,32,18,32,22,18,6,6,8,11,12,5,9,9,5
facilities,5,5,32,2,4,8,15,8,5,3,4,10,2,4,5,5,3,4
havana,6,5,10,11,18,3,1,2,3,5,2,4,4,8,3,1,2,2
line,40,22,21,26,34,15,25,18,13,12,6,8,7,12,7,8,11,7
tribute,28,25,12,19,36,11,43,30,14,6,8,5,4,6,4,9,9,6
deployment,22,5,14,4,17,3,12,11,13,10,4,9,3,7,3,2,8,8
carpet,18,16,32,23,19,7,8,5,12,8,6,5,5,6,2,4,4,5
aircraft,25,25,33,23,16,20,19,24,25,7,9,11,7,4,6,6,9,6
boots,4,2,17,2,2,2,2,1,0,4,2,10,2,2,1,2,1,0
kharg,0,0,47,11,2,14,1,4,4,0,0,13,5,2,7,1,4,2
sending,9,7,29,8,11,6,14,2,4,7,4,8,6,6,5,8,1,4
kharg island,0,0,44,11,2,14,1,3,4,0,0,13,5,2,7,1,3,2
private,13,23,23,21,32,19,27,26,9,8,11,7,9,10,9,10,11,4
long,14,23,57,19,22,20,20,24,10,10,13,13,11,9,8,12,11,7
deploys,18,21,36,26,25,11,15,23,7,7,5,9,4,6,5,4,5,6
field,6,5,31,5,5,5,7,5,1,4,4,12,4,5,2,7,5,1
silver,28,30,4,3,3,3,7,5,2,6,7,3,3,3,2,2,3,2
diesel,0,2,17,7,20,0,6,5,18,0,1,6,5,6,0,2,5,9
invasion,16,12,37,14,13,10,11,12,0,10,6,12,8,7,6,7,5,0
prediction,2,19,10,8,10,14,6,4,5,2,9,7,6,8,8,5,3,4
tension,13,13,7,10,6,11,3,3,5,6,5,3,7,3,7,2,3,4
zero,6,5,7,12,13,13,8,9,26,5,3,5,7,8,8,6,4,11
send,21,15,31,9,18,10,11,13,2,11,9,11,8,8,7,6,8,2
shock,14,16,65,44,36,31,30,41,15,9,7,9,10,5,7,10,12,4
comey,0,0,2,54,5,0,0,1,0,0,0,2,10,1,0,0,1,0
spike,4,0,22,12,10,8,8,3,3,4,0,8,6,7,7,5,3,3
refinery,1,1,39,22,12,14,15,23,5,1,1,8,6,3,5,5,4,3
lower,16,14,28,15,11,16,16,19,7,5,7,9,8,6,6,5,8,4
regional,13,24,22,14,11,10,7,7,7,2,8,8,5,4,2,3,5,4
deepens,10,26,25,30,26,22,34,22,12,6,5,7,3,5,4,5,8,5
limit,7,1,12,12,7,9,3,7,3,3,1,8,7,6,6,2,6,3
breaks,55,49,41,53,41,67,61,52,22,9,9,13,11,11,14,15,11,8
soar,5,7,23,11,10,20,8,5,6,3,6,12,7,7,9,4,2,4
olympic,12,109,5,4,5,5,6,5,1,6,14,4,4,3,4,5,2,1
ending,7,24,15,20,18,9,8,5,6,5,10,10,10,11,7,5,4,4
qatar,11,14,57,19,21,51,28,18,4,6,6,10,6,4,12,8,4,1
drop,23,14,13,28,35,30,42,32,8,8,8,10,13,12,8,12,9,4
bond,15,8,7,9,35,17,11,57,23,6,3,4,5,10,4,3,6,6
uncertainty,6,15,18,22,14,10,8,6,3,5,7,8,7,7,5,3,4,3
turmoil,12,5,13,3,5,16,7,5,3,7,4,7,3,5,6,6,3,3
russia-ukraine,14,24,3,9,13,15,24,11,12,5,7,3,2,5,4,7,3,4
hub,9,15,24,18,17,8,14,20,6,6,5,8,4,8,6,5,5,2
alert,25,21,32,37,34,28,42,34,13,9,10,8,8,6,7,9,5,6
pipeline,0,7,7,17,8,6,14,7,17,0,2,2,4,3,4,7,5,9
seize,25,4,13,13,8,6,6,9,3,10,3,8,6,3,4,5,4,3
companies,37,15,8,17,21,18,21,24,6,12,10,6,13,12,7,10,12,5
asia,46,43,404,184,118,87,71,52,21,5,5,6,6,5,6,5,5,3
exports,16,4,7,15,8,12,10,10,4,5,3,6,5,3,4,5,6,4
linked,29,12,19,18,13,22,21,20,7,13,8,10,9,9,8,8,9,4
surges,7,10,33,14,16,14,14,13,14,5,4,9,6,8,7,7,5,6
growing,33,27,22,22,25,37,23,28,12,10,12,10,8,9,10,9,14,7
water,23,9,19,16,26,54,57,98,22,9,4,10,7,10,12,13,15,6
rift,20,10,10,29,22,38,9,4,0,8,5,5,5,8,4,6,3,0
helping,6,2,24,15,19,7,9,16,6,5,2,9,10,10,5,6,9,6
machine,6,4,5,4,5,8,4,17,4,3,3,4,3,4,6,4,8,3
rages,2,2,29,14,7,11,8,6,3,1,2,9,5,6,6,5,4,3
sudan,10,10,8,15,7,5,9,4,2,3,4,2,6,4,3,5,2,2
crimes,7,13,6,13,4,9,5,7,4,5,10,3,7,4,5,4,6,4
industry,19,24,24,24,23,31,22,31,16,11,10,12,10,14,17,7,12,11
words,14,6,10,8,5,8,5,9,5,7,1,6,3,4,3,2,6,4
row,44,40,12,48,44,106,153,84,27,6,6,5,5,6,9,9,5,6
won,4,6,17,11,14,17,6,11,8,4,4,9,6,9,9,4,6,8
million,53,52,49,38,51,66,73,63,22,13,12,14,12,13,13,15,11,12
preparing,10,11,14,8,10,12,10,13,3,7,8,5,7,7,7,7,6,3
intensifies,19,12,57,12,13,20,18,12,12,6,6,11,7,7,8,9,5,7
months,12,11,19,18,17,23,18,39,12,6,7,7,10,7,9,10,13,10
zone,7,9,24,8,7,11,17,10,7,5,4,9,4,4,7,7,5,5
failure,6,5,7,22,10,12,18,9,5,4,3,5,7,6,5,8,5,4
trump,3146,1996,2644,3229,2454,2137,2155,1681,770,30,28,28,30,31,27,27,28,24
court,199,226,70,169,155,216,148,151,54,17,18,15,17,14,18,17,17,12
supreme,78,197,208,131,85,160,114,64,23,16,18,15,16,12,17,15,13,9
supreme court,66,167,28,101,76,150,49,58,22,12,18,8,15,11,17,14,12,9
canada,82,93,72,28,22,68,93,189,73,12,13,11,10,5,10,15,17,14
tariffs,213,250,14,24,23,19,73,120,34,14,19,7,10,6,4,13,15,13
greenland,894,38,10,5,7,5,29,5,4,21,8,7,2,3,3,9,4,2
signs,30,36,31,27,41,61,25,61,9,12,12,13,12,11,14,10,12,7
trade,218,314,111,110,191,163,181,209,109,16,12,12,10,13,11,12,14,14
arguments,30,2,12,22,3,1,4,38,4,9,2,6,9,2,1,4,9,3
tariff,137,112,12,16,7,16,30,34,6,14,16,6,7,4,5,7,10,4
mark,109,90,67,37,49,66,51,61,23,16,13,12,13,12,14,14,13,9
rights,38,47,38,27,32,20,16,22,12,13,12,10,11,12,9,7,9,9
ruling,11,95,14,18,22,36,23,11,4,6,13,6,6,12,11,13,6,4
cook,24,1,1,30,15,9,1,8,6,9,1,1,13,8,5,1,5,4
canadian,44,35,26,15,4,12,33,25,14,12,8,4,6,3,4,13,11,8
transgender,33,7,8,0,3,22,3,3,1,9,5,5,0,3,6,2,3,1
threat,126,68,123,104,79,65,82,125,42,14,12,18,15,14,13,16,16,9
carney,84,35,43,12,7,23,23,51,19,10,6,6,5,4,5,7,13,5
voting,4,20,20,35,20,12,13,27,8,4,9,10,10,11,7,8,10,4
act,83,29,69,37,26,43,44,26,9,15,12,12,13,12,11,9,9,6
hears,26,5,7,9,2,1,4,8,1,9,4,4,7,2,1,3,6,1
sports,112,111,129,115,125,150,131,114,57,11,7,11,11,8,12,10,10,4
retaliatory,1,12,25,1,2,14,9,20,12,1,7,7,1,2,8,5,9,9
lisa,26,2,4,2,1,9,1,6,0,10,2,3,2,1,5,1,5,0
voting rights,0,0,0,14,12,1,0,7,0,0,0,0,6,8,1,0,6,0
decision,25,38,29,17,31,35,38,21,13,8,13,12,9,9,12,12,7,10
orders,34,37,29,36,31,37,33,47,28,11,13,11,11,12,9,9,13,7
apple,13,9,13,47,16,35,30,17,52,4,5,5,16,7,6,9,7,12
executive,22,16,23,25,15,31,8,52,8,9,8,10,12,9,13,4,13,7
map,6,6,3,31,37,9,8,6,24,4,4,3,11,11,5,3,2,10
order,35,35,54,31,36,61,25,90,22,10,12,15,13,11,12,8,13,7
birthright,0,0,6,51,6,44,26,21,5,0,0,6,13,4,13,11,10,4
pact,22,16,5,8,14,12,10,25,7,5,4,3,3,3,4,4,4,2
tim,72,7,13,35,20,12,12,22,14,15,4,8,17,10,9,8,10,7
garden,3,1,3,5,25,19,16,17,4,2,1,2,2,10,12,9,8,4
rules,38,40,28,21,31,47,34,31,20,15,15,13,7,9,12,11,11,12
mail,8,1,7,2,13,3,5,8,8,5,1,4,2,7,3,4,6,5
rate,38,20,27,18,17,29,20,36,22,11,8,9,8,8,10,8,9,8
mark carney,45,21,28,3,3,17,8,18,5,7,5,4,2,3,5,4,7,2
justices,1,12,1,6,1,1,15,0,0,1,7,1,3,1,1,7,0,0
birthright citizenship,0,0,6,51,6,43,24,21,4,0,0,6,13,4,13,10,10,3
citizenship,6,3,7,55,9,54,26,26,6,3,3,7,14,7,13,10,11,4
threats,138,32,68,88,29,28,29,31,19,16,12,14,15,10,10,12,14,8
sign,23,23,20,14,43,49,19,28,8,12,8,8,9,12,15,8,10,5
agreement,13,13,10,35,19,74,20,15,6,6,4,7,12,9,15,8,8,3
ballots,1,1,13,1,0,20,2,5,1,1,1,5,1,0,9,2,3,1
bans,22,11,8,5,7,26,10,14,11,8,7,7,4,5,12,5,6,6
oval office,11,9,8,8,12,14,14,13,1,6,7,5,6,6,8,7,8,1
oval,11,9,8,8,13,14,14,13,1,6,7,5,6,7,8,7,8,1
hike,4,5,15,13,19,17,16,24,22,4,3,6,6,5,4,3,5,3
athletes,21,20,13,2,7,17,7,8,4,10,10,7,1,6,7,4,5,2
weighs,53,19,37,29,28,21,27,27,10,10,8,11,10,9,9,6,8,5
square,8,9,13,7,24,26,26,7,14,5,6,9,5,6,9,8,7,7
rose,13,1,6,5,14,6,6,14,2,6,1,5,4,8,6,5,8,2
executive order,5,4,14,11,7,11,4,33,1,4,3,9,6,5,8,4,12,1
kelly,23,23,9,20,13,8,7,6,1,11,9,7,9,6,5,4,3,1
congressional,11,16,7,36,35,10,4,12,14,6,10,6,11,10,5,4,7,6
office,59,40,33,33,43,47,56,40,18,12,12,10,11,12,11,12,12,7
clayton,0,2,1,0,0,20,24,0,0,0,2,1,0,0,8,8,0,0
mail-in,0,0,12,2,2,17,2,16,5,0,0,6,2,2,6,2,8,4
push,92,58,54,70,83,73,57,53,54,14,12,13,14,12,12,15,11,11
arctic,52,25,6,3,8,5,5,9,4,11,7,3,3,4,3,4,4,2
jay,6,1,1,2,4,14,24,2,1,4,1,1,1,3,7,10,2,1
free,34,27,22,24,29,26,27,19,7,12,12,10,12,15,11,11,10,3
imminent,12,9,26,4,5,6,4,5,2,8,5,13,3,3,5,3,3,2
denmark,125,10,13,3,4,10,7,6,3,13,4,6,3,3,4,5,4,2
countries,38,14,39,17,20,19,21,26,8,13,6,13,7,11,9,9,10,4
times,248,52,113,96,310,383,389,215,218,10,11,10,8,8,11,15,11,10
appear,20,9,6,9,2,9,8,5,3,8,6,4,7,2,4,5,4,3
scotus,20,22,2,15,10,19,12,4,0,7,8,2,8,6,9,5,1,0
abortion,3,3,0,0,27,0,1,1,2,3,2,0,0,9,0,1,1,2
danish,68,4,5,3,0,0,4,1,0,13,3,4,2,0,0,3,1,0
takeover,53,16,10,6,10,16,9,6,4,17,11,7,4,7,10,6,6,4
appears,36,19,17,30,10,13,17,9,2,12,10,9,9,7,5,7,4,2
wife,88,30,19,56,25,18,31,18,8,15,12,8,11,8,7,6,9,5
administration,95,49,46,45,50,31,25,42,16,16,11,10,12,14,12,11,14,8
allows,4,4,14,4,13,12,9,9,4,4,4,6,3,8,4,7,4,4
insists,5,3,14,10,6,9,2,6,0,4,3,8,4,3,3,2,4,0
bomb,19,17,46,22,23,26,30,38,8,8,7,11,7,8,9,6,12,2
surrender,3,4,33,10,7,8,3,9,1,2,2,12,4,5,4,2,7,1
cases,25,14,9,14,37,20,36,18,2,9,7,6,10,11,7,11,8,1
agrees,7,7,7,28,5,9,9,10,3,6,4,5,11,4,7,8,7,2
kennedy center,6,11,11,2,7,26,0,13,3,6,6,9,2,7,8,0,6,3
medal of honor,0,7,12,0,2,9,0,12,8,0,4,9,0,1,6,0,7,6
deals,28,34,12,16,44,11,24,16,8,7,8,6,8,9,7,11,7,5
pauses,5,2,5,3,21,4,13,16,1,3,2,5,2,5,4,8,8,1
golf,0,1,5,7,11,3,4,18,10,0,1,4,6,6,3,4,9,7
begging,1,1,18,1,1,4,2,6,0,1,1,8,1,1,2,1,4,0
sotu,0,54,0,0,0,0,0,0,0,0,10,0,0,0,0,0,0,0
admin,21,20,19,19,13,17,10,11,7,7,8,7,7,3,6,6,5,4
endorsement,0,5,2,2,13,5,5,7,3,0,4,2,2,7,3,3,4,3
accounts,29,5,1,2,7,6,29,8,3,8,5,1,2,4,3,12,5,3
roundtable,11,1,21,11,13,13,1,15,1,8,1,9,8,4,7,1,8,1
insurrection act,43,0,0,0,0,0,0,0,0,12,0,0,0,0,0,0,0,0
insurrection,48,1,0,0,0,0,0,0,0,13,1,0,0,0,0,0,0,0
irs,4,1,2,10,18,2,9,0,0,2,1,2,7,8,1,3,0,0
touts,31,25,17,12,14,32,9,10,5,8,10,9,6,7,9,6,6,4
hints,17,13,20,15,11,10,9,6,2,7,6,6,5,4,6,5,4,2
dni,0,0,2,0,1,16,7,0,0,0,0,2,0,1,8,4,0,0
assassination attempt,2,6,2,22,11,2,5,4,0,2,5,1,12,4,1,4,4,0
ossoff,0,1,2,3,0,4,20,26,5,0,1,2,1,0,3,5,7,2
invade,6,1,8,6,8,4,3,0,0,4,1,4,4,4,4,3,0,0
kennedy,13,19,17,20,14,30,7,18,7,10,10,10,9,9,11,5,8,5
approval,8,18,8,15,29,6,11,10,3,6,9,6,9,13,3,8,9,3
u-turn,7,10,6,11,5,8,8,8,0,4,3,2,2,2,3,3,3,0
anti-weaponization,0,0,0,0,37,36,4,11,0,0,0,0,0,6,7,3,5,0
terrible,3,5,6,6,6,3,3,2,3,3,4,5,3,6,2,3,2,2
anti-weaponization fund,0,0,0,0,37,35,3,11,0,0,0,0,0,6,7,3,5,0
beautiful,4,9,3,7,3,2,6,4,5,3,8,3,4,3,2,4,3,4
ireland,1,4,19,3,1,21,14,2,43,1,3,12,1,1,7,5,1,12
rhetoric,13,4,4,18,8,4,2,0,1,8,2,3,7,6,4,2,0,1
blow,4,9,19,20,18,16,7,9,5,3,8,9,8,10,6,5,6,3
snub,17,4,1,2,3,5,5,0,1,7,3,1,1,2,3,5,0,1
cancels,10,2,3,14,10,23,6,12,4,8,1,3,11,4,10,5,5,4
washington dc,18,10,8,9,17,17,19,10,1,5,6,4,6,7,6,7,4,1
policies,17,20,13,14,7,20,7,7,3,9,8,7,10,6,9,5,5,2
chance,5,4,10,7,8,6,15,17,5,2,4,8,7,7,4,6,8,5
reflecting pool,0,0,0,1,4,51,30,18,1,0,0,0,1,4,12,10,7,1
pledge,6,3,10,0,0,9,11,10,8,5,3,9,0,0,5,8,7,6
threatening,11,1,5,11,7,6,6,9,3,7,1,5,7,5,6,4,6,3
course,3,8,4,9,6,3,5,11,5,2,6,4,4,5,3,4,7,5
rnc,0,1,3,0,1,1,0,1,47,0,1,3,0,1,1,0,1,10
doubles,17,12,1,12,1,7,8,15,3,8,8,1,8,1,7,4,10,2
reflecting,1,1,0,1,4,51,31,18,2,1,1,0,1,4,12,10,7,2
pool,4,4,2,5,4,56,31,20,3,2,4,2,4,4,13,10,8,2
mocks,30,15,27,27,26,10,9,13,6,5,3,6,3,5,3,3,4,2
affordability,19,13,13,11,8,14,6,18,4,7,6,5,9,6,7,3,10,4
stopped,14,7,3,4,6,3,7,3,3,8,7,2,4,4,3,4,3,3
dismisses,9,5,8,12,15,3,7,9,6,5,4,5,8,9,3,3,6,4
posts,13,18,10,22,15,5,14,21,6,8,9,7,8,9,4,6,10,4
maga,10,8,21,29,17,10,15,17,5,6,6,11,12,12,4,11,12,5
tells,48,41,35,40,33,26,23,26,16,15,14,15,16,13,10,12,14,11
hand,9,11,6,12,25,8,5,12,3,7,4,6,4,11,4,4,6,2
bolton,8,7,18,19,7,25,3,2,3,3,3,6,6,4,11,3,1,1
comments,35,25,16,31,22,16,9,24,5,12,11,10,11,10,7,6,9,4
suggests,11,7,11,8,7,5,3,5,2,8,7,6,5,5,5,3,4,2
attempt,12,14,10,35,20,8,15,8,8,9,9,7,15,8,6,10,5,7
remark,12,24,21,29,20,22,25,32,17,3,4,4,3,4,4,2,3,3
john bolton,6,5,17,15,5,24,2,1,2,2,3,6,6,3,11,2,1,1
ally,9,8,9,22,18,17,11,13,10,4,2,6,5,6,7,5,7,3
president,584,452,445,438,359,335,381,287,228,17,18,17,17,16,19,18,16,13
china,341,224,220,305,692,227,322,321,137,17,16,21,21,23,16,18,18,13
visit,59,132,45,139,255,111,120,92,59,13,11,9,16,14,11,12,11,8
summit,58,253,71,39,355,299,287,58,330,10,8,15,8,14,15,13,5,8
meets,113,96,85,97,117,124,98,83,79,13,13,12,14,9,14,12,12,11
state,117,368,96,106,171,121,130,113,63,14,22,17,15,18,17,16,14,15
meeting,185,124,117,145,238,194,183,90,70,12,12,13,14,15,13,14,15,10
nato,283,121,142,165,194,168,402,109,54,14,7,15,18,11,13,16,9,8
holds,233,196,249,352,235,199,200,163,105,14,13,13,12,12,13,11,10,9
xi,73,50,25,43,484,42,29,53,130,8,7,6,7,17,8,6,6,7
putin,172,124,141,157,377,263,187,234,345,13,14,14,10,14,13,8,7,13
king,24,34,16,255,40,37,14,30,37,11,12,10,15,13,9,9,10,12
foreign,106,65,128,86,126,110,61,63,47,14,12,12,11,10,11,11,12,9
leaders,156,110,96,73,97,173,140,79,126,15,14,16,12,12,16,14,12,11
speech,136,139,62,89,101,101,180,91,90,16,14,11,16,14,11,14,13,10
chief,191,137,181,159,224,163,137,159,63,14,12,14,14,15,13,12,10,8
beijing,41,19,20,39,243,29,19,41,8,7,4,5,7,15,9,5,8,3
eu,289,146,91,122,109,122,75,79,51,12,7,7,8,8,6,9,8,7
emergency,50,29,59,26,59,65,60,46,29,10,9,11,9,10,11,9,10,11
macron,95,124,47,66,53,147,78,11,35,10,6,6,6,5,11,9,5,5
king charles,0,20,2,236,21,13,5,4,10,0,10,2,15,10,6,4,1,7
meet,106,74,59,77,165,131,98,75,67,12,14,10,15,14,14,13,14,10
france,62,50,43,54,55,227,206,38,28,11,8,9,9,6,14,11,8,8
taiwan,39,37,28,31,189,51,30,34,3,8,8,5,6,14,9,6,8,2
building,29,27,39,20,59,56,129,29,74,10,11,13,7,13,15,16,13,7
xi jinping,38,19,7,12,152,17,12,12,55,7,5,4,5,13,7,4,4,6
jinping,39,19,7,14,157,18,12,12,59,7,5,4,5,13,7,4,4,6
hosts,26,45,50,50,53,39,49,25,26,7,10,11,10,10,11,12,9,8
charles,1,21,2,240,22,14,7,7,12,1,11,2,16,11,7,6,2,8
delivers,76,81,57,43,50,40,72,31,36,10,12,11,11,12,10,11,7,7
modi,252,465,164,228,373,393,358,254,287,5,6,4,4,6,9,8,7,6
robot,8,9,14,23,16,9,16,67,2,7,5,10,9,5,6,7,13,2
winter,255,170,5,2,1,2,3,9,4,16,15,2,1,1,2,3,5,4
speaks,194,202,195,158,158,141,144,140,74,15,15,14,12,13,12,12,13,13
addresses,142,107,110,129,78,76,82,56,42,12,13,11,12,10,9,11,5,6
council,61,30,54,22,19,27,15,16,11,10,8,10,8,3,6,5,8,3
queen camilla,0,0,1,76,1,2,0,0,0,0,0,1,11,1,2,0,0,0
camilla,0,0,1,78,1,2,0,0,0,0,0,1,12,1,2,0,0,0
merz,63,32,34,36,23,46,57,18,26,6,6,11,6,3,4,5,2,6
queen,3,5,2,98,9,15,2,2,0,3,4,2,12,5,7,2,2,0
andrew,25,161,9,5,9,18,42,34,11,9,18,5,4,8,8,16,12,4
humanoid,8,7,9,15,11,4,6,39,5,6,6,7,6,8,2,4,8,4
donald,139,128,124,141,118,93,109,67,47,11,10,11,10,7,13,7,7,8
royal,7,35,5,25,8,21,6,17,11,4,12,3,12,4,8,5,8,6
chinese,58,48,47,44,117,53,58,41,43,11,11,8,10,13,10,13,12,9
ties,66,134,43,69,105,87,56,66,41,11,14,10,13,12,11,11,7,7
iii,5,9,6,89,13,31,3,3,5,4,4,6,11,7,9,3,3,4
rutte,40,35,19,29,18,42,37,4,8,6,4,4,9,4,10,6,1,4
turkey,20,9,33,33,32,24,105,72,10,4,2,10,7,8,7,13,16,4
bilateral,14,48,15,15,43,42,18,24,65,2,3,6,3,5,5,5,3,5
arrives,72,59,53,43,111,80,87,36,85,11,9,8,9,12,9,10,9,6
address,81,184,43,84,27,30,73,29,22,12,13,9,12,7,10,12,6,7
charles iii,0,4,1,83,8,7,1,0,2,0,2,1,11,3,2,1,0,1
germany,52,38,30,53,69,88,64,50,82,8,6,8,7,11,9,9,9,11
security council,24,13,33,15,11,16,9,7,3,8,6,8,5,3,5,3,3,2
games,8,38,4,7,12,16,12,60,19,6,10,3,6,8,10,7,10,8
family,63,139,55,49,61,65,91,68,40,12,16,13,16,13,16,14,13,11
ministers,24,18,23,13,63,35,20,20,16,6,4,5,4,8,6,6,5,5
robots,11,10,3,15,12,10,15,34,8,7,6,2,8,8,5,10,8,5
forum,123,26,9,13,16,30,23,5,25,14,9,4,4,8,9,6,1,3
american,42,63,122,85,84,88,119,70,44,12,16,18,19,19,17,20,20,14
european,84,32,24,18,27,24,30,17,15,13,10,7,6,8,10,11,5,7
davos,399,3,0,0,0,7,0,0,0,18,3,0,0,0,3,0,0,0
high-stakes,12,22,8,15,73,36,27,17,17,4,7,4,7,14,10,6,8,4
paris,46,21,33,17,42,57,52,11,17,7,8,7,7,6,7,12,5,5
army,110,74,71,69,69,60,65,72,41,7,9,10,12,10,9,10,11,12
nation,21,23,33,65,48,20,48,37,17,9,8,12,14,7,8,12,9,6
french,51,67,50,32,35,46,45,17,20,6,11,8,7,8,7,9,6,9
trump-xi,0,3,9,4,119,0,2,1,2,0,3,4,3,10,0,2,1,1
severe,8,9,12,19,21,24,34,22,8,4,6,6,10,6,8,10,6,5
union,43,351,38,27,28,18,52,40,8,9,19,11,6,6,3,3,6,2
erdogan,5,7,7,10,2,9,43,14,9,3,1,3,4,2,3,11,3,3
fair,13,14,6,5,5,28,12,10,5,7,6,4,4,5,9,7,5,5
der,39,17,13,8,6,12,5,2,6,6,8,3,4,3,4,1,2,2
von,50,5,15,10,9,12,5,2,6,7,4,5,6,7,4,2,2,2
great,45,24,18,38,40,52,37,18,13,13,13,8,13,13,14,14,7,7
landing,5,10,8,24,10,4,9,7,3,2,6,3,7,5,4,7,6,2
members,27,32,56,17,23,31,42,23,7,9,10,12,9,9,13,12,8,4
weather,33,22,10,12,15,24,27,18,9,12,10,7,7,7,10,10,10,6
collapse,31,34,28,64,47,33,44,40,73,12,13,11,13,13,8,14,13,8
economic forum,107,2,0,2,6,10,5,0,8,13,2,0,2,5,6,3,0,3
brics,11,5,3,3,33,19,3,19,492,3,3,3,2,4,3,1,2,7
palace,12,10,1,6,8,29,13,12,8,5,6,1,4,4,7,7,7,5
business,43,38,33,41,58,35,37,36,38,11,14,9,11,15,11,11,11,8
sco,0,1,0,7,0,0,0,33,56,0,1,0,3,0,0,0,5,5
empire,3,5,7,9,10,13,53,13,9,3,3,5,6,7,8,13,4,5
declares,21,24,28,36,36,33,26,32,27,9,8,5,9,11,7,10,11,10
mark rutte,13,17,8,12,4,24,20,2,5,5,4,3,7,2,10,5,1,3
cabinet meeting,21,4,13,4,18,7,28,5,1,11,2,10,3,7,3,8,3,1
discuss,39,35,32,26,24,20,19,22,12,14,11,7,11,9,8,9,10,7
affairs,6,19,16,8,10,19,7,10,8,3,6,4,3,4,6,3,2,3
ankara,3,0,1,4,4,7,106,4,0,2,0,1,2,3,4,7,2,0
official,54,57,71,50,39,44,37,24,8,16,12,12,13,12,13,13,11,5
millions,33,27,24,11,28,30,46,25,16,11,9,12,8,12,11,12,10,9
german chancellor,32,9,18,10,3,14,10,1,4,4,4,7,4,1,3,3,1,3
delhi,112,131,62,68,158,141,148,142,230,3,3,2,3,5,5,6,3,6
cabinet,29,16,28,22,53,28,51,20,5,11,6,11,11,9,6,11,4,3
chancellor,33,12,23,22,5,18,24,10,10,4,5,7,4,3,3,5,2,4
bilateral meeting,5,16,10,4,14,18,8,5,12,2,2,4,2,2,4,5,1,2
storms,11,11,14,12,9,11,18,24,7,5,6,7,7,4,7,9,8,5
german,44,17,36,19,17,27,27,14,25,4,4,10,5,5,5,4,4,10
react,66,41,35,51,32,51,37,31,11,14,8,11,10,8,11,7,8,5
human,16,20,30,24,13,23,14,11,11,8,4,12,9,11,10,8,7,9
declared,4,4,4,7,4,13,15,6,10,3,3,3,6,4,6,7,5,7
delivers remarks,32,30,25,9,12,12,19,10,11,8,7,7,3,6,5,7,3,4
photo,9,30,15,21,10,30,13,8,17,6,10,10,7,4,9,5,7,6
union address,1,87,0,0,0,0,0,0,0,1,13,0,0,0,0,0,0,0
collapses,9,11,7,7,14,16,22,9,11,5,5,4,4,7,5,10,6,5
dream,10,9,8,10,19,11,26,23,6,7,6,7,6,7,8,9,12,3
brics summit,0,0,0,3,6,1,0,4,214,0,0,0,2,3,1,0,2,6
staff,7,11,25,16,14,11,8,9,6,6,10,12,9,4,7,4,8,6
tv,15,15,6,17,13,11,9,5,4,8,9,5,9,8,5,7,4,4
small,10,13,20,12,24,12,5,15,13,6,9,10,8,11,6,4,10,8
reporters,14,12,13,19,6,4,6,7,5,8,6,8,10,5,3,4,5,4
heads,33,15,22,41,32,30,20,14,10,11,8,9,12,12,10,8,8,6
typhoon,1,0,1,6,1,3,43,20,1,1,0,1,3,1,2,7,4,1
department,36,19,25,32,29,28,7,16,4,11,7,8,9,10,10,2,10,4
boost,28,24,10,25,24,25,35,25,17,9,8,7,7,7,6,8,7,7
foreign ministry,24,20,39,32,26,29,9,16,11,4,4,3,3,3,4,2,2,3
brussels,40,37,20,13,15,34,11,8,5,6,4,4,1,3,4,3,2,1
ministry,34,30,60,44,38,39,17,23,18,4,5,4,4,4,4,3,4,4
cold,52,26,10,8,9,5,5,5,2,12,10,5,5,5,4,4,5,2
counter,10,14,17,4,19,4,9,10,3,5,6,8,2,3,3,4,4,2
syrian,22,5,10,5,1,4,9,8,0,4,2,6,3,1,3,7,4,0
speak,53,49,39,41,30,36,31,25,24,13,11,11,12,11,11,11,13,10
cuban,8,9,12,12,41,1,3,4,2,4,7,7,5,14,1,3,3,2
alliance,21,30,12,26,28,18,15,12,13,6,6,5,8,5,6,4,6,5
fm,46,47,53,53,59,39,22,31,21,5,5,5,5,4,4,3,4,3
trip,15,7,10,46,46,26,15,12,3,10,3,8,11,14,11,7,7,3
wef,96,0,0,1,0,0,0,0,0,7,0,0,1,0,0,0,0,0
lands,11,10,4,9,32,28,23,11,18,3,3,2,5,8,8,8,5,5
critical,7,49,17,17,25,15,23,31,8,3,13,10,8,10,8,8,9,5
departs,23,31,21,22,41,36,28,19,29,6,4,5,6,7,7,6,1,4
stop,38,37,56,47,30,48,61,43,24,18,16,16,13,15,17,15,12,13
hearing,65,118,102,105,63,71,225,31,12,12,14,11,14,12,12,15,13,6
epstein,74,803,124,104,83,80,52,14,15,16,26,20,20,17,16,16,9,6
secretary,80,92,144,110,105,64,50,40,60,12,15,15,14,17,14,9,12,15
case,106,261,89,112,136,119,153,179,87,13,13,14,16,20,17,15,16,13
hegseth,36,17,219,186,152,49,89,44,26,11,7,16,15,12,10,12,11,10
blanche,17,2,5,43,43,38,115,99,5,9,2,3,10,12,12,13,12,4
general,47,97,75,74,46,39,54,69,13,11,14,11,13,11,13,11,13,7
testifies,38,55,36,65,41,61,46,25,1,11,11,9,11,9,11,12,6,1
dhs,102,109,272,37,10,30,15,9,8,13,11,12,9,4,10,8,5,6
todd blanche,12,0,3,31,24,20,73,59,3,8,0,2,10,11,9,11,12,2
todd,12,1,3,39,28,22,76,60,3,8,1,2,10,11,9,11,13,2
pentagon,21,58,151,79,83,41,48,39,74,12,14,18,12,13,11,10,12,14
attorney,45,34,15,56,18,16,61,75,30,10,10,5,12,8,7,11,13,8
hold,134,111,96,119,100,95,92,100,50,12,13,12,13,12,11,12,14,10
files,53,319,43,35,101,58,41,19,19,17,22,12,16,16,16,11,9,8
mullin,1,1,101,5,7,44,16,6,10,1,1,12,3,4,9,9,3,7
security,165,151,220,147,151,154,158,89,59,14,14,17,15,14,15,14,12,9
charlie kirk,23,15,21,18,14,11,81,20,34,10,5,8,6,7,8,17,5,12
kirk,58,34,28,45,22,15,96,28,39,13,9,9,8,8,8,19,6,15
rubio,111,128,94,33,276,177,67,19,20,16,13,15,7,15,15,14,8,6
charlie,26,18,22,20,17,15,86,21,38,10,5,8,8,7,9,17,5,13
attorney general,12,19,4,36,9,8,32,46,2,6,9,3,12,6,5,10,12,2
killing,87,59,75,27,42,29,53,55,16,14,12,15,13,14,10,12,14,9
fauci,1,0,0,3,7,9,113,59,2,1,0,0,2,3,5,19,15,2
officials,145,90,87,79,91,59,55,43,25,12,13,12,11,13,13,14,12,8
epstein files,35,282,25,19,23,17,13,5,6,15,22,11,7,9,8,6,4,1
bondi,18,150,29,78,28,3,0,0,0,9,17,12,15,10,3,0,0,0
committee,36,45,41,36,26,31,31,28,7,12,11,10,9,9,11,9,10,5
testify,17,69,28,24,20,9,30,7,1,9,12,11,10,9,7,9,5,1
doj,70,69,21,70,86,51,32,29,6,12,11,8,12,11,11,10,9,4
clinton,18,151,53,1,1,4,1,2,10,7,15,14,1,1,2,1,2,7
noem,108,37,137,6,0,0,0,0,0,14,11,12,4,0,0,0,0,0
contempt,23,7,0,6,1,0,1,30,3,9,4,0,2,1,0,1,13,3
budget,37,195,57,78,50,41,23,16,4,9,9,8,12,12,9,10,7,3
nomination,14,2,19,6,10,24,34,28,0,7,2,7,3,5,7,9,9,0
accused,29,27,40,42,44,44,59,42,19,8,11,10,13,13,11,11,12,9
releases,26,43,61,38,55,38,39,20,14,9,11,12,9,11,11,11,10,7
pam,6,75,20,59,17,2,0,0,0,4,15,10,13,9,2,0,0,0
pam bondi,6,75,20,59,17,2,0,0,0,4,15,10,13,9,2,0,0,0
congress,95,220,139,239,110,131,135,122,43,14,16,11,15,11,16,14,13,9
ag,21,25,2,19,14,16,29,27,3,10,9,1,6,6,7,10,11,3
alleged,56,47,34,45,61,77,79,69,23,11,13,12,11,10,12,12,12,10
billion,49,79,73,67,96,117,107,115,41,8,8,13,14,12,14,14,16,9
health,84,41,21,36,90,46,62,51,22,15,13,12,12,14,14,12,10,10
operation,123,50,110,58,91,50,23,64,28,14,13,13,14,11,6,9,10,7
bessent,45,29,4,30,39,27,5,71,24,13,9,3,9,11,9,4,12,7
acting,23,9,4,23,17,32,8,5,4,10,6,4,10,8,11,4,5,4
plot,25,23,23,18,26,43,34,28,6,8,7,11,7,9,11,9,8,3
treasury,20,16,5,14,19,13,4,36,10,7,9,3,8,8,6,3,7,4
robinson,6,7,3,16,6,7,46,15,8,5,2,3,8,4,4,12,6,6
tyler robinson,5,6,3,14,3,5,45,9,8,4,2,3,6,2,4,12,2,6
confirmation,0,9,27,15,0,12,61,12,0,0,7,10,7,0,7,10,8,0
tyler,8,9,5,16,4,7,54,12,8,7,5,4,6,3,6,14,5,6
caine,3,1,34,25,19,1,8,0,2,3,1,8,8,10,1,5,0,1
marco rubio,39,52,29,15,142,76,33,8,9,11,10,11,5,13,12,9,5,3
marco,39,52,29,15,142,77,33,8,9,11,10,11,5,13,12,9,5,3
clintons,22,32,6,0,0,0,0,0,1,9,9,6,0,0,0,0,0,1
confirmation hearing,0,6,21,12,0,5,43,0,0,0,5,10,7,0,4,10,0,0
deposition,4,60,24,1,2,1,0,0,0,3,10,11,1,2,1,0,0,0
assassination,16,22,17,52,22,7,28,23,4,7,9,8,19,6,4,9,10,4
oversight,12,33,14,3,3,11,1,1,6,7,8,6,2,3,7,1,1,4
ufo,5,31,17,24,81,46,32,21,6,2,8,1,8,13,8,6,3,2
epic fury,0,7,60,6,14,0,1,0,1,0,6,10,4,5,0,1,0,1
drug,56,52,18,30,28,22,10,29,12,14,15,9,12,11,12,8,11,9
beach,21,16,18,37,10,34,9,30,2,8,5,8,9,8,10,7,11,2
footage,25,32,42,29,25,35,36,28,18,10,11,10,10,8,10,10,7,8
homeland security,17,16,41,3,0,6,6,1,4,8,8,11,3,0,3,4,1,3
homeland,19,16,50,5,1,8,6,1,4,8,8,12,5,1,4,4,1,3
say,112,96,89,70,90,86,70,76,29,13,16,16,18,13,15,15,15,13
fury,12,13,73,18,40,20,13,22,8,4,7,10,5,5,2,2,6,4
operation epic,0,5,42,4,11,0,2,0,1,0,4,9,3,4,0,1,0,1
killer,9,2,8,24,19,25,25,11,5,5,2,4,8,10,10,9,7,5
heated,17,28,22,21,18,17,23,15,4,11,8,8,7,10,8,7,8,4
lawmakers,61,77,43,42,32,50,23,6,9,11,13,9,10,11,11,10,5,7
release,45,97,43,33,46,28,34,23,8,11,15,12,11,11,12,12,9,6
kristi,53,22,85,4,0,0,0,0,0,14,9,12,3,0,0,0,0,0
kristi noem,53,21,85,4,0,0,0,0,0,14,9,12,3,0,0,0,0,0
munich,0,65,0,3,0,2,1,1,3,0,13,0,3,0,2,1,1,1
fifth,15,21,15,8,8,8,41,11,3,7,8,8,3,1,5,16,8,2
dr,33,24,19,33,44,64,77,35,9,9,8,5,9,12,13,15,9,8
dan,8,9,16,10,20,13,4,13,10,4,6,7,6,10,8,3,6,4
markwayne mullin,0,1,73,2,4,26,7,1,6,0,1,11,1,3,9,6,1,5
markwayne,0,1,73,2,4,27,7,1,6,0,1,11,1,3,9,6,1,5
scott bessent,21,7,1,11,17,12,2,12,7,9,4,1,7,7,7,2,8,4
probe,62,67,35,36,46,42,25,39,10,12,12,11,11,9,9,9,8,5
covid,1,7,4,11,24,13,49,29,0,1,4,3,5,10,7,15,11,0
fund,9,6,30,16,77,72,17,30,7,6,5,10,11,14,13,9,13,5
ufo files,0,6,1,3,49,10,16,6,1,0,4,1,3,12,5,5,3,1
scott,41,16,18,18,28,43,21,25,10,15,8,9,10,13,14,8,12,7
gen,26,37,68,32,49,36,44,42,10,9,10,12,10,11,8,10,6,5
lutnick,9,22,1,12,10,0,1,2,8,5,10,1,8,8,0,1,2,6
hillary clinton,7,92,20,1,1,3,1,1,2,4,13,12,1,1,2,1,1,2
hillary,9,94,22,1,1,3,1,1,3,4,14,13,1,1,2,1,1,3
exchange,17,24,17,14,44,42,15,13,7,7,10,6,5,13,12,7,7,4
nominee,9,9,14,15,2,6,15,5,3,5,7,7,10,1,6,8,4,2
amendment,9,10,6,7,1,4,29,10,1,6,6,5,5,1,3,14,4,1
cost,11,17,27,33,27,26,46,26,9,7,9,13,14,10,13,13,11,4
jr,36,17,22,58,22,11,28,24,8,12,11,8,12,11,6,11,13,4
palm,11,13,23,11,3,2,2,3,0,4,3,7,6,3,2,2,3,0
rand,6,3,19,2,1,2,27,7,0,5,3,8,2,1,1,10,4,0
rand paul,6,3,19,2,1,2,27,7,0,5,3,8,2,1,1,10,4,0
howard,1,10,2,8,9,1,3,0,5,1,7,2,7,5,1,3,0,4
paul,16,9,46,13,16,18,45,19,1,9,8,11,8,4,7,12,10,1
request,6,2,16,21,16,10,17,9,4,5,2,10,9,8,6,9,7,4
care,50,18,11,42,21,15,13,18,8,11,11,7,14,10,11,8,8,5
lord,4,26,2,9,5,5,10,0,9,3,7,2,6,3,2,2,0,3
preliminary,0,0,1,2,1,10,28,0,1,0,0,1,1,1,4,7,0,1
party,48,61,45,46,72,135,114,58,30,13,12,10,11,16,17,18,13,13
gates,3,24,3,3,2,35,10,5,2,2,8,3,2,2,11,7,5,2
buy,15,18,14,11,21,22,13,16,9,8,7,7,10,8,8,7,6,6
anthony,1,1,3,11,2,39,40,18,1,1,1,2,6,2,10,12,9,1
fiery,14,21,11,18,14,17,24,15,4,6,5,5,7,6,8,7,5,3
jeffrey,9,59,27,40,24,10,6,6,9,6,17,9,13,10,6,6,3,3
survivor,5,22,8,15,10,13,18,14,25,4,7,6,9,5,5,9,7,9
worth,10,6,13,13,24,17,23,12,9,5,4,10,7,10,8,10,8,7
epic,2,15,63,8,22,8,10,5,4,2,7,11,5,7,3,5,5,4
links,4,32,11,12,5,6,12,7,5,4,7,7,7,4,3,5,4,4
file,4,18,4,5,12,3,4,3,3,3,8,3,4,4,2,4,2,3
documents,8,29,7,5,3,15,5,7,4,5,11,7,3,2,9,3,6,3
erika,30,19,7,28,9,8,10,6,7,4,7,4,8,4,2,6,2,5
candace owens,30,14,8,18,10,2,3,20,1,4,3,3,4,5,2,2,5,1
owens,33,15,8,19,10,3,3,20,1,5,4,3,5,5,3,2,5,1
khanna,3,16,6,15,11,8,21,8,1,2,8,4,7,7,6,13,4,1
fallout,26,38,21,24,19,14,9,13,6,7,10,8,9,7,8,7,8,5
names,12,33,20,13,9,12,6,8,7,7,14,9,8,6,7,4,3,6
justice,47,27,22,44,40,22,29,26,17,13,11,9,12,10,8,10,9,5
maxwell,4,40,1,6,2,1,3,2,0,3,13,1,5,2,1,3,2,0
killed,173,163,274,96,111,121,205,133,62,12,13,15,14,16,11,16,13,10
venezuela,949,51,40,13,20,246,74,23,23,25,14,13,7,13,13,13,10,11
rescue,20,19,19,89,52,75,68,118,51,9,9,8,15,11,12,11,11,10
search,23,179,50,46,45,67,47,83,26,7,11,8,12,10,11,11,12,10
deadly,166,71,91,60,112,124,158,174,64,15,15,13,11,13,15,12,13,11
dead,100,95,103,83,138,134,133,138,42,15,14,15,17,15,15,15,16,12
earthquake,11,1,1,21,10,152,82,149,2,8,1,1,9,5,13,13,13,1
death,131,86,167,59,77,96,147,149,53,19,14,16,15,13,17,17,16,12
crash,88,48,125,37,36,93,23,49,45,13,14,15,12,11,14,9,12,12
missing,25,87,64,105,90,56,77,124,35,11,12,12,14,13,13,12,14,9
plane,62,14,74,15,54,63,30,47,66,9,5,13,6,12,12,10,12,13
air,63,82,188,69,103,123,156,89,79,10,12,14,13,12,12,13,13,14
school,49,66,81,43,39,33,62,71,29,13,13,16,10,12,11,13,16,11
nepal,15,14,59,14,15,35,20,311,138,3,5,6,2,2,2,4,13,11
arrest,100,97,53,27,25,20,56,30,10,14,14,12,8,9,8,16,8,5
airport,25,23,184,15,46,62,53,50,32,5,11,15,7,10,11,11,10,10
survivors,9,45,10,14,13,44,40,61,23,3,14,6,7,8,11,11,11,8
kills,53,43,37,42,37,52,57,66,10,10,11,9,10,8,12,9,11,6
toll,40,7,26,17,10,45,35,59,25,10,5,8,6,8,12,12,12,10
cargo,0,4,14,22,13,17,23,20,40,0,4,7,11,7,8,11,5,10
injured,34,27,54,29,39,52,56,46,27,10,9,10,9,10,10,9,7,10
flood,4,12,11,6,8,35,47,192,59,3,7,5,2,4,8,8,13,11
death toll,39,5,14,1,2,39,17,52,16,10,4,5,1,2,12,9,12,7
laguardia,0,1,107,0,2,0,0,0,0,0,1,15,0,1,0,0,0,0
jet,12,21,49,105,59,36,34,17,17,7,9,10,15,10,10,11,4,8
amazon,11,14,13,16,8,13,27,11,41,4,7,6,4,6,7,7,8,12
people,100,97,90,77,103,112,130,113,49,15,20,18,18,17,14,18,15,14
collision,18,0,58,3,14,8,1,7,1,10,0,12,3,6,6,1,7,1
train,69,12,8,19,33,21,31,16,12,11,6,5,9,11,9,6,6,7
rises,22,14,42,15,14,30,22,43,19,10,6,11,8,8,10,8,10,8
dui,0,0,29,11,8,1,0,2,9,0,0,9,5,4,1,0,2,7
smoke,6,10,62,6,6,20,52,8,2,4,7,8,4,3,7,12,6,2
rescuers,4,3,4,3,20,16,18,32,11,3,3,2,2,6,6,7,9,4
force,101,42,100,30,57,59,92,65,30,16,11,14,8,12,11,14,14,11
miami,20,1,22,11,9,13,18,8,38,10,1,13,5,8,4,11,5,11
colombia,34,14,10,6,9,29,9,128,8,9,8,6,4,5,7,4,13,5
dozens,33,11,13,11,14,19,21,20,12,10,6,7,5,7,9,8,9,6
flash,6,1,5,2,4,15,29,112,23,4,1,3,2,3,7,7,12,10
magnitude,6,0,0,15,5,36,20,42,1,6,0,0,6,3,8,5,10,1
crashes,18,23,30,4,18,57,12,20,9,11,10,13,2,10,11,7,9,7
tiger woods,0,0,40,23,2,0,0,0,13,0,0,9,7,2,0,0,0,9
woods,1,0,42,24,2,1,0,2,13,1,0,11,7,2,1,0,2,9
tiger,1,1,41,24,5,15,3,6,15,1,1,10,8,5,3,3,5,10
autopsy,2,1,0,4,19,0,20,5,0,1,1,0,3,9,0,7,3,0
air force,28,20,49,9,34,48,63,30,17,8,5,12,4,9,11,11,10,9
victims,39,40,8,29,22,31,36,41,61,10,14,7,9,8,9,12,9,13
enters,16,29,57,24,21,21,10,22,10,9,10,14,8,7,6,5,11,7
leaves,32,18,36,40,63,60,39,39,14,12,11,12,12,13,12,9,12,9
plane crash,47,11,23,1,6,27,3,8,37,6,5,9,1,4,10,3,5,10
quake,4,0,0,5,2,31,34,40,1,3,0,0,4,2,7,7,8,1
soldiers,28,21,56,9,31,11,35,26,2,8,6,13,7,8,5,13,9,2
use,56,49,47,40,29,25,35,39,12,14,15,16,15,10,11,11,13,8
flooding,7,7,10,4,5,13,38,49,13,4,3,4,4,5,5,9,11,5
student,22,38,45,25,26,18,55,105,11,8,11,6,13,10,11,10,8,6
music,8,8,9,12,13,19,9,36,2,8,8,4,9,9,8,7,12,2
prince andrew,0,87,0,0,2,4,0,1,4,0,14,0,0,2,1,0,1,1
thailand,25,27,9,2,14,17,20,34,16,7,5,2,1,6,5,5,9,6
released,27,49,32,17,36,16,26,21,3,11,14,12,7,11,10,10,9,2
philippines,15,7,14,16,29,58,43,12,21,3,5,6,6,9,10,7,2,7
swiss,63,8,3,0,4,13,1,5,2,11,5,2,0,4,4,1,3,1
floods,15,6,9,8,5,21,57,209,69,5,4,4,4,3,8,10,13,10
trapped,6,15,10,11,32,22,31,23,25,2,5,5,7,13,7,12,8,9
streets,30,11,15,12,24,36,22,17,5,7,5,6,4,6,6,6,5,3
nolan wells,0,0,0,0,0,0,80,7,0,0,0,0,0,0,0,9,3,0
wells,0,0,1,5,1,1,88,8,0,0,0,1,1,1,1,10,4,0
nolan,0,1,0,0,6,1,95,8,0,0,1,0,0,2,1,14,4,0
twin,3,8,6,3,11,29,17,8,9,3,4,3,3,3,7,7,5,5
earthquakes,0,0,0,0,1,107,35,3,1,0,0,0,0,1,13,11,2,1
explosion,12,16,40,9,60,15,22,16,8,6,7,8,5,12,7,9,7,5
travel,34,37,64,32,31,24,19,15,20,9,14,13,10,10,10,9,8,10
efforts,14,18,19,15,27,25,17,32,22,9,8,11,6,10,10,9,10,8
rubble,2,1,11,5,7,28,19,15,3,2,1,3,4,6,10,9,7,2
rodriguez,27,8,3,1,1,21,0,1,0,10,4,3,1,1,4,0,1,0
car,25,27,32,23,36,21,23,15,13,8,11,9,11,14,10,10,6,7
underway,32,27,23,30,37,34,37,52,12,8,9,9,11,12,9,7,9,5
fallen,3,5,9,2,17,3,11,2,2,3,4,5,2,7,2,8,1,2
dolly,0,0,0,0,0,1,0,111,4,0,0,0,0,0,1,0,14,4
dolly parton,0,0,0,0,0,1,0,110,4,0,0,0,0,0,1,0,13,4
parton,0,0,0,0,0,1,0,110,4,0,0,0,0,0,1,0,13,4
teen,10,22,11,17,42,28,35,29,8,8,10,7,6,10,11,11,10,4
bar,55,4,25,4,3,4,19,5,2,12,3,11,4,3,4,8,3,2
week,60,62,81,74,44,43,50,58,16,11,11,14,14,11,11,12,11,9
investigators,10,37,6,1,11,8,3,5,2,4,7,3,1,6,4,3,3,2
students,35,31,21,26,30,35,75,138,47,9,9,8,10,12,9,11,8,12
helicopter,7,9,4,5,1,47,9,27,0,7,5,3,5,1,12,6,10,0
chaos,51,44,76,41,35,34,25,28,14,12,11,14,12,9,4,5,9,7
downed,0,3,9,54,8,14,5,1,5,0,2,3,12,3,8,2,1,3
feared,9,4,1,3,5,12,6,6,8,7,3,1,3,3,5,4,6,5
teams,8,8,11,10,5,27,17,21,6,6,5,8,7,4,12,8,8,3
girls,3,10,23,5,7,10,7,9,0,3,7,11,4,5,9,5,5,0
service members,3,0,26,1,4,3,22,1,1,2,0,8,1,4,2,10,1,1
families,23,29,24,25,18,24,31,35,23,9,11,7,11,7,11,10,13,11
cave,0,1,2,3,38,7,0,2,0,0,1,1,3,8,4,0,1,0
college,25,8,28,12,25,13,13,21,19,7,7,10,7,11,10,7,10,8
seen,14,24,57,21,13,22,19,16,10,10,9,11,12,7,11,10,8,6
powerful,31,24,10,11,22,26,35,18,11,11,10,7,8,8,10,13,7,5
caracas,75,7,4,3,4,26,6,0,1,9,3,4,2,4,6,3,0,1
buildings,7,1,11,7,4,22,5,19,3,6,1,5,4,2,8,4,8,3
scientists,14,6,5,39,7,11,9,17,5,8,2,5,10,4,5,6,11,5
indonesia,11,16,4,23,12,13,48,57,13,5,6,4,6,4,6,4,10,5
flight,13,16,37,20,34,35,27,38,22,6,8,11,9,14,9,9,11,8
young,17,14,18,16,19,22,17,28,5,7,10,9,8,11,8,12,12,3
body,25,17,22,13,19,15,25,13,11,10,11,10,6,9,6,12,8,4
hundreds,26,19,19,21,15,35,28,60,10,8,11,8,5,7,10,10,13,7
shah,43,39,70,95,53,31,51,96,21,3,2,6,3,3,2,4,2,1
run,57,21,19,25,30,32,34,32,12,16,13,11,13,13,13,13,11,9
tunnel,2,10,1,2,1,11,8,14,36,1,7,1,2,1,4,2,3,8
jets,8,20,28,22,61,19,47,20,14,4,5,10,8,8,4,10,6,5
nepal floods,0,0,0,0,0,0,0,77,29,0,0,0,0,0,0,0,10,9
flash floods,2,1,2,2,0,8,12,60,9,2,1,2,2,0,5,5,11,5
devastating,7,4,6,4,5,12,10,42,10,6,4,4,3,2,4,7,11,6
raid,60,43,14,17,8,9,4,8,6,13,12,8,8,4,5,2,6,6
maduro capture,120,2,4,1,2,0,0,0,0,15,2,3,1,2,0,0,0,0
capture,199,11,11,11,9,7,8,5,4,17,9,5,7,4,5,5,5,3
strikes,165,206,781,273,230,394,466,209,155,13,15,18,15,15,15,17,17,14
israel,80,259,1007,488,219,417,177,148,38,18,20,23,21,23,23,25,19,12
attack,179,173,392,201,227,242,334,237,118,18,18,17,18,17,18,15,14,17
iranian,73,69,459,237,107,96,128,49,51,14,12,16,16,14,13,15,11,12
strike,147,123,342,145,164,121,179,140,94,16,14,14,8,12,12,12,12,13
ukraine,285,322,152,169,249,316,477,417,226,15,16,14,14,14,14,18,14,17
israeli,31,90,255,131,85,104,56,60,39,11,16,17,15,14,15,16,14,13
drone,58,57,193,79,191,164,167,146,82,9,13,16,8,14,15,13,12,14
missile,46,50,269,82,125,108,139,127,49,8,10,15,8,9,8,13,12,9
russia,341,347,238,233,413,390,462,512,334,16,17,15,14,15,18,19,15,15
missiles,24,55,208,64,82,97,107,105,44,5,12,12,6,9,12,10,13,5
attacks,57,66,272,136,118,164,164,88,126,12,15,15,17,13,14,14,15,16
kyiv,83,55,15,21,82,82,157,156,93,8,5,3,4,7,7,10,9,11
gaza,95,64,27,31,68,36,51,72,13,17,14,8,9,10,12,15,14,7
russian,156,147,81,98,147,143,189,168,134,14,14,12,11,13,11,14,12,10
gulf,5,12,177,93,79,87,91,52,35,4,4,15,11,10,11,13,8,10
hit,100,60,241,149,129,124,146,137,93,13,14,15,13,16,14,14,13,13
hits,83,81,160,104,107,110,130,156,75,14,16,12,14,13,11,12,17,11
netanyahu,15,100,142,116,69,142,125,55,15,5,16,17,16,11,15,22,13,7
uae,37,21,93,117,194,42,25,47,29,7,7,10,13,12,5,5,9,4
lebanon,16,7,171,316,63,181,29,12,9,6,4,13,18,14,16,12,7,3
kuwait,0,2,87,29,17,85,62,8,10,0,2,11,5,5,11,8,1,5
drones,34,43,127,47,99,114,78,97,45,5,12,16,9,13,13,14,9,7
massive,107,93,97,91,139,170,210,121,24,15,12,13,13,15,15,16,15,6
hezbollah,7,4,89,68,34,61,7,6,0,6,4,14,12,6,14,5,3,0
bank,30,31,22,28,22,42,39,47,39,10,9,7,11,8,11,13,10,12
heat,19,7,14,18,28,85,80,47,5,8,3,8,8,9,12,14,11,3
continue,46,30,68,44,31,33,52,51,27,13,11,12,13,11,11,14,12,10
zelenskyy,32,24,22,19,14,23,67,23,15,7,8,6,5,5,6,11,6,6
targets,59,46,167,75,71,69,108,80,34,12,10,16,11,11,12,11,10,10
settlers,1,0,0,3,2,0,13,21,4,1,0,0,3,2,0,10,8,3
ukrainian,49,51,27,26,47,51,70,89,42,6,8,7,5,7,8,9,8,9
bases,9,30,69,14,24,42,76,26,20,4,6,11,4,7,4,10,7,5
west bank,4,12,13,6,3,11,22,33,21,2,6,5,6,2,3,12,8,7
terror,36,29,40,33,42,25,53,39,24,9,7,10,5,6,7,10,10,9
west,73,73,450,379,278,157,122,97,71,9,10,12,13,10,11,14,13,9
settler,1,3,1,2,1,2,7,12,4,1,2,1,2,1,2,4,5,3
sites,10,10,55,19,10,30,19,14,13,5,5,12,6,7,9,9,5,6
beirut,2,3,130,54,6,15,2,0,0,1,3,12,12,5,6,1,0,0
wave,5,8,37,7,20,38,54,26,7,4,5,11,5,11,10,13,13,7
jordan,6,6,17,2,4,26,85,14,24,4,4,8,2,3,9,15,7,9
dome,8,4,19,10,17,7,10,7,0,7,3,6,4,4,4,6,4,0
ballistic,8,18,26,15,30,25,33,56,19,5,7,7,6,4,7,6,6,4
flotilla,0,2,2,3,45,2,0,1,0,0,2,1,3,6,2,0,1,0
overnight,16,9,15,7,13,9,16,15,6,7,6,7,4,6,3,5,5,5
opec,0,0,2,48,9,7,3,3,1,0,0,2,13,5,2,3,2,1
aviv,2,22,108,25,6,12,7,3,0,1,7,11,6,3,4,4,2,0
tel,2,22,108,25,6,12,7,3,0,1,7,11,6,3,4,4,2,0
tel aviv,2,22,108,25,6,12,7,3,0,1,7,11,6,3,4,4,2,0
moscow,48,61,22,33,65,72,49,100,51,3,5,2,3,6,9,5,10,6
fires,33,19,81,50,40,56,66,51,24,10,9,11,11,11,10,14,12,7
bahrain,0,6,39,12,2,45,37,3,6,0,4,8,2,2,7,8,1,3
palestinians,10,9,21,12,9,7,9,14,5,4,5,6,7,5,5,4,7,3
dubai,6,13,120,20,18,14,8,15,3,5,6,12,4,2,2,2,3,2
hard,24,11,29,25,11,28,30,21,14,11,6,10,11,8,13,11,8,6
board of peace,101,43,0,0,3,1,4,1,0,12,11,0,0,2,1,4,1,0
ballistic missile,3,3,14,4,17,5,15,17,6,3,3,4,3,3,2,5,5,3
patriot,0,3,10,3,4,13,47,33,8,0,1,3,1,2,3,7,6,1
board,122,56,20,24,17,21,8,21,4,14,11,10,12,7,9,6,9,4
iron,2,7,19,10,17,2,1,4,2,1,5,5,4,3,2,1,4,2
explosions,24,15,51,11,7,13,21,5,6,7,6,8,4,4,5,8,4,4
benjamin,0,10,11,7,7,1,7,5,0,0,3,5,4,5,1,6,4,0
hamas,10,3,1,4,11,2,19,17,2,5,2,1,4,5,2,11,10,2
vladimir putin,12,6,9,6,27,9,4,8,20,3,3,4,3,6,4,3,3,5
vladimir,13,8,9,6,27,9,4,8,20,3,3,4,3,6,4,3,3,5
palestinian,16,11,9,14,7,11,11,22,2,6,5,6,8,3,5,7,7,2
unleashes,12,8,23,18,24,19,27,34,18,2,2,6,4,4,5,5,4,4
ports,1,2,3,46,9,3,13,9,1,1,2,3,11,4,2,6,2,1
central,26,23,45,16,22,20,20,19,4,10,10,10,7,11,10,8,8,4
escalate,12,10,30,10,22,9,27,23,21,9,5,11,6,7,6,9,7,9
golden,35,12,10,3,11,16,13,7,4,13,8,8,3,7,6,6,4,4
kill,29,28,51,38,30,36,59,37,18,12,14,13,13,12,11,14,13,9
shadow,13,16,13,15,11,12,8,13,2,5,7,5,6,3,5,4,6,2
poland,24,31,3,4,30,20,39,21,13,4,6,2,3,11,3,6,5,5
barrage,2,5,39,7,8,9,14,19,4,1,2,4,3,2,2,4,5,1
hypersonic,10,9,14,8,14,7,12,5,4,5,4,1,2,6,2,2,2,2
fleet,15,15,14,19,9,21,15,19,0,8,6,3,2,3,6,4,6,0
rock,18,14,32,14,8,14,15,16,3,7,8,10,7,5,7,8,8,2
hunger,2,5,1,0,7,3,17,13,1,1,3,1,0,6,2,5,3,1
ambassador,32,36,52,24,20,36,21,19,13,10,12,12,9,6,9,10,9,6
activists,16,8,4,7,25,10,8,10,4,6,4,3,5,7,6,8,5,4
extreme,20,4,4,2,17,22,34,19,6,10,4,4,2,7,9,12,9,2
truce,3,1,8,87,32,16,9,4,1,2,1,3,9,8,7,4,2,1
states,35,23,64,23,38,45,56,57,9,11,11,13,9,13,14,14,12,4
exit,10,9,28,63,16,32,27,14,5,4,5,10,11,6,8,9,5,2
regime,67,43,109,30,14,11,9,10,2,13,11,17,6,8,5,8,8,2
centcom,2,0,27,9,17,9,27,6,8,1,0,9,5,7,5,8,5,4
retaliates,1,9,17,1,2,8,11,4,6,1,5,7,1,2,6,5,3,5
pause,6,4,18,12,24,12,20,11,5,5,3,8,6,8,5,8,7,3
bombs,9,10,55,27,14,41,24,28,17,4,4,11,7,5,12,8,3,3
sinks,2,4,21,0,6,3,12,12,2,2,2,7,0,5,1,7,5,2
low,14,10,18,13,20,13,20,18,4,5,7,8,8,12,7,10,10,4
warfare,7,7,21,18,22,7,11,19,4,3,2,11,6,8,4,5,7,2
southern lebanon,4,1,14,9,5,12,0,1,2,2,1,4,6,4,6,0,1,2
crowds,8,4,6,9,11,14,16,14,5,6,3,5,5,3,8,8,5,4
idf,3,4,45,21,11,2,7,7,1,3,2,8,8,4,1,6,3,1
michigan synagogue,0,0,73,0,0,0,0,0,0,0,0,13,0,0,0,0,0,0
warship,5,3,48,14,16,18,6,7,5,4,2,10,4,5,5,4,3,3
surprise,12,10,11,22,10,10,24,15,8,7,7,8,9,8,6,9,8,7
zelensky,82,80,37,32,45,75,122,84,48,5,7,3,3,5,4,5,4,4
target,22,23,58,32,25,17,60,46,10,8,9,14,10,9,4,12,9,5
cluster,0,0,44,9,0,3,5,6,2,0,0,6,4,0,3,2,4,1
sirens,0,15,25,1,0,7,7,4,3,0,7,8,1,0,4,2,4,3
jerusalem,7,23,53,18,16,21,3,4,1,5,6,10,6,7,6,3,3,1
region,15,20,30,9,25,16,25,27,7,6,9,10,5,7,5,10,8,4
following,50,34,34,29,26,36,35,20,7,13,13,10,12,6,11,11,9,5
capital,22,21,15,16,25,19,26,28,8,8,7,5,8,8,7,10,9,6
targeted,13,16,48,25,17,14,18,28,15,7,6,11,4,4,8,5,7,5
explosive,11,27,37,33,27,52,44,29,13,5,6,9,7,5,7,5,6,3
ice,867,248,126,64,68,64,158,77,16,25,16,13,12,11,13,13,17,7
minneapolis,699,68,6,5,3,1,0,1,22,20,12,5,4,2,1,0,1,8
minnesota,452,94,28,17,14,8,17,27,1,20,12,8,6,7,5,7,7,1
man,138,80,60,59,66,44,106,81,33,13,14,14,13,15,15,15,17,13
border,154,92,36,29,67,74,49,109,38,16,13,10,10,9,11,11,12,9
protest,220,107,108,72,87,116,359,305,54,13,12,11,9,11,9,10,10,7
shot,105,49,27,67,59,32,51,27,16,16,14,10,12,10,12,13,11,6
protests,406,55,73,37,55,119,125,42,19,19,13,13,4,11,14,13,7,7
agents,175,60,67,8,15,10,19,13,10,16,13,13,6,10,8,10,11,8
agent,113,41,23,23,18,10,31,22,4,14,5,8,10,10,4,13,12,4
funding,67,104,101,33,36,29,40,15,7,13,12,13,11,11,12,13,6,5
protesters,190,41,55,37,51,51,86,91,21,14,9,8,6,9,8,9,7,6
arrested,69,79,44,47,32,30,35,48,12,13,16,12,11,11,10,15,14,7
outside,50,46,40,39,60,46,60,55,18,10,11,9,11,10,10,13,11,8
tsa,0,9,197,8,1,1,1,1,2,0,3,14,6,1,1,1,1,2
shutdown,67,117,165,18,22,3,10,10,4,14,13,13,9,9,2,4,5,3
thousands,76,33,72,34,48,68,98,84,18,10,12,12,10,10,11,12,12,7
partial,15,65,39,1,3,7,0,10,0,8,12,9,1,3,4,0,7,0
end,88,89,186,155,128,142,63,67,55,18,14,19,19,17,19,14,16,17
fatally,42,4,7,7,5,5,19,3,3,11,3,5,5,3,4,8,1,3
woman,126,29,29,50,30,39,39,51,24,14,11,9,11,11,9,12,15,11
officer,113,16,22,22,22,24,30,12,12,14,7,6,11,8,7,12,6,8
border czar,29,25,5,0,5,4,2,0,1,10,11,4,0,3,2,1,0,1
czar,29,26,5,1,6,4,2,0,1,10,11,4,1,3,2,1,0,1
tom,29,36,12,3,21,29,22,4,8,10,10,7,1,11,9,9,4,5
immigration,121,108,27,25,24,51,20,31,11,14,14,10,10,11,12,12,11,7
shoots,41,16,5,6,18,16,13,6,2,11,8,4,4,8,8,8,5,2
tom homan,27,28,7,1,4,9,2,0,3,10,10,5,1,3,5,2,0,1
alex,151,21,25,9,30,11,5,14,9,17,9,8,7,9,6,4,9,6
homan,42,45,9,2,5,10,3,1,3,11,12,5,1,3,5,2,1,1
governor,78,22,21,63,50,52,36,45,14,12,7,12,14,11,12,12,8,8
rally,84,59,82,179,70,86,77,92,22,11,11,12,11,11,10,11,9,6
church,54,15,5,11,8,9,1,4,3,12,8,5,8,7,6,1,3,3
fatal,126,8,22,7,2,11,26,8,5,14,6,9,6,2,8,10,4,5
gather,47,21,22,17,17,59,61,24,26,10,8,6,6,6,9,11,8,7
vote,43,41,60,70,32,34,27,50,27,11,11,11,13,10,11,12,11,11
life,46,43,42,42,69,54,62,40,15,16,12,15,15,16,18,14,13,7
walz,119,4,13,1,0,1,2,1,0,12,1,6,1,0,1,2,1,0
years,82,95,59,82,76,110,88,76,113,14,17,16,17,15,18,18,15,16
sentenced,8,20,2,9,17,23,18,6,1,4,8,2,6,8,9,8,4,1
march,64,20,65,33,22,26,57,62,19,9,8,13,10,7,7,7,8,3
alex pretti,143,11,13,0,0,0,0,2,0,15,5,5,0,0,0,0,1,0
bovino,42,0,5,1,0,0,0,0,1,11,0,3,1,0,0,0,0,1
pretti,160,14,13,0,0,0,0,2,0,15,7,5,0,0,0,0,1,0
prison,18,29,9,11,16,20,23,17,3,10,11,8,10,10,9,10,8,3
officers,48,29,34,13,23,9,8,14,11,11,9,9,6,8,6,5,8,9
crackdown,97,31,22,17,23,37,37,34,13,15,11,10,7,7,8,8,9,5
government,101,139,85,49,65,76,74,58,16,14,18,15,11,15,14,16,16,8
year-old,45,45,11,25,24,33,35,29,23,10,11,6,10,10,12,12,11,11
airports,5,3,86,3,5,4,3,5,3,3,3,12,3,4,3,3,4,3
operations,66,32,51,12,31,14,17,17,9,11,12,12,8,10,4,8,7,4
don lemon,50,24,0,2,1,1,2,0,0,10,10,0,2,1,1,2,0,0
don,51,24,3,4,3,4,2,0,0,11,10,2,3,3,3,2,0,0
lemon,50,25,1,2,1,1,2,0,0,10,10,1,2,1,1,2,0,0
good,109,54,37,48,32,32,38,34,6,15,13,10,14,12,13,15,12,4
fraud,67,23,31,51,41,29,22,13,4,14,10,6,10,12,11,9,8,3
government shutdown,27,50,32,2,1,0,2,2,0,8,9,8,1,1,0,2,2,0
soon,20,19,50,49,25,34,17,31,13,8,9,15,13,7,11,11,9,6
border patrol,77,10,5,6,2,8,0,0,1,14,7,3,4,2,6,0,0,1
patrol,79,11,9,7,3,15,1,0,1,14,7,5,5,3,7,1,0,1
forces,72,47,72,52,69,46,58,55,26,11,8,15,14,12,12,14,9,9
armed,11,33,16,11,17,9,5,24,8,6,10,8,6,9,4,3,8,7
workers,29,27,36,38,62,40,26,42,29,11,7,10,8,10,10,8,10,10
support,51,54,69,46,69,48,54,65,21,13,14,13,13,15,14,12,13,9
violent,23,13,8,19,26,20,22,17,4,11,7,7,7,8,8,8,9,4
special,65,66,97,96,51,37,39,31,21,12,10,13,14,12,9,11,9,7
murdaugh,0,4,1,0,37,6,1,6,0,0,1,1,0,8,4,1,4,0
enforcement,54,18,15,6,10,13,1,10,1,11,10,7,6,6,7,1,7,1
anti-ice,39,12,1,0,3,2,5,0,0,13,7,1,0,2,2,3,0,0
farmers,30,31,20,20,15,26,9,22,14,6,6,11,10,9,10,5,10,6
kings,4,0,56,4,2,1,0,0,0,3,0,13,2,2,1,0,0,0
gov,60,28,21,31,8,12,16,14,3,10,9,9,11,5,7,7,8,2
federal agents,76,15,4,3,1,3,1,1,0,12,9,3,2,1,3,1,1,0
tim walz,54,4,6,1,0,0,2,1,0,12,1,4,1,0,0,2,1,0
renee,68,24,10,0,0,2,0,0,0,12,10,3,0,0,1,0,0,0
renee good,60,22,10,0,0,2,0,0,0,11,10,3,0,0,1,0,0,0
unrest,63,8,5,4,5,18,5,3,0,9,4,3,3,4,5,3,2,0
girl,6,10,4,20,11,9,12,5,1,3,7,3,7,6,6,8,3,1
consulate,4,5,28,17,9,5,5,4,1,3,3,9,7,4,2,4,2,1
boy,13,11,4,2,8,5,10,9,3,7,7,3,2,4,3,7,7,2
combat,9,32,20,17,21,13,18,5,4,4,11,10,7,6,6,6,1,3
medicaid,2,7,0,2,10,9,6,7,1,2,6,0,1,7,4,5,4,1
mar-a-lago,11,42,8,1,0,1,1,1,1,6,12,8,1,0,1,1,1,1
wall,27,34,30,41,48,40,49,47,21,10,11,6,8,12,11,10,14,6
flee,15,2,18,8,5,16,16,19,1,6,1,8,5,3,8,6,8,1
houston,0,1,7,8,0,7,24,9,0,0,1,6,7,0,2,8,5,0
arrests,11,15,15,13,26,19,15,11,10,6,11,7,7,7,8,8,8,7
supporters,24,11,22,8,9,9,22,15,8,9,7,8,3,2,6,6,9,6
facility,10,18,25,19,27,41,18,22,3,7,7,7,7,10,10,7,10,3
fighter,5,20,28,58,37,13,35,18,8,4,6,12,12,8,8,9,5,5
nearly,18,27,22,19,25,17,28,39,11,9,11,11,10,9,9,10,12,6
jersey,6,8,3,9,22,29,29,22,10,4,6,3,4,8,11,10,7,5
nationwide,36,16,15,7,8,8,15,11,4,10,5,8,6,5,4,8,6,4
turn,30,16,20,22,23,45,28,26,14,10,10,9,10,11,11,12,8,7
raids,44,8,1,7,11,9,6,5,1,10,7,1,6,6,3,4,3,1
shootings,21,18,5,9,2,3,21,1,0,8,10,4,6,1,2,8,1,0
urges,49,42,52,57,38,32,50,33,13,13,11,12,13,10,9,11,8,7
south africa,28,20,18,24,38,68,49,17,18,6,6,3,3,3,7,6,4,4
senate,93,69,193,90,168,142,283,200,36,12,13,13,12,14,15,16,14,12
primary,5,17,76,8,102,88,39,178,25,2,6,13,3,12,12,9,15,10
election,72,148,119,222,133,92,122,71,60,12,15,13,13,16,16,15,14,12
graham,11,10,15,5,13,60,369,73,0,6,7,6,4,8,11,24,13,0
south,107,69,71,107,127,182,126,150,60,14,15,13,10,14,14,14,17,10
texas,36,85,111,15,97,91,69,43,42,11,13,14,7,12,15,12,12,11
runoff,1,4,18,9,30,25,1,29,0,1,3,7,4,10,7,1,8,0
democratic,29,51,41,37,33,72,76,87,22,10,12,10,11,11,12,14,13,9
lindsey graham,9,9,11,0,5,1,242,12,0,5,6,6,0,4,1,22,8,0
lindsey,35,55,34,21,28,24,267,30,10,7,12,6,3,6,3,22,9,3
gop,46,62,60,37,89,53,45,71,81,13,11,13,8,12,11,11,12,13
race,21,45,39,55,73,100,99,100,26,9,13,17,15,17,17,17,13,12
john,16,24,49,56,36,44,28,24,26,7,11,14,18,12,16,12,13,12
cornyn,0,2,14,0,38,0,6,8,0,0,1,7,0,10,0,4,5,0
maine,19,3,1,8,10,36,112,7,1,6,2,1,5,6,8,14,6,1
rep,77,86,92,91,53,49,47,63,23,12,11,7,11,8,8,10,7,6
darline,0,0,0,0,0,0,29,53,0,0,0,0,0,0,0,9,12,0
south carolina,11,5,3,1,15,20,28,54,1,3,5,2,1,7,5,12,12,1
paxton,0,2,15,0,60,1,5,4,10,0,2,7,0,10,1,1,3,6
platner,0,0,4,5,6,80,133,1,0,0,0,2,4,3,12,16,1,0
carolina,23,18,24,7,19,25,31,67,6,7,11,9,6,8,6,12,12,4
wins,19,61,40,27,46,59,40,64,35,10,13,9,12,13,14,13,13,11
allegations,21,23,29,58,36,32,45,29,6,7,9,9,12,10,9,15,8,5
darline graham,0,0,0,0,0,0,25,53,0,0,0,0,0,0,0,9,12,0
sexual,8,5,10,40,6,5,27,9,0,5,4,6,9,5,5,9,5,0
michigan,22,5,97,6,8,4,67,119,6,11,5,13,4,5,4,15,17,5
georgia,14,53,31,38,28,24,34,9,0,4,11,9,10,9,8,11,5,0
republican,28,22,35,23,41,32,24,29,66,12,8,11,8,13,14,8,9,12
midterm,10,15,14,9,15,15,14,35,114,5,8,6,7,8,8,6,10,13
hungary,30,46,15,94,25,14,10,23,7,4,6,3,14,4,2,4,4,1
korean,13,4,8,38,11,13,15,12,3,5,3,4,7,7,4,7,6,2
senator,19,23,22,20,35,23,85,9,12,10,11,11,11,10,8,14,5,6
sen,56,41,78,37,40,35,117,38,11,11,11,9,8,10,10,14,10,6
ken paxton,0,1,6,0,34,1,3,2,5,0,1,3,0,9,1,1,2,4
la,24,12,19,16,25,68,20,23,4,11,7,12,9,9,17,6,8,4
abuse,22,12,14,15,26,12,10,22,1,7,8,7,8,8,10,7,8,1
ken,2,5,8,4,39,4,7,2,5,2,4,5,3,9,3,4,2,4
talarico,3,17,28,0,19,6,5,4,19,3,6,8,0,8,3,2,2,5
child,45,16,15,12,14,16,24,33,9,15,9,8,7,9,9,10,11,5
powers,28,5,52,11,28,43,8,2,2,11,5,13,8,9,11,5,2,2
resolution,17,6,29,20,14,12,8,9,2,7,6,11,8,8,6,6,4,2
elections,42,81,89,122,67,39,50,53,25,9,13,12,10,12,13,14,14,9
capitol,40,36,18,15,8,14,30,11,0,11,10,9,9,6,7,11,7,0
mayoral,1,0,7,3,10,21,0,0,0,1,0,2,3,6,7,0,0,0
el-sayed,1,0,1,2,1,2,25,114,18,1,0,1,1,1,1,6,17,6
lee,15,8,8,28,5,7,4,0,4,7,5,6,5,5,6,3,0,3
swalwell,1,1,3,106,0,1,0,17,0,1,1,1,14,0,1,0,6,0
arms,6,40,9,28,46,18,25,23,15,4,9,5,9,8,4,7,5,3
assault,12,8,32,38,22,17,33,16,7,6,4,11,11,7,7,14,6,2
campaign,20,24,29,64,29,34,63,47,13,9,10,12,9,12,12,17,13,9
polls,44,46,48,87,39,14,7,15,10,3,9,7,9,11,7,5,8,6
voters,9,15,28,27,27,36,18,40,25,7,7,11,11,12,10,7,11,11
pratt,1,1,1,3,26,41,1,0,0,1,1,1,3,6,11,1,0,0
sister,4,7,4,6,6,1,27,14,6,2,4,2,4,4,1,13,7,3
sex,25,13,9,6,10,7,10,7,3,9,10,7,5,6,3,5,5,2
convention,7,4,2,10,3,7,8,2,112,2,3,2,5,2,6,5,1,13
head,11,16,34,35,29,24,25,23,11,7,9,13,12,12,11,10,11,8
graham platner,0,0,3,4,4,59,87,0,0,0,0,1,3,2,11,16,0,0
misconduct,1,13,0,23,4,3,3,9,0,1,7,0,6,4,3,3,6,0
abdul el-sayed,1,0,1,2,1,2,20,73,11,1,0,1,1,1,1,5,15,5
abdul,1,0,3,5,2,2,24,77,13,1,0,2,3,2,1,7,15,6
orb,3,21,5,45,6,2,1,1,0,1,4,2,14,2,2,1,1,0
massie,11,28,7,2,81,6,1,3,2,3,9,5,1,15,4,1,2,1
orban,19,31,13,47,1,7,3,1,0,2,4,2,10,1,2,2,1,0
afd,0,1,0,1,4,10,12,9,52,0,1,0,1,1,2,3,1,8
results,10,18,27,11,70,24,17,30,11,5,5,12,7,10,11,7,10,6
midterm convention,1,0,0,0,0,1,2,0,67,1,0,0,0,0,1,2,0,11
african,4,20,14,11,20,17,9,16,15,3,8,5,5,5,5,4,6,4
kentucky,3,0,22,5,51,2,4,3,0,2,0,10,3,10,2,4,3,0
votes,12,21,22,15,13,25,11,35,8,8,9,9,8,9,8,6,11,7
passes,22,23,21,22,8,27,21,17,5,8,11,9,10,5,12,9,8,5
candidate,11,7,10,25,22,38,27,20,11,7,5,6,9,10,12,11,7,5
seat,5,9,23,14,19,11,33,16,5,5,5,7,9,9,6,11,9,5
smith,71,20,25,21,5,6,13,9,5,14,9,8,9,4,2,7,5,3
panel,53,23,22,18,12,18,15,14,5,9,10,6,5,8,8,7,10,3
crockett,6,15,21,2,0,2,1,2,2,3,6,9,2,0,1,1,2,1
jan,43,2,4,6,17,6,13,17,2,9,2,4,5,6,3,2,4,2
socialists,0,0,0,0,0,13,14,9,2,0,0,0,0,0,3,5,6,2
dhs funding,28,45,53,8,0,0,0,0,0,8,7,11,4,0,0,0,0,0
socialist,4,1,2,2,1,17,18,16,2,3,1,2,2,1,5,10,7,1
ilhan,48,8,3,6,3,0,0,0,2,12,6,3,3,2,0,0,0,2
ilhan omar,48,8,3,6,3,0,0,0,2,12,6,3,3,2,0,0,0,2
fetterman,3,1,12,5,9,3,8,4,12,2,1,3,4,3,3,6,3,8
omar,63,27,8,10,9,4,10,14,6,14,6,4,4,3,3,1,2,3
senators,28,14,13,5,8,15,25,10,3,11,6,7,4,5,8,9,7,2
races,1,4,15,5,9,17,11,13,7,1,4,7,4,5,8,5,5,6
spencer pratt,1,1,1,3,26,30,1,0,0,1,1,1,3,6,11,1,0,0
spencer,4,1,2,5,27,31,2,2,1,2,1,2,4,7,12,2,2,1
james talarico,1,7,20,0,13,3,2,4,14,1,5,6,0,6,2,2,2,5
eric,5,7,4,64,3,6,3,14,0,5,4,2,14,3,4,2,7,0
wisconsin,1,7,3,7,0,18,28,41,1,1,6,3,5,0,8,10,9,1
james,11,33,35,40,23,28,14,15,18,8,10,8,12,10,13,6,7,6
bangladesh,89,128,16,17,13,21,20,33,7,4,6,4,3,4,3,5,4,3
dave,12,6,6,6,2,5,0,3,3,5,4,3,5,2,4,0,2,3
bid,49,31,52,50,51,46,73,46,21,13,15,10,11,12,10,12,10,7
dems,27,49,38,23,18,25,20,20,12,3,8,8,3,5,5,6,8,5
face,60,47,58,65,59,61,66,63,32,16,17,12,15,13,13,16,15,11
trial,70,86,60,30,47,40,90,409,118,13,15,9,10,10,8,11,14,13
day,216,148,257,168,313,199,226,280,137,17,16,19,16,16,16,16,14,14
murder,72,42,51,51,88,113,90,233,57,13,9,13,11,13,15,13,13,11
meta,16,39,53,39,26,15,39,117,3,7,9,14,10,8,5,7,13,3
clancy,0,0,0,0,1,0,44,374,235,0,0,0,0,1,0,9,13,14
defense,67,48,72,56,47,68,84,76,29,13,13,15,12,14,13,13,13,13
lindsay,1,1,0,1,0,0,48,359,212,1,1,0,1,0,0,10,13,14
lindsay clancy,0,0,0,0,0,0,44,357,212,0,0,0,0,0,0,9,13,14
guilty,50,28,21,51,18,37,29,65,21,14,7,8,9,9,12,11,14,10
media,129,164,198,119,90,135,84,97,35,18,17,19,18,14,22,17,18,11
continues,44,48,72,60,25,46,48,93,17,14,10,14,15,11,11,13,13,10
judge,42,35,39,25,50,45,30,51,68,10,10,10,9,11,11,10,12,11
maduro,657,16,34,27,5,1,10,0,1,23,11,13,14,4,1,6,0,1
america,494,447,516,370,237,309,490,281,151,20,19,24,21,18,23,22,23,20
social,39,87,66,35,19,56,33,49,10,12,16,15,13,9,15,14,15,5
th,105,66,54,51,65,94,248,92,85,12,10,13,15,13,14,16,12,14
mangione,33,14,0,4,19,32,1,77,1,6,4,0,3,6,7,1,11,1
testimony,25,46,16,10,24,17,17,77,0,7,12,7,6,11,8,8,8,0
children,28,24,35,56,35,49,52,59,20,12,11,11,13,13,12,14,15,11
addiction,20,35,31,1,1,2,2,22,0,10,10,11,1,1,2,1,8,0
social media,31,74,59,27,14,45,23,39,5,11,14,14,10,8,15,10,14,3
jury,12,19,28,19,19,6,5,56,74,5,9,7,10,11,4,4,10,10
landmark,20,26,18,11,9,10,9,22,6,11,9,7,6,7,6,7,9,5
charges,70,34,22,50,43,20,42,31,7,15,10,10,11,13,7,11,11,3
ceo,99,116,76,117,90,87,80,84,58,15,16,15,18,18,13,15,15,11
parade,58,20,15,13,79,56,52,7,11,8,5,7,9,8,13,10,4,6
murder trial,12,7,4,3,3,12,19,161,24,4,3,3,2,2,5,6,10,8
tupac,1,0,0,1,1,0,0,112,20,1,0,0,1,1,0,0,10,8
clancy trial,0,0,0,0,0,0,20,146,77,0,0,0,0,0,0,5,9,12
pete hegseth,15,8,95,71,48,19,30,16,5,7,5,13,13,8,7,7,8,4
ban,50,33,21,28,15,61,34,29,25,12,12,10,11,9,14,11,9,12
pete,17,9,98,74,51,22,31,18,8,7,6,14,13,8,8,8,9,5
victory,15,37,27,52,118,40,27,32,19,5,11,11,14,11,11,7,13,7
closing,28,34,31,28,32,27,25,72,11,8,9,10,7,6,8,6,11,4
luigi mangione,31,13,0,4,15,28,1,59,0,6,4,0,3,5,7,1,11,0
luigi,31,13,0,5,15,28,1,60,0,6,4,0,4,5,7,1,11,0
marks,27,20,10,18,19,23,22,26,25,10,10,6,5,7,6,7,7,10
mistrial,1,0,0,0,5,6,0,8,67,1,0,0,0,5,4,0,5,13
zuckerberg,5,31,0,4,5,1,8,14,1,4,12,0,2,3,1,5,5,1
ontario,1,3,0,2,0,1,11,60,7,1,2,0,2,0,1,5,12,7
pleads,29,36,6,30,11,20,28,36,7,11,11,5,8,7,9,13,14,5
anniversary,36,40,5,24,53,32,66,35,50,9,8,4,9,8,10,10,10,12
verdict,2,10,17,2,6,12,6,18,37,2,5,8,2,4,8,3,7,9
celebrates,28,15,24,18,21,29,55,21,15,8,7,12,4,9,9,13,8,7
birthday,3,4,6,7,9,39,28,10,3,3,4,3,6,4,11,13,5,2
jurors,0,0,2,0,0,1,4,18,25,0,0,2,0,0,1,3,5,10
charged,19,13,24,75,21,16,10,11,7,9,8,13,14,11,10,6,6,5
vd,4,6,1,44,17,1,32,4,1,1,2,1,7,4,1,7,2,1
davis,3,4,0,10,6,23,5,25,13,2,2,0,2,3,7,3,6,7
google,11,35,16,18,21,18,15,16,7,8,9,7,8,11,9,11,6,4
blocks,9,29,31,26,17,25,11,12,5,7,10,10,8,9,10,5,6,4
st,31,21,46,33,38,58,35,27,15,10,6,8,8,7,8,5,6,5
july,0,1,0,0,5,23,140,27,2,0,1,0,0,5,10,15,10,2
celebration,16,11,21,3,11,24,41,17,7,8,7,8,3,7,13,10,6,2
patrick,6,13,21,6,1,7,6,12,5,4,3,7,4,1,4,4,3,4
louisiana,7,2,1,57,13,5,7,6,4,5,1,1,11,8,4,4,5,4
pleads guilty,2,3,0,20,5,13,6,30,2,2,1,0,7,4,9,5,12,2
celebrations,44,16,14,5,28,31,53,18,11,7,7,5,3,8,7,12,4,2
night,6,6,17,23,11,32,52,29,7,5,5,8,11,6,14,12,10,5
lake,9,14,1,2,4,6,2,72,13,6,8,1,2,4,5,2,13,12
independence,15,6,8,11,11,11,43,97,6,7,5,7,7,6,5,9,10,5
nvidia,37,41,22,1,47,39,16,64,11,8,4,8,1,7,7,7,9,5
fireworks,30,6,10,2,3,7,56,0,3,8,3,7,2,2,6,9,0,2
lake ontario,0,0,0,0,0,0,0,48,7,0,0,0,0,0,0,0,12,7
spending,24,20,15,25,20,28,45,19,14,7,7,8,12,10,11,9,11,7
soldier,3,6,18,44,12,4,17,7,6,2,3,9,15,6,2,8,4,5
instagram,5,15,1,5,10,3,6,15,1,3,9,1,4,4,3,4,9,1
begin,22,28,15,21,21,15,23,37,5,10,12,7,8,10,9,11,11,3
fourth,9,18,7,8,4,8,30,5,5,6,7,4,3,3,6,12,4,3
begins,37,49,36,64,44,44,52,61,18,10,13,12,14,11,11,11,12,5
premier,8,8,3,3,11,7,5,21,9,4,5,2,3,6,5,3,11,3
singer,7,2,1,38,5,4,17,11,4,4,2,1,6,3,2,8,5,3
republic,100,5,7,0,10,25,2,8,0,6,4,4,0,5,10,2,3,0
truth,18,27,16,23,26,22,27,21,11,9,11,9,11,11,12,12,12,8
youtube,5,12,18,1,4,4,0,5,1,4,8,7,1,4,3,0,5,1
settlement,5,5,8,4,24,12,17,35,1,4,4,5,4,10,5,10,14,1
double,31,19,8,15,13,28,5,18,3,9,10,5,8,9,11,4,11,2
brief,34,27,43,34,25,32,36,30,7,10,6,11,7,5,8,8,7,3
captures,60,11,9,15,5,20,12,10,5,11,6,5,7,3,8,5,4,3
evidence,16,39,14,13,29,18,32,24,11,5,13,8,6,9,6,14,11,7
lawyer,10,16,6,14,19,8,21,23,21,6,9,4,7,8,4,11,8,8
labor,3,10,6,12,8,12,11,6,25,3,5,4,7,5,7,6,5,6
captured,69,7,6,11,6,8,7,9,9,14,6,4,8,2,5,3,5,7
husband,9,13,12,29,21,16,10,10,3,5,6,6,7,8,8,4,7,3
th birthday,1,2,4,5,7,21,18,5,0,1,2,3,5,4,9,10,4,0
venezuelans,49,2,2,0,2,12,12,1,0,13,2,1,0,2,7,6,1,0
th anniversary,4,12,2,9,10,9,52,7,33,2,5,2,7,5,8,9,4,11
shooting,568,135,76,340,159,87,140,82,30,20,13,11,17,14,12,13,13,10
house,344,331,347,587,337,328,270,163,86,15,17,18,17,17,21,16,14,14
white house,201,122,202,461,235,188,157,102,39,14,13,16,17,17,19,16,13,12
white,211,134,205,468,249,204,172,109,46,15,16,16,18,19,20,17,14,13
police,117,161,106,106,148,151,238,179,71,14,14,12,12,13,13,15,12,9
suspect,28,79,47,123,59,52,71,31,7,10,10,8,13,11,10,9,8,5
briefing,188,111,227,139,117,113,81,53,41,11,7,12,11,11,11,9,6,9
near,53,66,109,73,173,101,92,116,51,10,14,14,13,13,11,13,12,11
dinner,3,12,12,319,51,25,59,1,11,3,6,8,17,12,8,13,1,4
service,27,25,68,51,59,13,85,20,14,10,9,11,14,12,7,13,9,7
press,259,211,217,243,204,160,174,152,79,12,13,12,13,13,12,12,11,9
center,45,47,38,33,100,105,39,56,39,12,14,12,14,13,15,14,14,15
ufc,3,0,5,5,21,120,4,2,1,2,0,3,2,10,17,3,2,1
takes,88,87,85,64,102,82,83,86,53,11,15,11,14,16,12,16,15,14
ballroom,9,2,15,38,32,5,0,38,4,7,1,8,12,12,3,0,10,3
karoline leavitt,25,8,35,29,2,2,16,24,6,8,4,8,7,2,1,7,12,4
karoline,27,8,36,32,4,2,16,24,6,8,4,8,7,3,1,7,12,4
leavitt,42,19,55,51,3,2,21,27,8,10,8,9,11,3,1,8,12,5
press briefing,79,45,44,40,32,33,21,17,20,11,5,10,8,9,10,5,2,8
speaker,16,20,26,19,12,17,18,7,3,8,6,7,7,4,4,10,2,1
secret service,1,14,1,28,43,0,22,9,0,1,9,1,13,11,0,11,5,0
diego,4,4,17,5,78,4,17,2,1,3,4,6,4,14,3,8,2,1
secret,27,61,32,70,118,57,56,89,25,10,20,10,17,19,15,18,15,8
event,35,37,34,70,60,76,61,56,34,8,10,11,14,9,14,15,11,11
melania,18,22,30,79,9,9,7,10,2,9,11,10,15,6,5,3,4,2
details,56,72,46,84,47,75,75,60,25,11,10,7,12,9,10,10,10,5
san,5,11,14,11,82,14,31,9,2,5,8,5,8,14,6,8,6,2
welcomes,33,23,9,27,31,41,36,17,15,9,5,6,11,9,6,9,6,4
islamic,11,12,3,5,53,0,4,5,3,5,6,2,4,10,0,3,3,3
freedom,11,19,10,5,82,49,48,42,8,7,8,5,4,14,15,13,13,5
fired,12,12,35,60,29,18,13,13,6,8,7,12,17,10,8,7,8,3
house correspondents,0,1,0,144,11,2,43,0,0,0,1,0,16,5,2,12,0,0
san diego,1,2,2,5,78,4,17,1,1,1,2,2,4,14,3,8,1,1
berlin,13,13,6,22,11,19,65,12,20,4,4,3,4,3,4,9,4,5
construction,6,7,5,7,16,9,10,27,9,3,5,4,4,8,4,5,9,6
correspondents dinner,0,1,0,199,19,2,40,0,0,0,1,0,16,6,2,12,0,0
pride,2,11,1,2,2,33,55,5,0,1,5,1,2,2,10,11,4,0
shooter,5,12,13,46,20,7,17,12,2,3,6,6,9,10,5,10,9,2
incident,11,15,21,48,26,22,22,19,9,6,8,8,10,9,6,7,9,4
mosque,2,35,7,2,49,6,11,1,10,2,5,5,2,12,3,5,1,1
shots,11,3,7,35,18,17,4,11,7,7,2,5,12,9,7,1,5,3
correspondents,0,2,0,206,19,2,48,1,0,0,2,0,16,6,2,12,1,0
fight,41,53,63,51,49,94,59,56,34,14,14,19,15,14,18,14,15,10
reveals,67,33,65,67,78,87,85,63,24,17,12,15,12,17,13,14,11,8
gunman,3,6,10,39,20,8,2,10,2,3,4,7,13,8,6,1,6,2
scene,28,19,15,13,15,11,35,15,3,7,9,3,6,8,4,6,7,3
lady,18,17,16,27,7,6,3,4,1,10,9,5,11,5,4,3,3,1
stage,22,17,18,18,13,28,27,25,18,9,9,11,11,5,11,13,9,9
inside,74,83,86,119,114,113,106,123,50,19,19,18,20,17,18,21,16,13
mike johnson,11,2,16,5,8,8,7,2,2,9,2,8,3,5,4,5,1,2
member,30,6,21,31,5,13,14,14,8,8,5,8,12,3,8,7,5,4
detention,26,16,12,13,31,11,12,6,0,9,8,7,7,8,7,7,4,0
host,9,26,20,41,9,16,9,15,7,7,9,8,12,6,9,6,8,7
festival,26,18,8,13,28,24,51,15,28,5,6,4,7,5,10,11,5,6
johnson,21,28,35,19,30,20,25,5,7,11,9,12,9,9,7,11,3,5
allen,13,0,1,33,13,3,4,0,1,2,0,1,12,6,2,2,0,1
cole,0,1,3,32,9,2,0,0,0,0,1,2,12,3,1,0,0,0
look,29,27,23,22,31,39,22,19,21,12,13,11,9,11,11,9,8,10
mike,32,20,33,20,20,30,32,30,11,14,13,14,10,8,12,10,11,7
stand,16,23,13,11,16,16,15,29,9,10,9,9,8,8,11,9,10,6
custody,26,16,11,15,11,11,14,7,3,10,8,7,8,5,6,10,6,1
island,15,52,59,28,36,32,30,34,16,9,13,15,7,10,15,10,11,8
synagogue,3,0,92,2,4,1,2,1,0,3,0,13,1,3,1,2,1,0
garcia,3,12,16,1,5,0,2,1,1,2,8,6,1,4,0,2,1,1
crime,10,19,25,23,24,25,16,27,10,8,7,11,11,11,8,6,11,6
aim,6,7,4,3,3,6,8,9,6,6,6,3,3,3,6,7,7,3
film,14,21,17,7,34,19,19,7,25,5,8,7,4,9,7,8,5,6
grand,18,20,9,27,41,22,43,59,22,6,8,3,8,9,8,9,11,9
austin,1,1,25,3,1,6,3,3,1,1,1,9,2,1,4,2,3,1
emerge,10,17,10,10,11,8,12,7,5,5,7,5,5,4,5,6,4,3
like,43,38,28,29,41,36,41,39,29,18,18,12,12,17,15,16,15,12
oath,11,29,10,9,76,14,4,2,6,4,7,5,4,4,2,3,1,4
deep,11,23,7,11,18,12,8,21,7,6,11,5,7,8,5,6,8,5
wh,14,9,9,38,5,4,12,1,1,6,4,3,10,2,3,7,1,1
shares,38,49,48,36,48,53,75,51,32,9,12,13,8,10,11,10,7,8
seattle,1,10,1,0,0,5,41,4,0,1,6,1,0,0,3,8,3,0
whcd,0,0,0,39,11,1,5,0,0,0,0,0,12,7,1,3,0,0
suspects,4,16,4,4,28,9,8,10,3,2,7,2,4,12,4,4,5,3
shocking,37,39,41,41,37,41,30,49,19,8,9,8,9,9,10,5,7,6
involved,19,8,11,7,12,5,6,8,2,7,4,7,6,8,4,5,5,2
involving,24,8,6,4,4,7,8,5,0,7,6,5,1,4,3,3,3,0
multiple,26,20,27,23,23,32,26,30,9,11,9,8,11,7,12,10,9,4
democrat,9,29,20,15,17,10,27,20,7,5,11,12,7,10,5,12,8,6
policy,60,42,38,44,28,37,39,27,13,12,10,13,11,10,11,13,8,9
cup,60,63,67,33,88,741,525,18,9,9,6,8,8,12,21,17,9,4
world cup,45,62,61,31,82,735,524,14,6,4,6,7,8,12,21,17,9,3
world,817,692,590,447,612,1384,1080,444,394,19,17,20,17,20,23,19,20,16
spain,55,25,48,21,43,64,333,113,14,8,6,12,6,4,7,15,12,4
fans,21,43,29,25,56,222,154,26,8,8,9,8,9,12,14,11,12,5
ahead,143,171,106,172,172,189,215,125,92,13,14,14,14,13,13,13,13,13
fifa,7,6,7,14,34,396,362,37,3,3,2,4,5,8,15,17,8,2
win,25,85,71,56,75,126,71,94,53,9,14,15,14,16,16,15,18,15
team,29,104,62,46,51,98,54,40,22,9,14,11,15,11,14,12,13,8
mexico,47,117,29,39,33,86,42,27,5,11,13,12,6,7,11,11,10,5
argentina,10,9,5,6,6,35,147,15,7,7,4,4,3,5,9,13,10,4
democrats,67,117,63,60,54,62,105,66,30,13,17,15,14,16,18,18,17,8
violence,24,60,24,46,31,39,33,32,9,10,11,13,15,12,11,12,10,6
europe,196,142,92,102,121,210,149,152,63,15,10,12,11,9,14,12,16,8
soccer,6,3,33,9,13,42,41,7,2,3,3,9,3,3,11,11,4,2
cartel,3,70,6,14,4,3,2,13,1,3,13,4,7,3,2,2,8,1
clash,56,66,47,67,56,82,58,27,25,12,12,10,10,11,9,10,7,7
final,33,29,65,56,63,60,174,39,16,12,11,11,15,14,12,16,14,7
second,54,42,29,59,37,34,57,25,12,14,11,10,14,11,11,14,11,8
match,7,43,12,8,4,93,51,12,2,6,10,9,4,3,11,12,9,1
stadium,1,16,11,7,7,31,21,6,0,1,6,4,5,3,8,8,4,0
morocco,9,3,4,4,8,20,40,27,1,1,2,2,1,4,6,10,8,1
year,241,83,42,82,51,50,62,41,33,15,15,15,18,14,14,15,13,14
midterms,19,27,18,17,19,15,25,38,75,9,8,7,7,9,6,10,11,17
round,4,17,4,39,12,31,62,10,5,4,8,3,8,7,11,12,2,5
arrive,25,36,38,38,40,54,52,16,36,7,8,13,13,7,11,7,7,7
madrid,16,3,6,8,13,18,46,9,5,5,2,4,3,3,5,8,3,2
eclipse,0,3,7,3,1,0,3,81,0,0,3,5,3,1,0,3,11,0
solar,2,6,4,3,0,2,6,62,4,2,3,3,3,0,1,5,10,3
celebrate,24,13,31,11,22,62,38,7,4,8,6,8,7,8,9,9,2,3
england,9,15,15,3,6,39,88,22,3,5,8,5,3,6,7,11,8,1
infantino,0,1,0,1,0,9,25,36,3,0,1,0,1,0,5,6,5,2
republicans,44,45,56,39,46,43,28,28,44,11,12,13,10,14,10,7,10,15
el mencho,0,55,4,0,0,0,0,0,0,0,11,3,0,0,0,0,0,0
mencho,0,56,4,0,0,0,0,0,0,0,11,3,0,0,0,0,0,0
messi,0,1,7,3,5,46,64,14,7,0,1,3,3,3,9,7,9,4
brazil,13,20,6,13,14,46,20,16,6,6,5,3,5,6,7,6,4,4
el,2,84,5,5,9,16,13,17,17,2,14,4,2,5,6,9,9,8
women,25,53,116,133,42,47,28,63,19,12,13,14,11,14,13,14,12,8
usa,82,81,50,123,70,79,86,40,28,5,12,9,6,6,9,12,8,3
men,9,41,15,27,22,28,22,20,14,8,10,8,10,10,11,9,10,8
term,41,12,14,12,7,14,30,10,1,11,8,8,7,5,8,11,8,1
norway,14,17,8,3,40,29,45,18,23,6,7,6,3,4,6,5,7,7
champions,8,5,13,7,23,15,17,4,2,6,5,7,7,7,5,4,3,2
heatwave,1,0,4,10,26,71,46,29,2,1,0,2,3,5,8,6,7,2
players,13,4,19,11,16,26,5,16,13,5,4,9,6,9,10,4,8,7
lula,4,33,3,10,5,3,3,7,3,2,5,1,3,5,1,2,3,2
total,21,12,13,20,15,14,15,51,3,9,4,8,6,6,7,9,12,2
beat,10,8,8,12,7,13,41,13,6,5,6,5,5,6,8,11,7,3
portugal,6,12,1,0,7,24,30,2,1,4,4,1,0,1,5,7,1,1
play,20,20,17,27,9,19,21,15,9,8,10,9,11,6,9,11,7,6
egypt,11,9,9,10,6,16,44,15,15,4,3,4,2,3,5,8,6,5
league,10,9,12,2,29,9,6,7,1,3,6,6,2,9,5,5,6,1
role,29,27,27,41,30,30,27,25,21,11,10,9,11,9,8,8,9,7
mexican,1,34,4,9,7,10,15,7,4,1,13,1,5,4,4,7,4,4
belgium,3,6,4,2,12,16,42,13,13,1,3,3,2,6,4,9,5,2
hockey,4,67,4,5,3,3,2,1,1,3,12,2,4,3,3,2,1,1
erupts,36,41,52,48,67,56,53,49,23,6,7,8,6,7,8,6,7,3
australia,23,23,35,29,44,39,63,24,10,9,6,9,10,8,10,6,7,6
political,38,49,29,49,52,84,53,29,14,13,14,15,14,18,18,15,12,7
beats,2,16,5,12,16,12,17,18,2,1,6,3,5,7,7,7,11,1
football,23,9,13,14,22,23,27,21,8,9,7,6,8,6,3,8,10,5
zealand,8,5,15,14,4,12,51,1,0,4,4,2,3,3,3,5,1,0
loss,15,20,14,23,31,25,29,24,7,9,9,9,8,12,9,7,11,4
largest,18,14,33,7,14,12,26,19,9,8,8,11,5,9,6,10,12,7
uk,199,186,148,169,150,255,234,140,88,12,14,10,14,11,15,14,13,12
starmer,126,108,75,96,103,203,61,1,1,8,9,9,10,11,16,8,1,1
minister,198,223,185,149,196,193,236,157,81,11,12,14,12,12,16,14,10,5
pm,422,589,315,360,464,506,490,326,309,10,11,12,12,8,11,12,9,6
keir starmer,41,40,21,30,43,93,27,0,1,6,9,6,8,10,16,6,0,1
keir,41,41,21,30,43,93,27,0,1,6,9,6,8,10,16,6,0,1
faces,72,84,72,121,95,105,114,137,47,17,14,14,14,14,12,13,12,9
questions,88,77,88,92,77,93,94,61,34,17,14,14,13,13,14,14,15,8
prime,114,123,139,76,72,111,115,28,38,12,10,15,11,12,16,14,8,7
prime minister,50,63,65,39,49,83,98,23,24,9,8,14,10,10,16,13,7,4
parliament,60,91,83,43,31,40,139,78,15,8,5,5,7,7,6,6,5,5
japan,68,86,61,59,52,82,120,110,12,10,8,12,10,7,12,11,9,4
takaichi,20,38,33,11,4,6,45,9,0,6,7,8,4,3,4,6,3,0
prince,27,106,16,33,8,11,30,34,33,9,14,8,10,6,5,11,10,9
burnham,4,0,0,0,8,58,113,22,26,1,0,0,0,4,11,13,5,6
andy burnham,4,0,0,0,5,47,86,16,11,1,0,0,0,2,11,13,5,6
andy,7,2,3,6,11,49,88,21,11,4,1,3,3,6,12,13,9,6
mandelson,2,66,3,58,0,9,0,0,0,1,10,2,7,0,5,0,0,0
british,39,35,33,34,15,31,22,16,15,7,12,7,11,7,9,8,8,6
sparks,48,56,44,64,64,74,67,45,19,13,12,11,8,9,10,11,9,5
resignation,3,7,17,18,26,58,56,9,7,3,4,5,8,6,10,7,4,4
meghan,1,3,5,10,1,2,8,41,18,1,2,2,5,1,2,3,12,7
resigns,4,9,22,25,22,30,27,6,9,4,6,12,10,12,10,7,3,5
resign,6,18,7,30,31,19,7,8,4,5,11,4,12,10,8,6,5,3
answers,16,11,14,19,10,19,31,16,10,8,6,9,10,8,9,9,8,7
meloni,23,17,5,29,57,62,18,11,8,4,4,2,5,5,7,4,4,4
backlash,31,32,20,40,33,38,20,32,8,13,11,8,11,10,12,7,10,6
pressure,53,40,47,67,81,41,33,51,19,10,11,14,10,14,9,9,10,7
london,38,11,35,40,36,50,21,21,13,7,8,8,11,10,9,7,9,8
britain,21,13,12,27,20,45,30,35,17,6,5,4,8,7,11,11,7,3
demand,51,43,41,37,52,55,67,68,15,11,12,9,11,10,10,11,10,5
debate,48,63,64,92,60,62,120,105,32,18,12,16,17,15,18,15,19,11
prince harry,16,1,1,15,1,3,24,24,5,7,1,1,7,1,1,9,8,3
harry,25,7,7,20,2,11,43,46,15,9,6,2,8,1,3,10,12,7
japanese,16,9,26,8,12,11,24,23,1,4,7,9,4,6,6,6,7,1
jewish,2,9,21,19,9,8,7,8,6,2,6,10,8,6,6,7,6,4
finance,10,23,24,13,14,16,5,15,7,5,6,4,7,6,9,3,5,4
peter,7,32,5,24,1,14,4,5,0,6,8,4,10,1,6,2,3,0
italy,29,36,12,24,68,32,23,25,13,8,10,6,7,8,7,6,7,4
labour,3,10,0,5,31,10,16,1,0,2,4,0,4,7,5,8,1,0
crown,10,14,12,10,1,7,4,11,15,5,7,8,5,1,5,4,6,4
demands,49,49,50,41,65,48,73,82,33,11,11,12,13,8,8,14,12,4
italian,14,10,2,7,31,16,9,5,2,8,6,2,2,6,7,4,5,1
education,5,8,14,10,16,22,40,15,4,4,3,5,5,6,7,7,7,3
outrage,19,17,6,16,4,17,12,9,3,10,7,4,4,3,4,5,5,1
scrutiny,12,13,6,16,7,8,11,17,2,6,7,3,7,5,6,6,8,2
answer,10,17,12,7,8,7,9,6,1,5,9,7,5,6,5,4,4,1
nigel,3,4,0,1,0,2,8,16,3,3,2,0,1,0,1,4,8,3
nigel farage,3,3,0,1,0,2,8,16,3,3,1,0,1,0,1,4,8,3
farage,4,6,1,1,3,6,13,22,3,3,2,1,1,2,2,6,8,3
magnitude earthquake,5,0,0,12,4,17,12,28,1,5,0,0,5,2,6,4,8,1
mps,5,16,12,15,12,45,32,25,5,2,4,3,3,4,3,2,2,3
reform,18,28,10,5,12,7,10,23,10,7,10,7,4,8,5,6,9,5
test,20,27,19,20,65,37,37,53,14,8,12,9,12,13,12,11,10,6
street,28,37,36,31,43,40,63,48,20,10,11,10,10,15,12,13,12,6
defence,59,91,61,68,80,69,103,79,46,3,4,4,4,3,5,5,4,3
deputy,50,16,25,10,7,19,8,10,11,11,6,5,7,4,5,3,6,2
nasa,62,54,72,251,27,37,26,70,4,11,12,12,16,10,10,8,13,4
launches,68,87,144,88,100,125,215,91,41,13,14,15,13,13,12,15,15,12
space,41,33,29,91,33,37,49,66,43,13,13,9,14,12,13,12,15,9
artemis,18,32,76,598,16,22,1,20,0,10,10,12,16,7,9,1,10,0
military,261,198,281,159,200,144,215,164,60,19,18,18,16,16,15,18,16,13
moon,9,31,62,292,23,17,5,29,4,6,11,13,16,12,9,4,9,3
artemis ii,16,23,71,561,8,0,1,20,0,10,8,12,15,5,0,1,10,0
spacex,24,45,14,12,83,193,35,78,6,8,9,4,4,12,16,12,12,5
mission,41,43,62,277,45,34,23,36,17,12,12,13,16,10,11,10,10,8
rocket,14,21,32,23,50,9,19,27,3,8,5,8,9,13,4,6,11,3
conference,244,251,215,252,202,196,196,170,74,13,12,12,12,11,11,10,8,7
launch,38,68,77,91,49,45,86,65,22,8,11,13,13,11,13,12,12,7
ii,19,27,73,569,17,1,3,30,1,11,10,12,15,7,1,3,11,1
openai,4,22,13,45,57,31,47,26,20,4,7,9,13,12,8,13,9,7
base,23,15,108,21,41,40,57,40,36,7,7,16,8,16,8,11,7,7
astronauts,14,12,12,124,11,23,2,17,4,8,7,5,13,5,10,2,7,3
crew,40,13,22,238,16,27,18,34,4,9,8,12,13,6,9,8,11,4
musk,89,60,15,48,83,80,39,28,21,14,14,10,12,16,18,12,12,8
earth,23,10,7,119,20,11,10,13,4,11,6,6,13,9,6,7,6,4
return,62,54,37,88,50,46,62,54,23,15,13,12,16,12,10,11,12,13
historic,67,62,20,107,78,112,97,48,34,10,11,10,14,13,11,10,13,7
moon mission,5,6,20,107,3,3,0,1,0,4,4,7,13,2,2,0,1,0
altman,1,16,2,30,16,5,9,0,14,1,5,2,10,10,5,5,0,7
joint,48,68,55,46,57,38,64,38,17,5,10,8,10,5,7,6,7,3
sam,1,11,11,31,14,5,21,7,14,1,6,7,11,9,5,10,4,9
drills,23,21,11,10,21,4,11,44,1,6,5,5,4,4,3,4,12,1
ii crew,0,0,5,171,2,0,1,15,0,0,0,2,12,2,0,1,8,0
lunar,3,27,8,29,5,2,2,13,0,3,6,5,8,3,2,2,6,0
home,96,128,93,83,62,49,66,89,25,17,14,14,14,13,11,14,14,11
elon,51,40,10,26,64,63,27,21,16,11,15,7,11,15,18,11,10,7
elon musk,50,36,10,25,62,60,27,21,16,10,13,7,10,14,18,11,10,7
ipo,3,4,3,14,41,125,18,28,17,3,2,2,4,9,15,4,8,4
press conference,146,133,138,149,122,110,117,106,47,12,8,10,10,6,9,8,6,6
station,20,21,17,13,13,21,22,26,12,8,10,6,7,6,10,8,9,5
starlink,16,21,6,7,6,7,9,17,3,5,5,3,2,3,3,4,4,2
anthropic,4,74,24,33,21,40,24,35,38,4,14,9,9,7,8,7,6,12
astronaut,15,1,10,47,4,2,11,7,1,7,1,5,9,2,2,5,3,1
international,54,34,61,28,33,43,26,29,19,11,10,10,8,11,11,10,12,5
returns,31,16,28,48,38,34,46,34,17,11,8,9,14,13,13,14,12,10
ii astronauts,0,0,5,69,2,0,0,4,0,0,0,3,12,1,0,0,4,0
action,101,39,75,43,48,49,67,51,20,13,12,12,11,10,10,7,10,5
airstrikes,12,16,42,8,9,18,28,5,8,5,6,12,4,4,7,10,2,2
fresh,18,16,50,28,41,73,75,65,23,8,4,6,7,6,7,7,6,5
lawsuit,26,10,13,19,37,20,25,24,7,11,6,8,10,11,10,12,13,3
statement,21,59,52,43,31,21,48,29,16,7,10,10,11,6,4,8,8,4
rare,15,32,14,15,24,23,25,28,13,7,10,9,8,9,8,10,8,6
options,35,9,20,12,17,2,9,9,2,10,6,9,6,9,2,5,5,2
blue,9,10,9,8,44,15,16,9,3,7,4,7,5,13,8,9,6,3
aid,19,30,25,26,28,53,32,30,11,7,10,5,9,10,11,10,8,4
explodes,23,22,21,32,56,24,26,23,7,6,3,4,5,11,5,4,9,2
far,16,18,20,35,16,17,17,18,6,7,11,8,15,9,9,9,12,5
fbi,85,166,87,61,43,39,30,38,9,14,13,13,11,13,11,12,11,8
guthrie,0,736,87,37,15,32,36,23,0,0,13,6,3,5,7,7,6,0
national,117,85,71,60,102,83,105,96,38,12,12,13,13,13,13,13,13,12
nancy,0,532,66,30,17,29,36,30,1,0,13,5,3,7,8,8,10,1
nancy guthrie,0,516,60,25,14,22,24,21,0,0,12,5,1,5,6,6,5,0
director,35,29,41,53,61,53,16,15,10,12,8,12,12,12,11,8,9,5
update,36,64,77,53,60,57,56,27,29,10,13,13,13,13,11,14,10,11
deadline,14,53,34,113,23,11,14,18,1,4,11,13,15,11,7,6,10,1
note,5,37,2,2,26,16,8,7,5,3,5,2,1,8,7,3,4,3
savannah,0,130,20,9,2,7,10,2,0,0,11,5,4,2,5,5,2,0
savannah guthrie,0,127,20,6,1,6,9,2,0,0,11,5,3,1,5,5,2,0
mother,28,83,13,19,42,26,34,51,5,9,13,6,10,9,10,9,12,5
ransom,1,60,0,2,0,14,15,10,0,1,10,0,1,0,4,7,5,0
plea,9,25,9,12,9,18,20,26,10,7,9,5,4,6,8,9,10,6
latest,73,89,92,55,75,58,60,58,17,16,16,12,14,17,10,14,13,8
sheriff,6,85,29,8,6,4,8,8,0,4,9,8,4,3,1,4,4,0
patel,20,45,25,64,46,10,12,12,3,9,12,13,11,14,4,7,6,2
intelligence,14,19,35,16,31,38,28,12,11,6,7,12,7,12,13,9,7,4
mom,7,66,17,10,12,11,12,17,4,5,11,6,3,5,4,6,8,4
today,31,29,50,39,36,37,31,30,6,10,7,14,11,10,9,11,12,3
kash,11,32,13,46,28,5,7,7,1,8,12,9,9,14,3,6,6,1
kash patel,11,32,12,45,28,5,7,6,1,8,12,8,9,14,3,6,5,1
cia,32,19,30,12,47,7,23,38,9,11,9,15,7,11,4,9,10,5
reward,1,30,4,3,3,3,1,5,0,1,7,2,3,3,2,1,4,0
gives,56,49,59,50,34,45,48,37,28,13,15,13,14,11,11,13,14,9
looms,21,24,14,28,15,9,16,17,5,10,11,10,11,9,6,8,6,4
updates,33,33,63,35,32,20,31,34,10,8,9,9,7,5,7,7,7,5
nears,7,7,7,38,12,11,12,22,9,5,5,5,12,5,7,5,11,3
detained,30,51,8,6,13,8,23,20,7,10,12,5,6,6,4,9,11,4
person,21,37,9,12,15,3,15,6,7,9,10,6,7,7,2,10,4,4
authorities,22,40,17,10,15,14,15,12,11,11,10,7,7,8,8,8,5,4
guthrie disappearance,0,55,4,1,2,2,2,1,0,0,7,2,1,1,2,2,1,0
suicide,10,26,16,5,36,8,1,10,7,8,9,8,3,10,6,1,7,6
dna,4,44,9,5,4,4,7,10,1,3,10,5,2,3,2,3,6,1
disappearance,2,84,15,11,11,9,7,2,1,2,9,6,4,4,4,5,2,1
kidnapping,7,18,6,7,1,11,5,4,0,5,6,3,5,1,6,4,3,0
mall,14,2,4,12,5,5,29,5,0,6,2,4,8,3,4,12,5,0
prayer,4,20,4,9,10,8,3,2,1,2,11,3,7,4,5,2,2,1
park,3,5,10,7,20,13,27,21,6,3,4,6,4,5,7,10,11,5
gabbard,5,14,54,4,25,13,3,0,0,4,6,11,3,13,6,3,0,0
guard,37,29,24,13,57,21,33,12,9,11,10,11,6,12,6,11,6,7
dc,36,22,24,48,47,50,49,29,5,10,9,10,13,11,10,12,9,3
mace,0,7,3,3,3,5,8,2,1,0,5,2,2,3,3,4,2,1
ai,189,509,187,245,300,371,350,293,219,18,19,21,21,28,25,23,23,22
makes,57,53,62,57,43,87,76,63,38,13,12,14,13,13,16,12,14,13
jobs,32,31,33,24,45,39,39,41,46,9,12,10,12,13,13,11,11,9
announcement,25,36,14,30,25,21,24,23,8,9,10,6,7,11,9,10,9,6
black,9,55,36,17,24,22,32,34,11,6,15,14,9,12,12,10,7,9
concerns,49,41,61,52,46,47,41,51,11,11,9,12,12,11,10,12,10,9
raises,14,33,31,42,27,26,37,26,10,7,9,10,12,10,9,9,9,4
history,23,53,41,52,24,53,35,24,15,11,13,15,15,9,16,15,12,8
big,130,142,148,160,176,174,195,140,77,17,19,16,18,21,17,17,17,12
appearance,30,2,4,5,7,4,6,2,0,11,2,2,4,6,4,4,2,0
major,74,81,88,72,96,109,93,101,63,14,13,14,14,14,13,13,14,13
expert,42,45,57,41,43,29,22,46,23,9,12,9,8,9,7,8,8,7
month,4,42,36,10,14,11,17,22,9,3,13,14,7,6,9,10,11,7
report,90,97,145,166,167,123,96,112,52,12,12,14,13,15,13,14,14,11
tech,94,117,51,73,83,127,97,69,28,16,16,18,14,16,17,14,15,10
safety,21,32,22,24,13,34,15,46,16,8,13,11,7,8,11,9,12,10
alarm,19,12,22,17,25,23,17,23,2,4,5,5,6,8,9,7,8,2
explains,42,36,44,22,42,94,113,117,70,10,12,14,11,12,10,9,10,11
data,31,54,33,48,59,53,88,100,41,11,13,13,16,17,14,17,16,14
cut,30,23,26,28,42,25,24,25,16,8,5,10,11,10,9,10,11,6
claim,23,26,57,56,46,67,48,62,22,6,8,12,8,11,10,10,10,5
legal,30,28,19,24,24,25,27,24,20,12,12,11,11,12,9,12,8,10
cuts,33,36,25,37,51,32,25,27,11,10,12,8,11,10,12,8,9,8
chip,17,11,16,14,30,31,54,14,5,4,5,5,4,7,5,7,6,2
rogue,3,3,2,0,3,0,20,6,5,2,3,2,0,3,0,9,5,5
layoffs,6,7,2,22,20,9,13,7,6,5,4,2,6,3,2,5,3,2
using,29,26,35,28,24,29,17,31,6,13,11,11,11,13,11,7,12,3
boom,26,16,13,12,26,34,22,39,12,7,6,7,6,11,9,6,10,3
data centers,2,9,7,8,20,12,34,26,15,1,4,5,6,9,7,12,11,8
centers,3,14,12,13,29,17,37,28,19,2,7,10,8,13,9,13,13,10
fake,8,17,23,15,14,16,15,18,7,6,9,8,5,6,7,7,11,5
development,19,14,18,6,11,29,37,17,22,5,2,3,5,4,7,6,3,9
company,22,17,22,20,24,27,25,20,6,12,9,11,9,12,11,11,10,5
ceos,15,13,5,3,18,3,4,7,5,7,3,5,2,9,2,3,6,2
future,63,58,59,50,56,78,59,63,25,14,18,19,14,19,18,19,18,10
innovation,6,20,5,6,10,7,21,2,9,4,4,4,5,3,3,10,2,5
investment,28,22,16,9,11,28,16,27,13,10,7,6,6,5,11,9,6,5
wall street,19,25,25,27,27,31,41,35,12,7,6,5,6,9,8,9,8,2
federal,264,69,34,46,49,48,54,60,8,15,12,12,13,12,13,11,12,4
chair,70,24,24,57,46,28,43,16,9,12,11,11,13,11,9,11,9,4
fed,154,23,75,94,55,81,109,81,27,15,5,12,12,10,12,9,12,3
rates,38,17,39,35,12,33,39,18,11,11,7,8,12,6,9,11,6,4
warsh,39,13,1,66,47,45,76,61,2,10,4,1,12,10,10,9,10,2
kevin warsh,23,4,0,38,29,16,32,11,1,10,4,0,12,10,8,8,8,1
kevin,28,12,6,39,44,28,45,18,14,13,7,6,13,15,11,11,10,7
ceremony,62,76,40,43,103,72,70,37,49,9,11,9,9,8,10,9,8,11
jackson,10,74,48,12,7,8,14,37,2,4,12,10,6,5,5,9,11,2
fed chair,52,2,14,38,19,13,20,12,0,11,2,9,11,7,9,7,8,0
powell,95,4,31,55,9,3,1,1,0,14,2,11,11,6,3,1,1,0
federal reserve,41,3,7,13,20,12,16,1,0,11,3,5,7,10,6,8,1,0
reserve,42,4,19,13,20,14,18,7,1,12,3,10,7,10,7,9,5,1
jesse jackson,0,73,45,0,0,0,0,0,0,0,12,10,0,0,0,0,0,0
memorial,28,21,26,20,67,19,36,21,32,9,7,7,10,11,9,9,7,10
investigation,107,100,49,43,34,40,52,26,17,15,14,13,12,11,11,13,10,9
jesse,54,165,130,73,68,63,77,28,19,2,13,10,1,2,2,2,4,1
opening,45,57,48,44,39,74,55,49,21,10,9,12,10,9,12,11,12,7
welcome,8,25,19,30,53,45,58,18,14,3,6,7,10,9,8,7,6,7
chicago,10,22,26,9,4,26,8,7,1,6,8,9,6,4,9,5,4,1
jerome,35,0,11,18,6,1,0,0,0,10,0,9,10,5,1,0,0,0
jerome powell,35,0,11,18,6,1,0,0,0,10,0,9,10,5,1,0,0,0
civil,22,36,12,17,7,10,8,11,4,12,13,7,7,4,5,4,6,3
rev,1,21,11,2,1,0,3,1,0,1,7,6,1,1,0,2,1,0
civil rights,9,23,4,1,2,1,0,2,0,6,11,4,1,2,1,0,2,0
obama,5,46,25,10,19,66,3,4,7,5,14,11,8,9,14,3,3,6
inflation,19,31,39,34,66,59,46,62,26,8,10,11,10,12,16,10,10,9
participates,31,16,36,10,24,29,16,15,6,6,6,8,4,8,5,4,3,1
presidential,15,18,4,25,20,76,27,17,7,9,8,4,11,8,12,11,8,7
gets,30,47,39,41,64,63,52,61,20,15,15,20,12,21,17,13,17,8
attends,69,45,38,39,56,54,82,45,21,7,7,8,6,7,11,11,6,4
signing,21,12,9,8,6,45,9,5,5,9,2,6,6,4,10,6,3,2
hole,1,1,1,2,2,0,0,32,2,1,1,1,2,2,0,0,9,2
statements,10,12,8,8,4,4,6,15,3,6,7,5,5,3,4,6,8,3
receives,12,18,13,21,42,25,34,11,9,3,5,7,7,6,5,7,5,4
emotional,11,10,9,10,16,12,33,17,3,6,8,7,6,7,7,9,7,2
keeps,12,6,13,19,14,19,18,14,2,7,4,8,7,8,7,10,7,2
pick,33,12,16,12,9,19,21,5,2,11,6,7,6,5,7,10,4,2
outbreak,9,7,5,3,195,50,63,32,4,4,4,3,1,15,14,12,10,2
ship,9,7,41,78,193,50,35,41,14,7,5,11,15,16,14,9,10,6
ebola,0,0,0,0,192,103,23,13,0,0,0,0,0,13,14,6,5,0
pope,20,5,22,231,67,71,15,12,0,7,4,8,17,13,7,5,5,0
shows,88,64,105,93,81,60,88,89,42,15,12,13,14,13,10,12,15,11
africa,158,140,142,195,187,224,191,166,77,7,8,6,10,11,11,8,8,7
pope leo,19,5,20,174,61,67,11,11,0,7,4,8,15,12,7,5,5,0
hantavirus,0,0,0,0,264,2,0,0,0,0,0,0,0,17,2,0,0,0
cruise,2,7,13,10,176,15,10,6,0,1,2,6,7,17,8,3,3,0
finds,21,26,34,32,19,20,18,17,6,7,10,9,9,10,4,7,7,4
mass,43,29,32,68,18,37,37,40,17,13,11,12,12,9,11,9,11,7
congo,8,6,18,9,68,45,21,12,2,2,3,2,2,11,9,5,5,2
passengers,3,2,10,6,65,10,5,10,6,3,2,7,4,14,5,4,5,6
poll,14,22,28,23,32,11,14,13,7,6,9,7,9,5,7,5,8,5
cruise ship,0,2,0,3,133,4,1,1,0,0,1,0,3,15,3,1,1,0
leo,19,10,20,180,62,68,13,11,0,7,4,8,15,12,7,6,5,0
hantavirus outbreak,0,0,0,0,71,0,0,0,0,0,0,0,0,14,0,0,0,0
americans,63,72,110,62,100,58,69,67,33,14,13,16,17,14,14,15,15,11
cdc,8,2,5,5,23,8,12,11,3,5,2,4,3,8,5,7,6,2
ebola outbreak,0,0,0,0,77,34,10,4,0,0,0,0,0,12,12,3,3,0
leo xiv,8,3,9,60,21,41,7,9,0,4,3,2,9,5,4,3,3,0
xiv,8,3,9,60,21,41,7,9,0,4,3,2,9,5,4,3,3,0
kenya,7,10,21,21,36,41,14,16,8,2,2,4,4,6,8,2,6,2
study,12,9,6,13,15,15,6,12,2,6,8,4,7,8,7,6,6,2
measles,12,10,3,5,1,2,7,11,5,4,5,3,5,1,2,7,7,4
bodycam,0,9,10,9,5,6,6,6,2,0,5,4,5,4,4,5,4,2
feud,13,10,4,25,7,10,11,6,2,7,7,3,10,5,6,6,4,2
aerial,11,8,6,3,7,3,20,19,5,4,3,5,3,3,3,4,5,3
leads,18,24,17,32,40,32,24,22,10,11,9,10,11,8,9,7,8,5
suspected,15,12,17,20,30,8,10,12,5,8,8,8,8,9,6,6,8,4
wildfire,7,2,0,6,14,13,155,120,5,3,2,0,4,8,6,12,11,3
california,64,43,51,98,94,152,21,42,7,14,13,14,17,14,16,10,13,6
wildfires,18,6,0,22,14,10,140,91,1,8,6,0,8,6,5,13,12,1
washington,75,65,51,76,75,60,92,116,11,12,12,13,17,13,12,14,14,6
firefighters,8,4,10,5,11,11,41,23,8,4,3,6,4,6,5,8,6,7
battle,30,35,32,28,43,35,95,74,23,12,12,12,13,14,12,11,13,10
chemical,4,4,7,7,55,0,4,2,0,2,3,5,6,10,0,3,1,0
blaze,6,0,4,2,4,12,33,14,5,4,0,3,2,2,3,5,3,3
southern,16,14,34,23,27,38,19,12,6,6,7,7,8,10,13,10,7,5
tank,5,3,10,2,43,4,1,2,3,5,3,7,2,10,3,1,2,3
burn,9,2,4,17,7,4,15,18,4,6,2,3,6,3,4,10,8,4
rage,8,2,5,7,1,4,12,16,2,5,2,4,7,1,4,8,8,2
tax,39,28,19,50,36,21,12,25,8,13,9,11,15,14,10,9,10,6
burns,2,11,10,3,12,7,26,16,2,2,6,3,2,8,3,10,5,1
newsom,30,16,24,12,12,27,4,7,4,11,8,11,6,7,10,4,2,3
evacuations,3,4,10,8,11,6,32,22,2,3,3,6,6,6,5,10,7,2
post,28,46,28,54,25,18,27,20,11,10,12,9,14,9,8,8,8,7
steve hilton,0,1,0,3,1,16,3,3,1,0,1,0,3,1,8,3,3,1
hilton,6,1,0,5,1,24,8,10,1,5,1,0,5,1,9,5,8,1
evacuated,2,2,6,23,22,4,30,28,5,2,2,5,10,10,4,7,8,3
flames,8,2,10,10,8,9,24,22,7,3,1,6,6,3,5,5,6,3
greece,11,8,6,9,5,5,12,36,3,5,5,3,5,3,2,7,8,1
homes,31,2,13,19,17,22,36,56,6,11,2,8,9,8,9,10,11,5
billionaire,31,16,9,17,11,18,8,20,5,4,6,2,4,5,6,3,7,2
york,147,69,63,52,53,131,142,62,35,13,14,13,14,12,14,15,11,9
mayor,164,35,36,15,44,49,37,24,22,16,12,10,9,13,13,13,8,10
storm,229,66,19,20,32,35,41,42,13,15,12,8,4,7,8,11,11,8
mamdani,108,52,33,48,36,52,81,27,37,13,14,11,9,10,16,16,8,13
knicks,0,2,1,0,9,145,1,0,0,0,1,1,0,3,16,1,0,0
zohran,48,15,16,18,11,9,18,3,8,11,6,9,7,3,7,8,2,4
zohran mamdani,48,15,16,17,11,9,18,3,8,11,6,9,6,3,7,8,2,4
city,104,50,56,33,41,93,72,38,30,12,14,14,14,13,14,14,12,10
heavy,38,29,28,12,26,27,44,32,13,8,11,9,4,7,9,8,8,8
game,28,39,20,26,28,95,12,13,18,9,13,12,11,12,15,7,8,9
york city,46,21,16,16,11,22,32,10,12,11,10,7,7,7,9,12,4,6
snow,90,50,5,6,2,3,1,0,0,12,13,5,4,2,3,1,0,0
nyc,74,37,48,30,30,55,91,18,47,13,14,10,12,10,15,16,9,14
nyc mayor,22,6,11,5,10,6,11,6,9,10,4,5,5,4,5,7,3,5
nba,2,6,5,8,13,120,7,4,6,2,4,3,4,4,15,6,3,4
winter storm,182,34,2,0,0,0,0,0,0,14,10,1,0,0,0,0,0,0
flights,27,22,33,17,22,20,11,10,9,9,7,10,6,8,7,5,6,5
nba finals,0,0,0,0,5,76,0,0,0,0,0,0,0,2,13,0,0,0
finals,1,0,4,0,10,81,11,1,1,1,0,3,0,4,14,3,1,1
frey,42,2,0,0,0,0,1,0,0,9,1,0,0,0,0,1,0,0
cancelled,5,11,12,2,9,4,6,4,2,4,3,5,2,2,3,5,3,2
rains,2,6,6,2,4,10,22,9,7,1,3,4,1,3,5,6,5,4
rain,15,17,27,7,9,19,51,30,18,9,5,8,4,6,5,9,9,6
dangerous,42,22,18,33,21,22,39,22,16,11,9,9,12,11,9,12,14,10
nuclear,51,218,139,153,211,174,131,89,29,17,18,17,18,16,17,17,11,6
north,46,40,69,64,42,62,55,79,19,11,11,11,13,9,13,11,15,8
north korea,20,20,35,30,25,43,9,42,9,5,6,6,6,6,8,3,13,3
korea,54,30,51,58,57,102,26,98,15,9,8,8,7,7,9,8,16,5
kim,23,30,51,29,20,45,12,46,9,8,7,6,9,7,9,5,13,4
power,172,114,129,131,131,109,123,138,72,16,16,17,18,16,17,18,15,12
daughter,7,15,24,19,19,11,13,19,8,6,8,9,11,8,7,8,11,6
kim jong,10,24,26,13,4,25,5,28,2,4,5,5,5,2,6,2,10,2
jong,10,24,27,13,4,25,5,29,2,4,5,5,5,2,6,2,10,2
plants,2,3,30,16,2,3,12,7,3,2,3,11,8,2,2,7,3,2
south korea,31,7,14,24,40,52,12,53,4,8,4,5,6,5,6,8,13,2
site,17,10,44,20,25,19,29,23,19,10,6,12,6,8,5,8,9,4
plant,10,7,25,24,38,18,20,26,9,4,5,10,8,8,5,5,8,4
weapon,10,10,12,19,22,26,18,15,12,5,7,6,10,10,6,5,5,3
uranium,1,5,19,44,60,13,13,5,1,1,3,8,11,9,5,5,4,1
program,13,36,20,30,25,21,11,12,3,10,11,10,10,11,8,6,9,3
visits,37,27,34,51,53,43,37,37,21,7,8,7,13,9,6,7,7,6
balance,103,101,121,101,89,81,83,54,17,3,3,3,6,4,5,4,3,4
grid,14,11,10,7,6,0,11,4,5,5,2,8,5,5,0,6,4,4
struggle,9,7,14,8,7,17,13,16,4,7,6,9,6,5,6,6,8,3
weapons,25,27,35,43,38,48,40,52,25,12,10,13,7,9,9,10,9,8
goes,54,48,48,47,53,60,43,36,25,13,14,15,13,12,15,16,16,11
key,48,76,57,64,105,98,95,90,65,15,13,14,11,11,11,14,14,12
issues,52,52,79,77,72,62,56,61,15,13,11,14,12,13,10,10,11,6
warning,111,63,142,156,132,125,91,100,58,15,13,14,14,12,13,11,13,14
message,49,43,41,40,58,48,37,35,25,13,12,10,10,8,8,6,10,5
sends,29,23,41,47,52,33,32,33,31,10,8,10,11,9,9,8,9,8
takeaways,8,14,14,12,9,11,11,8,5,3,5,6,4,6,5,4,2,3
ultimatum,23,17,36,35,12,11,12,20,4,6,7,9,7,3,3,4,6,3
strong,29,24,34,21,33,36,34,34,22,8,8,11,6,7,10,8,9,9
moments,21,22,14,17,26,22,19,22,17,8,10,8,6,9,10,6,10,8
urgent,9,9,16,11,13,7,16,18,2,2,3,6,5,7,5,4,6,1
halftime,0,42,0,1,3,0,1,1,0,0,11,0,1,3,0,1,1,0
bad,13,86,14,26,20,24,14,14,6,9,18,8,9,13,13,12,9,6
bad bunny,3,64,0,1,1,5,1,0,0,3,13,0,1,1,3,1,0,0
bunny,3,64,0,3,1,5,1,1,0,3,13,0,3,1,3,1,1,0
super bowl,13,124,1,1,0,0,2,0,0,7,16,1,1,0,0,2,0,0
super,18,127,9,8,12,7,12,6,2,10,16,6,6,7,5,7,5,2
bowl,16,126,10,1,1,0,2,0,0,7,16,8,1,1,0,2,0,0
wedding,22,6,4,8,8,21,47,5,27,8,2,4,4,5,8,10,3,11
ryan,24,9,5,18,8,9,11,2,1,11,6,3,6,4,5,7,2,1
taylor swift,4,0,3,8,1,23,41,5,1,3,0,2,6,1,8,11,5,1
swift,7,2,5,11,2,27,43,6,1,4,2,4,7,2,10,11,5,1
taylor,8,19,29,34,11,29,66,18,2,5,8,11,12,6,13,14,9,2
dies,46,36,32,14,48,25,46,62,13,12,11,11,6,9,10,14,12,7
age,8,32,7,15,16,14,10,10,1,6,15,6,8,10,5,6,7,1
actor,36,30,19,13,23,26,17,14,4,8,7,7,9,8,8,7,5,1
star,31,29,21,15,30,19,31,20,6,11,13,9,9,10,10,13,10,6
marjorie,3,4,15,16,4,2,1,4,1,3,4,9,8,2,2,1,3,1
greene,4,4,16,16,5,2,1,4,1,4,4,9,8,3,2,1,3,1
taylor greene,2,4,15,16,4,2,1,3,1,2,4,9,8,2,2,1,2,1
marjorie taylor,3,4,15,16,4,2,1,3,1,3,4,9,8,2,2,1,2,1
bezos,4,2,2,3,11,6,4,2,3,3,2,2,1,6,5,2,2,2
jeff,4,2,6,2,10,9,4,3,4,3,2,4,2,6,6,3,3,3
biden,3,14,18,9,50,26,25,17,14,2,9,9,7,13,10,10,9,8
joe,6,7,64,12,23,11,13,27,8,4,5,17,5,12,6,10,9,5
bombshell,16,23,23,30,23,29,17,24,15,5,5,2,5,7,6,4,8,4
drops,36,37,32,61,38,40,55,31,15,16,8,8,13,12,12,14,11,6
brothers,11,16,8,0,6,5,22,5,5,5,9,5,0,5,5,10,4,3
tate,20,7,2,1,1,8,44,13,1,2,2,1,1,1,4,14,6,1
cameras,2,12,3,6,4,3,11,30,3,2,7,2,3,3,3,8,12,2
flock,4,2,1,1,6,1,14,48,5,3,2,1,1,4,1,9,13,2
camp,21,7,6,8,15,24,37,15,9,7,5,3,5,8,8,10,8,5
david,10,15,14,26,27,37,46,28,7,6,9,9,13,14,13,12,13,6
cancer,9,25,28,22,22,24,18,41,11,6,11,10,12,10,10,9,13,6
treatment,11,8,6,17,20,9,4,14,3,7,5,4,8,10,5,3,8,3
chuck,5,6,17,4,3,1,9,8,1,4,6,7,3,3,1,4,5,1
schumer,18,16,15,7,3,3,15,5,0,7,7,8,5,3,2,4,4,0
colbert,0,15,3,1,12,2,0,0,0,0,6,2,1,6,2,0,0,0
stephen,13,18,18,13,15,8,8,6,5,6,6,8,3,9,3,6,3,4
debt,7,15,7,8,21,11,6,44,13,6,7,5,7,9,6,4,11,6
trillion,14,5,11,10,23,14,10,28,6,7,5,8,5,7,6,5,15,6
exclusive,24,27,31,46,39,21,33,24,16,10,6,10,8,10,9,15,11,10
interview,53,67,63,58,60,72,57,54,15,17,16,18,19,14,16,16,19,6
hall,25,7,5,5,16,20,8,7,1,11,4,5,4,10,9,5,5,1
town,30,14,5,16,7,10,14,12,8,11,8,3,9,6,6,8,9,6
images,18,18,9,21,12,6,6,11,8,10,9,3,8,7,3,5,6,5
satellite,10,11,16,11,12,9,7,12,8,3,5,6,4,5,4,4,6,4
indian,102,148,96,98,150,190,129,95,23,4,7,8,8,7,4,6,5,3
ocean,3,4,25,15,12,6,7,2,2,2,2,7,6,8,5,6,2,2
insider,5,5,7,20,7,5,9,12,5,4,4,5,8,4,5,7,4,4
trading,14,7,13,15,10,18,17,5,5,8,5,7,9,6,8,7,4,4
matt,10,2,12,6,5,5,10,7,0,8,2,4,4,4,5,8,5,0
walsh,4,2,12,2,1,2,1,4,0,3,2,4,2,1,2,1,3,0
partnership,12,16,6,10,19,11,15,10,5,7,3,5,5,6,7,4,5,3
strategic,23,34,24,24,33,24,22,18,15,6,5,8,9,7,6,7,4,6
redistricting,1,2,2,37,57,5,0,3,1,1,2,2,10,10,4,0,2,1
virginia,14,34,5,60,23,7,10,12,2,7,13,4,12,8,4,7,7,2
went,6,9,15,14,11,11,30,18,3,5,6,8,10,7,7,13,13,3
wrong,22,12,13,8,18,20,22,19,7,11,8,10,7,11,10,12,14,5
