creator,channel_name,platform,lane,organisation,clipper,subscribers,n_videos,n_streams,low_n_videos,low_n_streams,note,status
@60minutes,60 Minutes,youtube,us_legacy_tv,CBS News,False,4170000.0,325,0,False,True,,proposed
@ABCNews,ABC News,youtube,us_legacy_tv,ABC News,False,19800000.0,7971,590,False,False,,proposed
@ANINewsIndia,ANI News,youtube,wire_international,ANI,False,9760000.0,12279,7579,False,False,India,proposed
@ActualJusticeWarrior,Actual Justice Warrior,youtube,right_commentary,Actual Justice Warrior,False,517000.0,392,1,False,True,,proposed
@AfterPartyEmily,After Party with Emily Jashinsky,youtube,right_commentary,Emily Jashinsky,False,145000.0,410,74,False,False,right-populist; formerly Breaking Points,proposed
@AlexStein99,Alex Stein,youtube,humour_satire,Alex Stein,False,369000.0,87,41,False,True,"prank comedian, right",proposed
@AnaEscobarShow,Ana Escobar,youtube,right_commentary,Ana Escobar,False,9440.0,32,31,True,True,,proposed
@AndWeKnowOfficial-o9b,And We Know Official,youtube,right_commentary,And We Know,False,16100.0,185,0,False,True,conspiracy,proposed
@AndrewKlavan,Andrew Klavan,youtube,right_commentary,Daily Wire,False,813000.0,196,3,False,True,,proposed
@AnthonyBrianLogan,Anthony Brian Logan,youtube,right_commentary,Anthony Brian Logan,False,1080000.0,248,52,False,False,,proposed
@AsmonTV,Asmongold TV,youtube,streamer_reaction,Asmongold,True,4690000.0,875,0,False,True,run by Daily Dose of Asmongold / CatDany per description; gaming + politics reaction,proposed
@AssociatedPress,Associated Press,youtube,wire_international,Associated Press,False,4650000.0,5572,1151,False,False,,proposed
@BBCNews,BBC News,youtube,wire_international,BBC,False,20100000.0,2440,0,False,True,,proposed
@BadEmpanadaLive,BadEmpanada Live,youtube,streamer_reaction,BadEmpanada,False,100000.0,298,1,False,True,,proposed
@BadFaithPodcast,Bad Faith,youtube,interview_podcast,Bad Faith,False,187000.0,81,1,False,True,left,proposed
@BelleRanch,Belle of the Ranch,youtube,left_commentary,Belle of the Ranch,False,877000.0,822,0,False,True,,proposed
@BenShapiro,Ben Shapiro,youtube,right_commentary,Daily Wire,False,6980000.0,525,17,False,True,,proposed
@BlackConservativePerspective,Black Conservative Perspective,youtube,right_commentary,Black Conservative Perspective,False,1000000.0,1271,1,False,True,,proposed
@BlaireWhiteX,Blaire White,youtube,right_commentary,Blaire White,False,1540000.0,11,0,True,True,culture,proposed
@BlazeTV,BlazeTV,youtube,right_commentary,Blaze Media,False,2230000.0,868,14,False,True,,proposed
@BreakThroughNews,BreakThrough News,youtube,independent_digital_news,BreakThrough News,False,1080000.0,242,57,False,False,left,proposed
@BrittanyVenti,Brittany Venti,youtube,right_commentary,Brittany Venti,False,241000.0,55,19,False,True,culture,proposed
@CBSNews,CBS News,youtube,us_legacy_tv,CBS News,False,7080000.0,8322,368,False,False,,proposed
@CNN,CNN,youtube,us_legacy_tv,CNN,False,19800000.0,1757,94,False,False,,proposed
@CamHigby,Cam Higby,youtube,right_commentary,Cam Higby,False,280000.0,186,59,False,False,debates,proposed
@CashJordan,Cash Jordan,youtube,right_commentary,Cash Jordan,False,1750000.0,299,0,False,True,,proposed
@CaspianReport,CaspianReport,youtube,explainer_geopolitics,CaspianReport,False,1850000.0,25,0,True,True,,proposed
@ChadPrather1,Chad Prather,youtube,right_commentary,Chad Prather,False,496000.0,160,201,False,False,faith + humour,proposed
@Channel5YouTube,Channel 5 with Andrew Callaghan,youtube,independent_digital_news,Channel 5,False,3700000.0,43,0,True,True,documentary journalism,proposed
@ClipsCandaceOwens,Candace Clips,youtube,right_commentary,Candace Owens,True,161000.0,192,0,False,True,official clips channel,proposed
@ClubRandomPodcast,Club Random Podcast,youtube,interview_podcast,Bill Maher,False,890000.0,197,0,False,True,,proposed
@ColeHastings,Cole Hastings,youtube,centrist_heterodox,Cole Hastings,False,879000.0,32,0,True,True,,proposed
@ColemanHughesOfficial,Coleman Hughes,youtube,interview_podcast,Coleman Hughes,False,265000.0,54,0,False,True,centrist,proposed
@CoreyGilShusterAskProject,Corey Gil-Shuster,youtube,explainer_geopolitics,Ask Project,False,374000.0,53,2,False,True,vox-pop interviews Israel/Palestine,proposed
@DailyDenims,Daily Denims,youtube,streamer_reaction,Denims,True,11400.0,215,0,False,True,unofficial fan-run channel per description,proposed
@DannyHaiphongYT,Danny Haiphong,youtube,left_commentary,Danny Haiphong,False,683000.0,64,227,False,False,geopolitics streams,proposed
@DarkHorsePod,Bret Weinstein,youtube,centrist_heterodox,DarkHorse,False,551000.0,70,38,False,True,,proposed
@DemocracyDocket,Democracy Docket,youtube,legal_institutional,Democracy Docket,False,793000.0,129,4,False,True,,proposed
@DemocracyNow,Democracy Now!,youtube,independent_digital_news,Democracy Now!,False,3390000.0,814,1,False,True,,proposed
@DestinyDGGClips,Destiny DGG Clips,youtube,streamer_reaction,Destiny,True,11800.0,209,0,False,True,fan channel,proposed
@DoubleDownNews,Double Down News,youtube,independent_digital_news,Double Down News,False,1200000.0,66,0,False,True,UK left,proposed
@DrSteveTurleyTV,Dr. Steve Turley,youtube,right_commentary,Steve Turley,False,1670000.0,442,31,False,True,,proposed
@DropSiteNews,Drop Site News,youtube,independent_digital_news,Drop Site,False,219000.0,204,43,False,True,,proposed
@DueDissidence,Due Dissidence,youtube,left_commentary,Due Dissidence,False,134000.0,643,112,False,False,,proposed
@DylanBurnsLIVE,DylanBurnsLIVE,youtube,streamer_reaction,Dylan Burns,False,45200.0,190,3,False,True,left; Ukraine,proposed
@EzraKleinShow,The Ezra Klein Show,youtube,interview_podcast,New York Times,False,560000.0,65,1,False,True,NYT Opinion podcast,proposed
@FarronBalanced,Farron Balanced,youtube,left_commentary,Farron Balanced,False,1160000.0,1780,188,False,False,,proposed
@FinancialTimes,Financial Times,youtube,wire_international,Financial Times,False,1450000.0,40,0,True,True,UK press,proposed
@Firstpost,Firstpost,youtube,wire_international,Network18,False,9720000.0,10126,8975,False,False,India,proposed
@FleccasTalks,Fleccas Talks,youtube,right_commentary,Fleccas Talks,False,922000.0,290,0,False,True,,proposed
@Forbes,Forbes,youtube,us_press_print_digital,Forbes,False,2180000.0,1256,3,False,True,business,proposed
@Forthepeoplepodcast305,Niko House,youtube,left_commentary,Niko House,False,54600.0,115,45,False,True,,proposed
@FoxNews,Fox News,youtube,us_legacy_tv,Fox News,False,15500000.0,8210,645,False,False,,proposed
@FoxNewsChannelClips,Fox News Clips,youtube,us_legacy_tv,Fox News,True,846000.0,5748,0,False,True,clips channel,proposed
@FreshFitMiami,FreshandFit,youtube,right_commentary,Fresh & Fit,False,1590000.0,111,75,False,False,manosphere,proposed
@GeopoliticalEconomyReport,Geopolitical Economy Report,youtube,independent_digital_news,Geopolitical Economy Report,False,760000.0,72,0,False,True,anti-imperialist analysis,proposed
@GlennKirschner2,Glenn Kirschner,youtube,legal_institutional,Glenn Kirschner,False,1260000.0,262,0,False,True,,proposed
@GrahamAllen,Graham Allen,youtube,right_commentary,Graham Allen,False,192000.0,247,0,False,True,,proposed
@HangOutwithSeanHannity,Hang Out with Sean Hannity,youtube,interview_podcast,Sean Hannity,False,178000.0,154,0,False,True,right,proposed
@HasanAbi,HasanAbi,youtube,streamer_reaction,HasanAbi,False,1950000.0,628,7,False,True,,proposed
@HasanAbiVODs3,HasanAbi VODs,youtube,streamer_reaction,HasanAbi,True,10900.0,181,0,False,True,official VOD channel; date-stamped titles written by the VOD team,proposed
@HasanReactionsfanTwo,Hasan Reactions,youtube,streamer_reaction,HasanAbi,True,254000.0,340,0,False,True,fan channel,proposed
@HasanabiClips,Hasanabi Clips,youtube,streamer_reaction,HasanAbi,True,112000.0,474,32,False,True,fan channel,proposed
@JackCocchiarellaShow,Jack Cocchiarella,youtube,left_commentary,Jack Cocchiarella,False,1610000.0,1524,21,False,True,,proposed
@JacksonHinkleOfficial,Jackson Hinkle Official,youtube,right_commentary,Jackson Hinkle,False,171000.0,388,81,False,False,'MAGA communist'; streams + uploads,proposed
@JamarlThomas,Jamarl Thomas,youtube,left_commentary,Jamarl Thomas,False,77900.0,274,223,False,False,,proposed
@JesseKellyDC,Jesse Kelly,youtube,right_commentary,Jesse Kelly,False,122000.0,504,1,False,True,,proposed
@JillianMichaels,Jillian Michaels,youtube,interview_podcast,Jillian Michaels,False,764000.0,457,0,False,True,right-leaning,proposed
@JustPearlyThings,Pearl,youtube,right_commentary,Pearl,False,2060000.0,669,96,False,False,manosphere / gender,proposed
@KimIversen,Kim Iversen,youtube,centrist_heterodox,Kim Iversen,False,806000.0,534,1,False,True,populist-heterodox,proposed
@LIVESNEAKO,LIVE SNEAKO,youtube,streamer_reaction,SNEAKO,False,1010000.0,479,69,False,False,,proposed
@LastWeekTonight,LastWeekTonight,youtube,humour_satire,HBO,False,10200000.0,35,0,True,True,,proposed
@LeejaMiller,Leeja Miller,youtube,legal_institutional,Leeja Miller,False,708000.0,60,1,False,True,"lawyer explainer, left",proposed
@LegalAFMTN,Legal AF,youtube,legal_institutional,MeidasTouch Network,False,1230000.0,2735,45,False,True,,proposed
@LegalEagle,LegalEagle,youtube,legal_institutional,LegalEagle,False,3950000.0,105,0,False,True,,proposed
@LeverNews,The Lever,youtube,independent_digital_news,The Lever,False,74700.0,73,9,False,True,,proposed
@LiberalHivemind,Liberal Hivemind,youtube,right_commentary,Liberal Hivemind,False,1750000.0,846,0,False,True,,proposed
@LukeBeasley,Luke Beasley,youtube,left_commentary,Luke Beasley,False,1580000.0,1162,246,False,False,,proposed
@Lunaoi,Luna oi!,youtube,left_commentary,Luna Oi,False,140000.0,9,0,True,True,,proposed
@MLChristiansen,Matt Christiansen,youtube,right_commentary,Matt Christiansen,False,251000.0,118,77,False,False,,proposed
@MarkDice,Mark Dice,youtube,right_commentary,Mark Dice,False,1900000.0,92,0,False,True,,proposed
@MattBernstein1,matt bernstein,youtube,left_commentary,Matt Bernstein,False,451000.0,21,0,True,True,culture,proposed
@MattWalsh,Matt Walsh,youtube,right_commentary,Daily Wire,False,3460000.0,297,2,False,True,,proposed
@MegynKelly,Megyn Kelly,youtube,right_commentary,Megyn Kelly,False,4150000.0,1651,13,False,True,interview-heavy show; titles are news commentary,proposed
@MeidasTouch,MeidasTouch,youtube,left_commentary,MeidasTouch Network,False,6470000.0,3532,627,False,False,self-described news network; titles are commentary,proposed
@MichaelKnowles,Michael Knowles,youtube,right_commentary,Daily Wire,False,2610000.0,472,4,False,True,,proposed
@MichaelMaliceofficial,Michael Malice,youtube,interview_podcast,Michael Malice,False,241000.0,55,3,False,True,anarchist,proposed
@MikeFromPA,Mike From PA,youtube,streamer_reaction,Mike from PA,False,31900.0,129,0,False,True,left; Twitch,proposed
@ModernDayDebate,Modern-Day Debate,youtube,streamer_reaction,Modern-Day Debate,False,282000.0,46,109,True,False,debate platform,proposed
@MrReaganUSA,Mr Reagan,youtube,right_commentary,Mr Reagan,False,440000.0,26,2,True,True,satire series MAGA-MAN,proposed
@MrTariqNasheed,Tariq Radio,youtube,left_commentary,Tariq Nasheed,False,281000.0,403,19,False,True,FBA; not classic left,proposed
@MyronGainesX,MyronGainesX,youtube,right_commentary,Myron Gaines,False,569000.0,389,245,False,False,streams,proposed
@NBCNews,NBC News,youtube,us_legacy_tv,NBC News,False,12100000.0,6499,367,False,False,,proposed
@NPR,NPR,youtube,us_press_print_digital,NPR,False,874000.0,70,1,False,True,,proposed
@NYTOpinion,New York Times Opinion,youtube,us_press_print_digital,New York Times,False,184000.0,29,0,True,True,,proposed
@NYTPodcasts,New York Times Podcasts,youtube,us_press_print_digital,New York Times,False,523000.0,481,0,False,True,,proposed
@NewsNation,NewsNation,youtube,us_legacy_tv,NewsNation,False,2760000.0,7372,302,False,False,,proposed
@NewsmaxTV,Newsmax,youtube,right_tv_network,Newsmax,False,2590000.0,3944,399,False,False,,proposed
@NickCruseRBN,Nick Cruse,youtube,left_commentary,Revolutionary Blackout Network,False,10400.0,23,103,True,False,,proposed
@NickShirley,Nick Shirley,youtube,right_commentary,Nick Shirley,False,2000000.0,32,13,True,True,IRL confrontation videos,proposed
@NovaraMedia,Novara Media,youtube,independent_digital_news,Novara Media,False,1320000.0,585,4,False,True,UK left,proposed
@OfficialFlagrant,FLAGRANT,youtube,humour_satire,Flagrant,False,1990000.0,35,0,True,True,comedy podcast,proposed
@OfficialSaharTV,SaharTV,youtube,right_commentary,Sahar TV,False,785000.0,893,2,False,True,"religion debates, UK",proposed
@OutKick,OutKick,youtube,right_commentary,Fox Corporation,False,1740000.0,51,0,False,True,sports & culture (Fox-owned),proposed
@OwenJonesTalks,Owen Jones,youtube,left_commentary,Owen Jones,False,881000.0,233,0,False,True,UK,proposed
@OwenReport,Owen Report,youtube,right_commentary,Owen Shroyer,False,72100.0,388,178,False,False,,proposed
@PBDPodcast,PBD Podcast,youtube,interview_podcast,Valuetainment,False,2970000.0,38,118,True,False,right-leaning,proposed
@POLITICO,POLITICO,youtube,us_press_print_digital,Politico,False,225000.0,295,0,False,True,,proposed
@PTLRadioShow,Pushing The Limits,youtube,left_commentary,Pushing the Limits,False,212000.0,1684,201,False,False,streams,proposed
@PartOfTheProblem,Dave Smith,youtube,right_commentary,Dave Smith,False,521000.0,103,0,False,True,libertarian / anti-war,proposed
@PerunAU,Perun,youtube,explainer_geopolitics,Perun,False,641000.0,37,0,True,True,defence economics,proposed
@PhillipScottPodcast,Phillip Scott Podcast,youtube,left_commentary,Phillip Scott,False,202000.0,7,153,True,False,streams only,proposed
@PiersMorganUncensored,Piers Morgan Uncensored,youtube,interview_podcast,Piers Morgan,False,4460000.0,181,0,False,True,debate / interview show,proposed
@PiscoLitty,Pisco,youtube,streamer_reaction,Pisco,False,30100.0,56,0,False,True,"lawyer / debate streamer, left",proposed
@Politicon,Politicon,youtube,interview_podcast,Politicon,False,485000.0,496,1,False,True,,proposed
@PoliticsGirl,PoliticsGirl,youtube,left_commentary,PoliticsGirl,False,505000.0,116,0,False,True,,proposed
@PoliticsJOE,PoliticsJOE,youtube,independent_digital_news,PoliticsJOE,False,772000.0,339,0,False,True,UK,proposed
@PragerU,PragerU,youtube,right_commentary,PragerU,False,3470000.0,385,31,False,True,educational format,proposed
@PrisonPlanetLive,Paul Joseph Watson,youtube,right_commentary,Paul Joseph Watson,False,2090000.0,46,0,True,True,,proposed
@RSBN,Right Side Broadcasting Network,youtube,right_tv_network,RSBN,False,2080000.0,1640,337,False,False,,proposed
@RealAlexClark,Real Alex Clark,youtube,right_commentary,Turning Point USA,False,822000.0,79,0,False,True,Culture Apothecary (TPUSA); wellness/culture,proposed
@RealAmericasVoice,Real America's Voice,youtube,right_tv_network,Real America's Voice,False,323000.0,2653,1543,False,False,,proposed
@RealDanBongino,Dan Bongino,youtube,right_commentary,Dan Bongino,False,1010000.0,266,0,False,True,,proposed
@RebelHQ,Rebel HQ,youtube,left_commentary,TYT Network,False,1530000.0,1292,0,False,True,TYT Network channel,proposed
@RebelNewsOnline,Rebel News,youtube,independent_digital_news,Rebel News,False,1970000.0,1358,195,False,False,"Canadian, right",proposed
@RedactedNews,Redacted,youtube,independent_digital_news,Redacted,False,2880000.0,452,140,False,False,populist; right-leaning,proposed
@RekietaLaw,Rekieta Law,youtube,legal_institutional,Rekieta Law,False,402000.0,18,106,True,False,,proposed
@RestPoliticsUS,The Rest Is Politics US,youtube,centrist_heterodox,The Rest Is Politics US,False,409000.0,220,5,False,True,,proposed
@Reuters,Reuters,youtube,wire_international,Reuters,False,4310000.0,8076,2008,False,False,,proposed
@RileyGaines,Riley Gaines,youtube,right_commentary,Riley Gaines,False,70300.0,143,0,False,True,,proposed
@RobertGouveiaEsq,Robert Gouveia Esq.,youtube,legal_institutional,Robert Gouveia,False,610000.0,696,385,False,False,right,proposed
@RonPlacone,Ron Placone,youtube,humour_satire,Ron Placone,False,25900.0,66,28,False,True,comedian,proposed
@RubinReport,The Rubin Report,youtube,right_commentary,Rubin Report,False,3230000.0,1047,114,False,False,,proposed
@RufoandLomez,Rufo & Lomez,youtube,right_commentary,Rufo & Lomez,False,16300.0,80,0,False,True,,proposed
@SMN,Some More News,youtube,humour_satire,Some More News,False,943000.0,197,8,False,True,,proposed
@SNEAKO,SNEAKO,youtube,streamer_reaction,SNEAKO,False,1330000.0,5,0,True,True,"main channel, 5 uploads",proposed
@SabbySabs,Sabby Sabs,youtube,left_commentary,Sabby Sabs,False,424000.0,626,103,False,False,,proposed
@SaltyCracker,Salty Cracker,youtube,streamer_reaction,Salty Cracker,False,906000.0,387,0,False,True,right; reaction livestreams,proposed
@SavSays,Sav Says,youtube,right_commentary,Sav Says,False,144000.0,16,1,True,True,,proposed
@SecondThought,Second Thought,youtube,left_commentary,Second Thought,False,1920000.0,20,0,True,True,socialist explainer videos,proposed
@SecularTalk,Secular Talk,youtube,left_commentary,Kyle Kulinski,False,2290000.0,1458,1,False,True,,proposed
@Semafor,Semafor,youtube,us_press_print_digital,Semafor,False,33300.0,153,30,False,True,,proposed
@Shoe0nHead,Shoe0nHead,youtube,centrist_heterodox,Shoe0nHead,False,2520000.0,10,0,True,True,anti-woke left,proposed
@SkyNews,Sky News,youtube,wire_international,Sky News,False,9360000.0,3677,1968,False,False,UK,proposed
@StatusCoup,Status Coup News,youtube,independent_digital_news,Status Coup,False,737000.0,517,157,False,False,left,proposed
@StevenCrowder,StevenCrowder,youtube,right_commentary,Louder with Crowder,False,5910000.0,169,8,False,True,,proposed
@StosselTV,John Stossel,youtube,right_commentary,John Stossel,False,1170000.0,50,0,False,True,libertarian,proposed
@Styxhexenhammer666,Styxhexenhammer666,youtube,right_commentary,Styxhexenhammer,False,484000.0,446,27,False,True,libertarian,proposed
@SydneyWatson,Sydney Watson,youtube,right_commentary,Sydney Watson,False,1170000.0,61,0,False,True,culture,proposed
@TechCrunch,TechCrunch,youtube,us_press_print_digital,TechCrunch,False,675000.0,145,0,False,True,tech,proposed
@TheAdamCarollaShow1,Adam Carolla,youtube,interview_podcast,Adam Carolla,False,685000.0,395,0,False,True,comedy; right-leaning,proposed
@TheAmalaEkpunobi,Amala Ekpunobi,youtube,right_commentary,Amala Ekpunobi,False,2500000.0,211,12,False,True,culture; formerly PragerU,proposed
@TheAtlantic,The Atlantic,youtube,us_press_print_digital,The Atlantic,False,969000.0,166,5,False,True,,proposed
@TheBrianKilmeadeShow,Brian Kilmeade,youtube,right_commentary,Fox News,False,17100.0,352,2,False,True,Fox News Radio show,proposed
@TheDailyBeast,The Daily Beast,youtube,us_press_print_digital,Daily Beast,False,727000.0,322,34,False,True,,proposed
@TheDamageReport,The Damage Report,youtube,left_commentary,TYT Network,False,1370000.0,3204,271,False,False,cross-posts with TYT,proposed
@TheDonLemonShow,Don Lemon,youtube,left_commentary,Don Lemon,False,1450000.0,366,400,False,False,,proposed
@TheEconomist,The Economist,youtube,wire_international,The Economist,False,4150000.0,137,0,False,True,UK press,proposed
@TheHumanistReport,The Humanist Report,youtube,left_commentary,Humanist Report,False,790000.0,154,35,False,True,,proposed
@TheJoyReidShow,The Joy Reid Show,youtube,left_commentary,Joy Reid,False,503000.0,238,140,False,False,,proposed
@TheLincolnProject,The Lincoln Project,youtube,centrist_heterodox,Lincoln Project,False,1620000.0,123,28,False,True,never-Trump right,proposed
@TheMajorityReport,The Majority Report w/ Sam Seder,youtube,left_commentary,Majority Report,False,2090000.0,1657,195,False,False,,proposed
@TheMichaelCohenShow,Michael Cohen,youtube,left_commentary,MeidasTouch Network,False,472000.0,479,0,False,True,Mea Culpa / Michael Cohen Show (MeidasTouch network),proposed
@TheOfficerTatum,The Officer Tatum,youtube,right_commentary,Officer Tatum,False,3840000.0,617,194,False,False,,proposed
@ThePodcastoftheLotusEaters,The Podcast of the Lotus Eaters,youtube,right_commentary,Lotus Eaters,False,600000.0,622,179,False,False,UK,proposed
@TheQuartering,TheQuartering,youtube,right_commentary,TheQuartering,False,2190000.0,675,0,False,True,,proposed
@TheRealTabithaSpeaks,TabithaSpeaksPolitics,youtube,left_commentary,Tabitha Speaks,False,458000.0,452,4,False,True,,proposed
@TheSerfTimes,The Serf Times,youtube,streamer_reaction,Serf Times,False,115000.0,247,103,False,False,"internet-culture commentary, left",proposed
@TheVaushPit,The Vaush Pit,youtube,streamer_reaction,Vaush,True,222000.0,403,0,False,True,"second channel, editor-titled",proposed
@TheYoungTurks,The Young Turks,youtube,left_commentary,TYT Network,False,6720000.0,2868,428,False,False,cross-posts with The Damage Report,proposed
@The_Crucible,The Crucible,youtube,streamer_reaction,The Crucible,False,383000.0,226,5,False,True,"debate streamer, right",proposed
@TimDillonShow,The Tim Dillon Show,youtube,humour_satire,Tim Dillon,False,1280000.0,68,0,False,True,comedian podcast,proposed
@Tim_Black,Tim Black TV,youtube,left_commentary,Tim Black,False,218000.0,329,16,False,True,,proposed
@Timcast,Tim Pool,youtube,right_commentary,Timcast,False,1460000.0,183,6,False,True,,proposed
@TimcastIRL,Timcast IRL,youtube,right_commentary,Timcast,False,2780000.0,855,154,False,False,,proposed
@TimcastNews,Timcast,youtube,right_commentary,Timcast,False,2120000.0,534,8,False,True,,proposed
@TimesNowWorld,Times Now World,youtube,wire_international,Times Group,False,1290000.0,8994,3006,False,False,India,proposed
@TomiLahrenIsFearless,Tomi Lahren Is Fearless,youtube,right_commentary,Tomi Lahren,False,105000.0,118,0,False,True,,proposed
@TuckerCarlson,Tucker Carlson,youtube,interview_podcast,Tucker Carlson Network,False,5750000.0,119,0,False,True,right; mostly long-form interviews,proposed
@USATODAY,USA TODAY,youtube,us_press_print_digital,USA Today,False,7560000.0,2221,417,False,False,,proposed
@UnHerd,UnHerd,youtube,centrist_heterodox,UnHerd,False,544000.0,83,17,False,True,UK; interviews,proposed
@Unpacked,Unpacked,youtube,explainer_geopolitics,Unpacked,False,536000.0,41,0,True,True,Israel-focused explainers,proposed
@Vaush,Vaush,youtube,streamer_reaction,Vaush,False,603000.0,453,1,False,True,,proposed
@VivaFrei,Viva Frei,youtube,legal_institutional,Viva Frei,False,653000.0,331,52,False,False,right,proposed
@Vox,Vox,youtube,us_press_print_digital,Vox,False,12700000.0,133,0,False,True,,proposed
@X22Report-y5y,X22Report,youtube,right_commentary,X22 Report,False,887000.0,395,0,False,True,conspiracy,proposed
@XAVIAER,"Respectfully, Xaviaer",youtube,right_commentary,PragerU,False,195000.0,71,3,False,True,'a series from PragerU' per description,proposed
@Xanderhal,Xanderhal,youtube,streamer_reaction,Xanderhal,False,114000.0,316,108,False,False,left,proposed
@YaBoiHakim,Hakim,youtube,left_commentary,Hakim,False,377000.0,16,0,True,True,Marxist explainer,proposed
@ZeihanonGeopolitics,Zeihan on Geopolitics,youtube,explainer_geopolitics,Peter Zeihan,False,969000.0,217,0,False,True,,proposed
@ZubyMusic,Zuby,youtube,interview_podcast,Zuby,False,282000.0,139,0,False,True,right-leaning,proposed
@aaronparnas1,Aaron Parnas,youtube,left_commentary,Aaron Parnas,False,826000.0,819,10,False,True,,proposed
@adammockler,Adam Mockler,youtube,left_commentary,Adam Mockler,False,2220000.0,1117,2,False,True,,proposed
@ajplus,AJ+,youtube,wire_international,Al Jazeera,False,2530000.0,50,0,False,True,,proposed
@aljazeeraenglish,Al Jazeera English,youtube,wire_international,Al Jazeera,False,18200000.0,7000,0,False,True,,proposed
@axios,Axios,youtube,us_press_print_digital,Axios,False,114000.0,137,7,False,True,,proposed
@bbrettcooper,Brett Cooper,youtube,right_commentary,Brett Cooper,False,1700000.0,143,0,False,True,culture,proposed
@bennyjohnson,Benny Johnson,youtube,right_commentary,Benny Johnson,False,6100000.0,1508,168,False,False,TPUSA contributor,proposed
@breakingpoints,Breaking Points,youtube,independent_digital_news,Breaking Points,False,2100000.0,1037,4,False,True,,proposed
@briantylercohen,Brian Tyler Cohen,youtube,left_commentary,Brian Tyler Cohen,False,5260000.0,1081,10,False,True,,proposed
@bulwarkmedia,The Bulwark,youtube,centrist_heterodox,The Bulwark,False,1760000.0,1826,228,False,False,never-Trump right,proposed
@bushrakhanum,Bushra Khanum,youtube,wire_international,Network18,False,59700.0,22,0,True,True,Network18 anchor's own channel,proposed
@cafedotcom,Stay Tuned with Preet Bharara,youtube,legal_institutional,CAFE,False,61400.0,54,0,False,True,Preet Bharara,proposed
@chicksonright,Chicks on the Right,youtube,right_commentary,Chicks on the Right,False,191000.0,475,179,False,False,,proposed
@chinainsights-r2w,China Insights,youtube,independent_digital_news,China Insights,False,350000.0,278,0,False,True,anti-CCP China news,proposed
@chriscuomo,The Chris Cuomo Project,youtube,centrist_heterodox,Chris Cuomo,False,652000.0,208,8,False,True,"NewsNation host, own channel",proposed
@clayandbuck,The Clay Travis & Buck Sexton Show,youtube,right_commentary,Clay & Buck,False,150000.0,581,42,False,True,radio,proposed
@deanwithrs,Dean Withers,youtube,streamer_reaction,Dean Withers,False,938000.0,265,266,False,False,"debate streamer, left",proposed
@destiny,Destiny,youtube,streamer_reaction,Destiny,False,878000.0,267,0,False,True,,proposed
@destinyhqclips,destinyhqclips,youtube,streamer_reaction,Destiny,True,10500.0,197,0,False,True,fan channel,proposed
@dineshdsouza,Dinesh D'Souza,youtube,right_commentary,Dinesh D'Souza,False,810000.0,92,2,False,True,,proposed
@dollemore,Jesse Dollemore,youtube,left_commentary,Jesse Dollemore,False,1300000.0,1439,4,False,True,,proposed
@doomscrollpodcast,Joshua Citarella,youtube,interview_podcast,Doomscroll,False,146000.0,17,0,True,True,left,proposed
@evanjmez,Evan James,youtube,left_commentary,Evan James,False,3240.0,22,0,True,True,,proposed
@fastpoliticspodcast,Fast Politics w/ Molly Jong-Fast,youtube,left_commentary,Fast Politics,False,91200.0,145,0,False,True,interview podcast format,proposed
@fightbackpodcast,Jake Shields' Fight Back Podcast,youtube,right_commentary,Jake Shields,False,206000.0,627,24,False,True,anti-Zionist right,proposed
@franifio,The Bitchuation Room (with Francesca Fiorentini),youtube,humour_satire,Bitchuation Room,False,286000.0,282,62,False,False,comedians + organisers,proposed
@glennbeck,Glenn Beck,youtube,right_commentary,Blaze Media,False,1790000.0,460,125,False,False,,proposed
@harryjsisson,Harry Sisson,youtube,left_commentary,Harry Sisson,False,605000.0,681,3,False,True,,proposed
@hutch,Hutch,youtube,streamer_reaction,Hutch,False,841000.0,162,50,False,False,,proposed
@jimacosta,Jim Acosta,youtube,left_commentary,Jim Acosta,False,336000.0,313,160,False,False,,proposed
@jlptalk,Jesse Lee Peterson,youtube,right_commentary,Jesse Lee Peterson,False,625000.0,304,187,False,False,call-in show,proposed
@joerogan,PowerfulJRE,youtube,interview_podcast,Joe Rogan,False,21100000.0,141,1,False,True,,proposed
@johnnyharris,Johnny Harris,youtube,explainer_geopolitics,Johnny Harris,False,7950000.0,13,0,True,True,,proposed
@judgingfreedom,Judge Napolitano - Judging Freedom,youtube,interview_podcast,Judging Freedom,False,786000.0,355,697,False,False,Napolitano; anti-war interviews,proposed
@katiephangnews,Katie Phang,youtube,left_commentary,MeidasTouch Network,False,812000.0,403,44,False,True,powered by MeidasTouch per description,proposed
@katmabu,Kat Abughazaleh,youtube,left_commentary,Kat Abughazaleh,False,170000.0,34,0,True,True,,proposed
@laurenchenclips,Lauren Chen Clips,youtube,right_commentary,Lauren Chen,True,11400.0,109,0,False,True,clips channel,proposed
@lizwheeler,Liz Wheeler,youtube,right_commentary,Liz Wheeler,False,445000.0,86,70,False,False,,proposed
@lonerboxlive,LonerBox Live,youtube,streamer_reaction,LonerBox,False,59700.0,88,0,False,True,,proposed
@lovettorleaveitpodcast,Lovett or Leave It,youtube,humour_satire,Crooked Media,False,144000.0,114,0,False,True,comedy panel,proposed
@marclamonthillnetwork,Marc Lamont Hill Network,youtube,left_commentary,Marc Lamont Hill,False,275000.0,321,151,False,False,,proposed
@markets,Bloomberg Television,youtube,us_press_print_digital,Bloomberg,False,3270000.0,7974,56,False,False,Bloomberg Television; markets,proposed
@marklevinshow,The Mark Levin Show,youtube,right_commentary,Mark Levin,False,103000.0,505,0,False,True,,proposed
@mikhaila,Mikhaila Peterson,youtube,interview_podcast,Mikhaila Peterson,False,1380000.0,27,0,True,True,,proposed
@morebridgetphetasy,Walk-Ins Welcome with Bridget Phetasy,youtube,interview_podcast,Bridget Phetasy,False,13100.0,206,0,False,True,,proposed
@moreperfectunion,More Perfect Union,youtube,independent_digital_news,More Perfect Union,False,3940000.0,71,4,False,True,left nonprofit newsroom,proposed
@msnow,MS NOW,youtube,us_legacy_tv,MS NOW,False,9980000.0,9879,325,False,False,formerly MSNBC,proposed
@nationalreview,National Review,youtube,us_press_print_digital,National Review,False,116000.0,191,2,False,True,right magazine,proposed
@newdiscourses,New Discourses,youtube,right_commentary,New Discourses,False,177000.0,98,0,False,True,James Lindsay,proposed
@newyorker,The New Yorker,youtube,us_press_print_digital,The New Yorker,False,1200000.0,51,0,False,True,,proposed
@notsoErudite,notsoErudite,youtube,streamer_reaction,notsoErudite,False,125000.0,43,20,True,True,debate / call-in,proposed
@nousnetwork,nous,youtube,explainer_geopolitics,nous,False,88500.0,156,0,False,True,Indian Muslims research,proposed
@nypost,New York Post,youtube,us_press_print_digital,New York Post,False,2560000.0,6304,110,False,False,tabloid,proposed
@nytimes,The New York Times,youtube,us_press_print_digital,New York Times,False,5260000.0,71,0,False,True,,proposed
@oann,One America News Network,youtube,right_tv_network,OAN,False,1420000.0,1803,309,False,False,,proposed
@podsaveamerica,Pod Save America,youtube,left_commentary,Crooked Media,False,1280000.0,667,0,False,True,,proposed
@ponderingpolitics,Pondering Politics,youtube,left_commentary,Pondering Politics,False,861000.0,1467,2,False,True,,proposed
@revleftradio,Rev Left Radio,youtube,interview_podcast,Rev Left Radio,False,31900.0,38,3,True,True,left,proposed
@rolandsmartin,Roland S. Martin,youtube,independent_digital_news,Black Star Network,False,1960000.0,742,584,False,False,"daily news show, left",proposed
@samharrisorg,Sam Harris,youtube,interview_podcast,Sam Harris,False,869000.0,116,0,False,True,centrist,proposed
@theGuardian,The Guardian,youtube,wire_international,The Guardian,False,2620000.0,39,0,True,True,UK press,proposed
@thedavidpakmanshow,David Pakman Show,youtube,left_commentary,David Pakman,False,3660000.0,1641,5,False,True,,proposed
@thegrayzone7996,The Grayzone,youtube,independent_digital_news,The Grayzone,False,575000.0,155,36,False,True,,proposed
@thehill,The Hill,youtube,us_press_print_digital,The Hill,False,2150000.0,4249,505,False,False,mostly 'Rising' commentary show,proposed
@theisabelbrown,Isabel Brown,youtube,right_commentary,Isabel Brown,False,181000.0,141,0,False,True,culture,proposed
@thejimmydoreshow,The Jimmy Dore Show,youtube,left_commentary,Jimmy Dore,False,1870000.0,1146,115,False,False,populist / anti-establishment,proposed
@therationalnational,The Rational National,youtube,left_commentary,Rational National,False,779000.0,142,7,False,True,Canadian,proposed
@thewarningwithsteveschmidt,The Warning with Steve Schmidt,youtube,centrist_heterodox,Steve Schmidt,False,528000.0,289,110,False,False,never-Trump right,proposed
@thomhartmann,Thom Hartmann Program,youtube,left_commentary,Thom Hartmann,False,547000.0,784,0,False,True,,proposed
@timesofindia,Times Of India,youtube,wire_international,Times Group,False,6000000.0,9926,2295,False,False,India,proposed
@triggerpod,Triggernometry,youtube,interview_podcast,Triggernometry,False,1920000.0,151,6,False,True,heterodox,proposed
@turningpointusa,Turning Point USA,youtube,right_commentary,Turning Point USA,False,7680000.0,183,13,False,True,,proposed
@underthedesknews,Under The Desk News,youtube,independent_digital_news,Under the Desk News,False,249000.0,79,115,False,False,left,proposed
@usefulidiots,Useful Idiots,youtube,interview_podcast,Useful Idiots,False,192000.0,186,12,False,True,left,proposed
@wethefifth,The Fifth Column - A Podcast,youtube,centrist_heterodox,The Fifth Column,False,75300.0,112,2,False,True,libertarian,proposed
@winston_marshall,Winston Marshall,youtube,interview_podcast,Winston Marshall,False,494000.0,109,0,False,True,right-leaning,proposed
@wsj,The Wall Street Journal,youtube,us_press_print_digital,Wall Street Journal,False,6690000.0,119,11,False,True,,proposed
@zeteo,Zeteo,youtube,independent_digital_news,Zeteo,False,2240000.0,206,25,False,True,,proposed
https://rumble.com/c/BannonsWarRoom,BannonsWarRoom,rumble,right_commentary,War Room,False,,4506,0,False,True,,proposed
https://rumble.com/c/GGreenwald,GGreenwald,rumble,independent_digital_news,Glenn Greenwald,False,,76,0,False,True,System Update; heterodox,proposed
https://rumble.com/c/TheAlexJonesShowLive,TheAlexJonesShowLive,rumble,right_commentary,InfoWars,False,,513,0,False,True,,proposed
https://rumble.com/c/nickjfuentes,nickjfuentes,rumble,right_commentary,Nick Fuentes,False,,305,0,False,True,,proposed
https://rumble.com/c/russellbrand,russellbrand,rumble,centrist_heterodox,Russell Brand,False,,259,0,False,True,,proposed
