creator,lane,n_titles,lexicon_score,judge_score
@aaronparnas1,left_commentary,50,-1.0,-0.92
@TheDailyBeast,us_press_print_digital,50,-0.76,-0.9
@deanwithrs,streamer_reaction,50,-0.78,-0.9
@LegalAFMTN,legal_institutional,50,-0.78,-0.88
@fastpoliticspodcast,left_commentary,50,-0.78,-0.88
@DemocracyDocket,legal_institutional,50,-0.76,-0.88
@SecularTalk,left_commentary,50,-0.62,-0.84
@dollemore,left_commentary,50,-0.84,-0.84
@thewarningwithsteveschmidt,centrist_heterodox,50,-0.64,-0.84
@MeidasTouch,left_commentary,50,-0.9,-0.84
@briantylercohen,left_commentary,50,-0.88,-0.82
@FarronBalanced,left_commentary,50,-0.8,-0.82
@katmabu,left_commentary,16,-0.0625,-0.8125
@JackCocchiarellaShow,left_commentary,50,-0.9,-0.8
@RebelHQ,left_commentary,50,-0.6,-0.8
@katiephangnews,left_commentary,50,-0.88,-0.8
@TheHumanistReport,left_commentary,50,-0.26,-0.78
@Lunaoi,left_commentary,9,-0.5555555555555556,-0.7777777777777778
@PTLRadioShow,left_commentary,50,-0.52,-0.76
@GlennKirschner2,legal_institutional,50,-0.68,-0.74
@harryjsisson,left_commentary,50,-0.78,-0.72
@StatusCoup,independent_digital_news,50,-0.7,-0.72
@BreakThroughNews,independent_digital_news,50,-0.54,-0.72
@rolandsmartin,independent_digital_news,50,0.0,-0.72
@ponderingpolitics,left_commentary,50,-0.8,-0.7
@TheJoyReidShow,left_commentary,50,-0.04,-0.7
@YaBoiHakim,left_commentary,16,0.0625,-0.6875
@TheMajorityReport,left_commentary,50,-0.48,-0.68
@HasanReactionsfanTwo,streamer_reaction,50,-0.42,-0.66
@DannyHaiphongYT,left_commentary,50,-0.98,-0.66
@TheDamageReport,left_commentary,50,-0.42,-0.64
@revleftradio,interview_podcast,16,-0.125,-0.625
@thegrayzone7996,independent_digital_news,50,-0.48,-0.62
@bulwarkmedia,centrist_heterodox,50,-0.44,-0.62
@podsaveamerica,left_commentary,50,-0.5,-0.62
@SMN,humour_satire,50,-0.3,-0.6
@lovettorleaveitpodcast,humour_satire,50,-0.48,-0.6
@zeteo,independent_digital_news,50,-0.36,-0.6
@GeopoliticalEconomyReport,independent_digital_news,50,-0.56,-0.6
@TheDonLemonShow,left_commentary,50,-0.48,-0.6
@thedavidpakmanshow,left_commentary,50,-0.56,-0.58
@DoubleDownNews,independent_digital_news,50,-0.48,-0.58
@jimacosta,left_commentary,50,-0.52,-0.58
@adammockler,left_commentary,50,-0.72,-0.56
@TheLincolnProject,centrist_heterodox,50,-0.36,-0.56
@LukeBeasley,left_commentary,50,-0.62,-0.56
@thomhartmann,left_commentary,50,-0.46,-0.56
@usefulidiots,interview_podcast,50,-0.54,-0.54
@msnow,us_legacy_tv,50,-0.44,-0.54
@RestPoliticsUS,centrist_heterodox,50,-0.66,-0.54
@TheMichaelCohenShow,left_commentary,50,-0.7,-0.54
@BadFaithPodcast,interview_podcast,50,0.0,-0.54
@LeverNews,independent_digital_news,50,-0.2,-0.52
@cafedotcom,legal_institutional,50,-0.42,-0.52
@DemocracyNow,independent_digital_news,50,-0.42,-0.52
@OwenJonesTalks,left_commentary,50,-0.44,-0.5
@Xanderhal,streamer_reaction,50,-0.04,-0.5
@evanjmez,left_commentary,16,-0.3125,-0.5
@breakingpoints,independent_digital_news,50,-0.5,-0.5
@LegalEagle,legal_institutional,50,-0.32,-0.44
@DailyDenims,streamer_reaction,50,-0.16,-0.44
@MattBernstein1,left_commentary,16,0.125,-0.4375
@chriscuomo,centrist_heterodox,50,-0.5,-0.42
@RonPlacone,humour_satire,50,-0.04,-0.42
@LeejaMiller,legal_institutional,50,-0.06,-0.42
@therationalnational,left_commentary,50,-0.1,-0.42
@HasanabiClips,streamer_reaction,50,-0.62,-0.4
@Politicon,interview_podcast,50,-0.46,-0.4
@marclamonthillnetwork,left_commentary,50,-0.22,-0.38
@DropSiteNews,independent_digital_news,50,-0.66,-0.38
@franifio,humour_satire,50,-0.14,-0.38
@doomscrollpodcast,interview_podcast,16,0.0625,-0.375
@JamarlThomas,left_commentary,50,-0.38,-0.36
@DueDissidence,left_commentary,50,-0.2,-0.36
@BelleRanch,left_commentary,50,-0.54,-0.36
@NovaraMedia,independent_digital_news,50,-0.38,-0.36
@Forthepeoplepodcast305,left_commentary,50,-0.62,-0.32
@ajplus,wire_international,50,-0.42,-0.32
@underthedesknews,independent_digital_news,50,0.04,-0.32
@SecondThought,left_commentary,16,-0.125,-0.3125
@Vaush,streamer_reaction,50,-0.14,-0.3
@TheSerfTimes,streamer_reaction,50,0.02,-0.3
@PiscoLitty,streamer_reaction,50,-0.42,-0.3
@moreperfectunion,independent_digital_news,50,-0.1,-0.28
https://rumble.com/c/GGreenwald,independent_digital_news,50,-0.2,-0.28
@MikeFromPA,streamer_reaction,50,-0.04,-0.28
@TheAtlantic,us_press_print_digital,50,-0.32,-0.26
@TheYoungTurks,left_commentary,50,-0.42,-0.26
@PoliticsJOE,independent_digital_news,50,0.12,-0.24
@HasanAbi,streamer_reaction,50,-0.12,-0.24
@nousnetwork,explainer_geopolitics,50,0.1,-0.22
@OwenReport,right_commentary,50,-0.4,-0.22
@EzraKleinShow,interview_podcast,50,-0.18,-0.22
@destiny,streamer_reaction,50,-0.24,-0.2
@theGuardian,wire_international,16,0.25,-0.1875
@notsoErudite,streamer_reaction,16,-0.0625,-0.1875
@NYTOpinion,us_press_print_digital,16,0.0625,-0.1875
@LastWeekTonight,humour_satire,16,-0.0625,-0.1875
@judgingfreedom,interview_podcast,50,-0.3,-0.18
@PoliticsGirl,left_commentary,50,0.04,-0.18
@SabbySabs,left_commentary,50,-0.3,-0.16
@HasanAbiVODs3,streamer_reaction,50,-0.9,-0.16
@UnHerd,centrist_heterodox,50,-0.22,-0.16
@johnnyharris,explainer_geopolitics,13,-0.15384615384615385,-0.15384615384615385
@TheRealTabithaSpeaks,left_commentary,50,-0.08,-0.14
@nytimes,us_press_print_digital,50,-0.08,-0.14
@BadEmpanadaLive,streamer_reaction,50,-0.2,-0.14
@Channel5YouTube,independent_digital_news,16,0.0625,-0.125
@DylanBurnsLIVE,streamer_reaction,50,-0.28,-0.12
@NYTPodcasts,us_press_print_digital,50,-0.38,-0.12
@samharrisorg,interview_podcast,50,-0.24,-0.1
@TheVaushPit,streamer_reaction,50,-0.08,-0.1
@TheEconomist,wire_international,50,-0.24,-0.1
@timesofindia,wire_international,50,-0.64,-0.1
@Vox,us_press_print_digital,50,0.18,-0.1
@NPR,us_press_print_digital,50,0.1,-0.08
@CNN,us_legacy_tv,50,-0.46,-0.08
@NickCruseRBN,left_commentary,16,-0.125,-0.0625
@ModernDayDebate,streamer_reaction,16,-0.1875,-0.0625
@PerunAU,explainer_geopolitics,16,-0.375,-0.0625
@SkyNews,wire_international,50,-0.12,-0.06
@aljazeeraenglish,wire_international,50,-0.42,-0.06
@JacksonHinkleOfficial,right_commentary,50,-0.36,-0.04
@Forbes,us_press_print_digital,50,-0.12,-0.04
@POLITICO,us_press_print_digital,50,-0.4,-0.04
@USATODAY,us_press_print_digital,50,-0.34,-0.04
@NBCNews,us_legacy_tv,50,-0.28,-0.04
@newyorker,us_press_print_digital,50,-0.02,-0.04
@LIVESNEAKO,streamer_reaction,50,-0.14,-0.02
@thejimmydoreshow,left_commentary,50,-0.26,-0.02
@AssociatedPress,wire_international,50,-0.32,-0.02
@KimIversen,centrist_heterodox,50,-0.22,-0.02
@markets,us_press_print_digital,50,-0.2,-0.02
@Reuters,wire_international,50,-0.22,-0.02
@BrittanyVenti,right_commentary,50,0.12,-0.02
@destinyhqclips,streamer_reaction,50,0.04,-0.02
@TimesNowWorld,wire_international,50,-0.52,-0.02
@Firstpost,wire_international,50,-0.14,-0.02
@wsj,us_press_print_digital,50,-0.34,0.0
@chinainsights-r2w,independent_digital_news,50,0.0,0.0
@bushrakhanum,wire_international,16,-0.3125,0.0
@axios,us_press_print_digital,50,-0.32,0.0
@TechCrunch,us_press_print_digital,50,-0.06,0.0
@joerogan,interview_podcast,50,0.18,0.0
@TimDillonShow,humour_satire,50,-0.32,0.0
@60minutes,us_legacy_tv,50,-0.18,0.0
@FinancialTimes,wire_international,16,-0.25,0.0
@BBCNews,wire_international,50,-0.2,0.0
@CBSNews,us_legacy_tv,50,-0.3,0.0
@SNEAKO,streamer_reaction,5,0.0,0.0
@ABCNews,us_legacy_tv,50,-0.14,0.0
@ANINewsIndia,wire_international,50,-0.28,0.0
@CaspianReport,explainer_geopolitics,16,-0.625,0.0
@hutch,streamer_reaction,50,0.06,0.02
@CoreyGilShusterAskProject,explainer_geopolitics,50,-0.28,0.02
@Semafor,us_press_print_digital,50,0.14,0.02
@ZeihanonGeopolitics,explainer_geopolitics,50,-0.18,0.02
@wethefifth,centrist_heterodox,50,-0.3,0.02
@ClubRandomPodcast,interview_podcast,50,0.16,0.02
@NewsNation,us_legacy_tv,50,-0.04,0.04
@TuckerCarlson,interview_podcast,50,-0.3,0.04
@ClipsCandaceOwens,right_commentary,50,0.28,0.04
@PiersMorganUncensored,interview_podcast,50,-0.68,0.04
@thehill,us_press_print_digital,50,-0.2,0.04
@nypost,us_press_print_digital,50,-0.14,0.06
@The_Crucible,streamer_reaction,50,0.12,0.06
@lonerboxlive,streamer_reaction,50,-0.36,0.06
@OfficialFlagrant,humour_satire,16,-0.25,0.0625
@PBDPodcast,interview_podcast,16,-0.1875,0.0625
@Unpacked,explainer_geopolitics,16,-0.4375,0.0625
@DestinyDGGClips,streamer_reaction,50,-0.04,0.1
@PartOfTheProblem,right_commentary,50,-0.12,0.1
@AsmonTV,streamer_reaction,50,-0.02,0.12
@Tim_Black,left_commentary,50,0.46,0.12
@ColeHastings,centrist_heterodox,16,0.1875,0.125
@mikhaila,interview_podcast,16,0.0,0.125
@AnaEscobarShow,right_commentary,16,0.1875,0.125
@RedactedNews,independent_digital_news,50,-0.22,0.14
@FreshFitMiami,right_commentary,50,0.5,0.14
@morebridgetphetasy,interview_podcast,50,0.2,0.14
@ThePodcastoftheLotusEaters,right_commentary,50,0.04,0.14
@RealAlexClark,right_commentary,50,0.16,0.16
@triggerpod,interview_podcast,50,-0.18,0.16
@MrTariqNasheed,left_commentary,50,0.18,0.18
@RekietaLaw,legal_institutional,16,-0.0625,0.1875
@PrisonPlanetLive,right_commentary,16,0.0,0.1875
https://rumble.com/c/russellbrand,centrist_heterodox,50,0.02,0.2
@fightbackpodcast,right_commentary,50,-0.18,0.22
@Styxhexenhammer666,right_commentary,50,-0.22,0.22
@MichaelMaliceofficial,interview_podcast,50,0.14,0.22
@TimcastIRL,right_commentary,50,0.02,0.22
@AlexStein99,humour_satire,50,0.12,0.22
@GrahamAllen,right_commentary,50,0.06,0.24
https://rumble.com/c/nickjfuentes,right_commentary,50,-0.5,0.24
@FleccasTalks,right_commentary,50,0.24,0.24
@PhillipScottPodcast,left_commentary,16,0.625,0.25
@newdiscourses,right_commentary,50,0.26,0.26
@TheAdamCarollaShow1,interview_podcast,50,0.32,0.26
@OutKick,right_commentary,50,0.02,0.26
@RSBN,right_tv_network,50,-0.42,0.26
@bbrettcooper,right_commentary,50,0.16,0.26
@chicksonright,right_commentary,50,0.08,0.28
@HangOutwithSeanHannity,interview_podcast,50,-0.06,0.28
@oann,right_tv_network,50,-0.12,0.28
@LiberalHivemind,right_commentary,50,-0.02,0.28
@ColemanHughesOfficial,interview_podcast,50,-0.12,0.3
@StevenCrowder,right_commentary,50,0.18,0.3
@DarkHorsePod,centrist_heterodox,50,0.12,0.3
https://rumble.com/c/TheAlexJonesShowLive,right_commentary,50,0.2,0.3
@SavSays,right_commentary,16,0.3125,0.3125
@dineshdsouza,right_commentary,50,0.04,0.32
@laurenchenclips,right_commentary,50,0.22,0.32
@MattWalsh,right_commentary,50,0.4,0.34
@RealDanBongino,right_commentary,50,0.0,0.34
@FoxNewsChannelClips,us_legacy_tv,50,-0.06,0.34
@RufoandLomez,right_commentary,50,0.16,0.34
@Timcast,right_commentary,50,0.14,0.34
@JustPearlyThings,right_commentary,50,0.34,0.36
@TimcastNews,right_commentary,50,0.06,0.36
@FoxNews,us_legacy_tv,50,-0.04,0.38
@MyronGainesX,right_commentary,50,0.12,0.38
@BenShapiro,right_commentary,50,0.04,0.38
@ZubyMusic,interview_podcast,50,0.32,0.38
@MegynKelly,right_commentary,50,0.08,0.38
@TheQuartering,right_commentary,50,-0.02,0.4
@winston_marshall,interview_podcast,50,0.06,0.4
@SydneyWatson,right_commentary,50,0.22,0.42
@RebelNewsOnline,independent_digital_news,50,0.02,0.42
@JillianMichaels,interview_podcast,50,-0.02,0.42
@AnthonyBrianLogan,right_commentary,50,0.0,0.42
@TheBrianKilmeadeShow,right_commentary,50,-0.24,0.42
@AndrewKlavan,right_commentary,50,0.18,0.44
@lizwheeler,right_commentary,50,0.26,0.46
@ChadPrather1,right_commentary,50,0.14,0.48
@NickShirley,right_commentary,16,0.4375,0.5
@AfterPartyEmily,right_commentary,50,0.28,0.5
@TheOfficerTatum,right_commentary,50,0.22,0.52
@XAVIAER,right_commentary,50,0.16,0.52
@theisabelbrown,right_commentary,50,0.38,0.54
@MarkDice,right_commentary,50,0.18,0.54
@NewsmaxTV,right_tv_network,50,0.12,0.54
@TomiLahrenIsFearless,right_commentary,50,0.04,0.54
@RealAmericasVoice,right_tv_network,50,-0.12,0.54
@MichaelKnowles,right_commentary,50,-0.04,0.56
@glennbeck,right_commentary,50,-0.2,0.56
@MrReaganUSA,right_commentary,16,0.1875,0.5625
@VivaFrei,legal_institutional,50,0.06,0.58
@marklevinshow,right_commentary,50,0.1,0.58
@JesseKellyDC,right_commentary,50,0.06,0.58
@RileyGaines,right_commentary,50,0.2,0.6
@TheAmalaEkpunobi,right_commentary,50,0.46,0.6
@Shoe0nHead,centrist_heterodox,10,0.2,0.6
@clayandbuck,right_commentary,50,0.02,0.6
@StosselTV,right_commentary,50,0.24,0.64
@jlptalk,right_commentary,50,0.36,0.64
@BlazeTV,right_commentary,50,0.1,0.66
@SaltyCracker,streamer_reaction,50,0.08,0.66
@RubinReport,right_commentary,50,-0.06,0.66
@PragerU,right_commentary,50,0.2,0.66
@bennyjohnson,right_commentary,50,-0.04,0.68
https://rumble.com/c/BannonsWarRoom,right_commentary,50,-0.16,0.68
@MLChristiansen,right_commentary,50,0.32,0.7
@turningpointusa,right_commentary,50,0.64,0.72
@DrSteveTurleyTV,right_commentary,50,-0.32,0.72
@BlaireWhiteX,right_commentary,11,0.45454545454545453,0.7272727272727273
@nationalreview,us_press_print_digital,50,0.36,0.74
@ActualJusticeWarrior,right_commentary,50,0.4,0.78
@OfficialSaharTV,right_commentary,50,0.14,0.82
@AndWeKnowOfficial-o9b,right_commentary,50,0.0,0.84
@RobertGouveiaEsq,legal_institutional,50,0.14,0.86
@CashJordan,right_commentary,50,-0.46,0.88
@CamHigby,right_commentary,50,0.2,0.88
@BlackConservativePerspective,right_commentary,50,0.32,0.9
@X22Report-y5y,right_commentary,50,-0.52,0.96
