creator,n_titles,score_record,score_repeat,change,group_record,group_repeat,group
@NickCruseRBN,16,-0.0625,-0.375,-0.3125,left,left,left
@PhillipScottPodcast,16,0.25,0.0625,-0.1875,right,right,right
@thehill,50,0.04,-0.12,-0.16,neutral,left,neutral
@Xanderhal,50,-0.5,-0.64,-0.14,left,left,left
@SecondThought,16,-0.3125,-0.4375,-0.125,left,left,left
@Unpacked,16,0.0625,-0.0625,-0.125,right,left,right
@Lunaoi,9,-0.7777777777777778,-0.8888888888888888,-0.11111111111111105,left,left,left
@ColemanHughesOfficial,50,0.3,0.2,-0.09999999999999998,right,right,right
@AndrewKlavan,50,0.44,0.34,-0.09999999999999998,right,right,right
@clayandbuck,50,0.6,0.5,-0.09999999999999998,right,right,right
@BadFaithPodcast,50,-0.54,-0.64,-0.09999999999999998,left,left,left
@BlaireWhiteX,11,0.7272727272727273,0.6363636363636364,-0.09090909090909094,right,right,right
@FarronBalanced,50,-0.82,-0.9,-0.08000000000000007,left,left,left
@PiersMorganUncensored,50,0.04,-0.04,-0.08,neutral,neutral,neutral
@KimIversen,50,-0.02,-0.1,-0.08,neutral,left,neutral
@AlexStein99,50,0.22,0.14,-0.07999999999999999,right,right,right
@RileyGaines,50,0.6,0.52,-0.07999999999999996,right,right,right
@DannyHaiphongYT,50,-0.66,-0.74,-0.07999999999999996,left,left,left
@LeverNews,50,-0.52,-0.6,-0.07999999999999996,left,left,left
@johnnyharris,13,-0.15384615384615385,-0.23076923076923078,-0.07692307692307693,left,left,left
@evanjmez,16,-0.5,-0.5625,-0.0625,left,left,left
@ColeHastings,16,0.125,0.0625,-0.0625,right,right,right
@revleftradio,16,-0.625,-0.6875,-0.0625,left,left,left
@RekietaLaw,16,0.1875,0.125,-0.0625,right,right,right
@PrisonPlanetLive,16,0.1875,0.125,-0.0625,right,right,right
@MattBernstein1,16,-0.4375,-0.5,-0.0625,left,left,left
@podsaveamerica,50,-0.62,-0.68,-0.06000000000000005,left,left,left
@glennbeck,50,0.56,0.5,-0.06000000000000005,right,right,right
@thedavidpakmanshow,50,-0.58,-0.64,-0.06000000000000005,left,left,left
@destiny,50,-0.2,-0.26,-0.06,left,left,left
@DarkHorsePod,50,0.3,0.24,-0.06,right,right,right
@MegynKelly,50,0.38,0.32,-0.06,right,right,right
@TheVaushPit,50,-0.1,-0.16,-0.06,left,left,left
@DylanBurnsLIVE,50,-0.12,-0.18,-0.06,left,left,left
@Tim_Black,50,0.12,0.06,-0.06,right,right,right
@DropSiteNews,50,-0.38,-0.44,-0.06,left,left,left
@fightbackpodcast,50,0.22,0.16,-0.06,right,right,right
@MyronGainesX,50,0.38,0.32,-0.06,right,right,right
@PiscoLitty,50,-0.3,-0.36,-0.06,left,left,left
@TheMajorityReport,50,-0.68,-0.74,-0.05999999999999994,left,left,left
@JackCocchiarellaShow,50,-0.8,-0.86,-0.05999999999999994,left,left,left
@LiberalHivemind,50,0.28,0.24,-0.040000000000000036,right,right,right
@GlennKirschner2,50,-0.74,-0.78,-0.040000000000000036,left,left,left
https://rumble.com/c/BannonsWarRoom,50,0.68,0.64,-0.040000000000000036,right,right,right
@ponderingpolitics,50,-0.7,-0.74,-0.040000000000000036,left,left,left
@TheSerfTimes,50,-0.3,-0.34,-0.040000000000000036,left,left,left
@cafedotcom,50,-0.52,-0.56,-0.040000000000000036,left,left,left
@TomiLahrenIsFearless,50,0.54,0.5,-0.040000000000000036,right,right,right
@LeejaMiller,50,-0.42,-0.46,-0.040000000000000036,left,left,left
@RealAmericasVoice,50,0.54,0.5,-0.040000000000000036,right,right,right
@RealDanBongino,50,0.34,0.3,-0.040000000000000036,right,right,right
@CashJordan,50,0.88,0.84,-0.040000000000000036,right,right,right
@StosselTV,50,0.64,0.6,-0.040000000000000036,right,right,right
@DemocracyNow,50,-0.52,-0.56,-0.040000000000000036,left,left,left
@MarkDice,50,0.54,0.5,-0.040000000000000036,right,right,right
@EzraKleinShow,50,-0.22,-0.26,-0.04000000000000001,left,left,left
@OutKick,50,0.26,0.22,-0.04000000000000001,right,right,right
@PartOfTheProblem,50,0.1,0.06,-0.04000000000000001,right,right,right
@TimcastIRL,50,0.22,0.18,-0.04000000000000001,right,right,right
@hutch,50,0.02,-0.02,-0.04,neutral,neutral,neutral
@USATODAY,50,-0.04,-0.08,-0.04,neutral,left,neutral
@destinyhqclips,50,-0.02,-0.06,-0.039999999999999994,neutral,left,neutral
@thejimmydoreshow,50,-0.02,-0.06,-0.039999999999999994,neutral,left,neutral
@lonerboxlive,50,0.06,0.02,-0.039999999999999994,right,neutral,right
@ChadPrather1,50,0.48,0.44,-0.03999999999999998,right,right,right
@Forthepeoplepodcast305,50,-0.32,-0.36,-0.03999999999999998,left,left,left
@TheRealTabithaSpeaks,50,-0.14,-0.18,-0.03999999999999998,left,left,left
https://rumble.com/c/TheAlexJonesShowLive,50,0.3,0.26,-0.03999999999999998,right,right,right
@MrTariqNasheed,50,0.18,0.14,-0.03999999999999998,right,right,right
https://rumble.com/c/nickjfuentes,50,0.24,0.2,-0.03999999999999998,right,right,right
@LukeBeasley,50,-0.56,-0.6,-0.039999999999999925,left,left,left
@RestPoliticsUS,50,-0.54,-0.58,-0.039999999999999925,left,left,left
@X22Report-y5y,50,0.96,0.92,-0.039999999999999925,right,right,right
@NewsmaxTV,50,0.54,0.52,-0.020000000000000018,right,right,right
@MichaelKnowles,50,0.56,0.54,-0.020000000000000018,right,right,right
@RobertGouveiaEsq,50,0.86,0.84,-0.020000000000000018,right,right,right
@MeidasTouch,50,-0.84,-0.86,-0.020000000000000018,left,left,left
@SMN,50,-0.6,-0.62,-0.020000000000000018,left,left,left
@PragerU,50,0.66,0.64,-0.020000000000000018,right,right,right
https://rumble.com/c/russellbrand,50,0.2,0.18,-0.020000000000000018,right,right,right
@FoxNews,50,0.38,0.36,-0.020000000000000018,right,right,right
@LegalAFMTN,50,-0.88,-0.9,-0.020000000000000018,left,left,left
@ActualJusticeWarrior,50,0.78,0.76,-0.020000000000000018,right,right,right
@AfterPartyEmily,50,0.5,0.48,-0.020000000000000018,right,right,right
@oann,50,0.28,0.26,-0.020000000000000018,right,right,right
@nationalreview,50,0.74,0.72,-0.020000000000000018,right,right,right
@BenShapiro,50,0.38,0.36,-0.020000000000000018,right,right,right
@BlackConservativePerspective,50,0.9,0.88,-0.020000000000000018,right,right,right
@laurenchenclips,50,0.32,0.3,-0.020000000000000018,right,right,right
@judgingfreedom,50,-0.18,-0.2,-0.020000000000000018,left,left,left
@CamHigby,50,0.88,0.86,-0.020000000000000018,right,right,right
@LegalEagle,50,-0.44,-0.46,-0.020000000000000018,left,left,left
@jimacosta,50,-0.58,-0.6,-0.020000000000000018,left,left,left
@dineshdsouza,50,0.32,0.3,-0.020000000000000018,right,right,right
@DoubleDownNews,50,-0.58,-0.6,-0.020000000000000018,left,left,left
@deanwithrs,50,-0.9,-0.92,-0.020000000000000018,left,left,left
@chicksonright,50,0.28,0.26,-0.020000000000000018,right,right,right
@FreshFitMiami,50,0.14,0.12,-0.020000000000000018,right,right,right
@ThePodcastoftheLotusEaters,50,0.14,0.12,-0.020000000000000018,right,right,right
@TheHumanistReport,50,-0.78,-0.8,-0.020000000000000018,left,left,left
@dollemore,50,-0.84,-0.86,-0.020000000000000018,left,left,left
@OwenJonesTalks,50,-0.5,-0.52,-0.020000000000000018,left,left,left
@CNN,50,-0.08,-0.1,-0.020000000000000004,left,left,left
@ZeihanonGeopolitics,50,0.02,0.0,-0.02,neutral,neutral,neutral
@Semafor,50,0.02,0.0,-0.02,neutral,neutral,neutral
@60minutes,50,0.0,-0.02,-0.02,neutral,neutral,neutral
@NewsNation,50,0.04,0.02,-0.02,neutral,neutral,neutral
@AssociatedPress,50,-0.02,-0.04,-0.02,neutral,neutral,neutral
@Forbes,50,-0.04,-0.06,-0.019999999999999997,neutral,left,neutral
@FleccasTalks,50,0.24,0.22,-0.01999999999999999,right,right,right
@Styxhexenhammer666,50,0.22,0.2,-0.01999999999999999,right,right,right
@StevenCrowder,50,0.3,0.28,-0.019999999999999962,right,right,right
@marklevinshow,50,0.58,0.56,-0.019999999999999907,right,right,right
@thomhartmann,50,-0.56,-0.58,-0.019999999999999907,left,left,left
@JesseKellyDC,50,0.58,0.56,-0.019999999999999907,right,right,right
@DailyDenims,50,-0.44,-0.44,0.0,left,left,left
@FinancialTimes,16,0.0,0.0,0.0,neutral,neutral,neutral
@chinainsights-r2w,50,0.0,0.0,0.0,neutral,neutral,neutral
@Firstpost,50,-0.02,-0.02,0.0,neutral,neutral,neutral
@bushrakhanum,16,0.0,0.0,0.0,neutral,neutral,neutral
@bennyjohnson,50,0.68,0.68,0.0,right,right,right
@axios,50,0.0,0.0,0.0,neutral,neutral,neutral
@adammockler,50,-0.56,-0.56,0.0,left,left,left
@ZubyMusic,50,0.38,0.38,0.0,right,right,right
@OwenReport,50,-0.22,-0.22,0.0,left,left,left
@VivaFrei,50,0.58,0.58,0.0,right,right,right
@HangOutwithSeanHannity,50,0.28,0.28,0.0,right,right,right
@TimesNowWorld,50,-0.02,-0.02,0.0,neutral,neutral,neutral
@TimDillonShow,50,0.0,0.0,0.0,neutral,neutral,neutral
@TheYoungTurks,50,-0.26,-0.26,0.0,left,left,left
@JacksonHinkleOfficial,50,-0.04,-0.04,0.0,neutral,neutral,neutral
@JamarlThomas,50,-0.36,-0.36,0.0,left,left,left
@aljazeeraenglish,50,-0.06,-0.06,0.0,left,left,left
@ClipsCandaceOwens,50,0.04,0.04,0.0,neutral,neutral,neutral
@joerogan,50,0.0,0.0,0.0,neutral,neutral,neutral
@CaspianReport,16,0.0,0.0,0.0,neutral,neutral,neutral
@ABCNews,50,0.0,0.0,0.0,neutral,neutral,neutral
@ANINewsIndia,50,0.0,0.0,0.0,neutral,neutral,neutral
@wsj,50,0.0,0.0,0.0,neutral,neutral,neutral
@winston_marshall,50,0.4,0.4,0.0,right,right,right
@wethefifth,50,0.02,0.02,0.0,neutral,neutral,neutral
@turningpointusa,50,0.72,0.72,0.0,right,right,right
@timesofindia,50,-0.1,-0.1,0.0,left,left,left
@therationalnational,50,-0.42,-0.42,0.0,left,left,left
@thegrayzone7996,50,-0.62,-0.62,0.0,left,left,left
@AnthonyBrianLogan,50,0.42,0.42,0.0,right,right,right
@theGuardian,16,-0.1875,-0.1875,0.0,left,left,left
@AsmonTV,50,0.12,0.12,0.0,right,right,right
@BBCNews,50,0.0,0.0,0.0,neutral,neutral,neutral
@nousnetwork,50,-0.22,-0.22,0.0,left,left,left
@newyorker,50,-0.04,-0.04,0.0,neutral,neutral,neutral
@BelleRanch,50,-0.36,-0.36,0.0,left,left,left
@marclamonthillnetwork,50,-0.38,-0.38,0.0,left,left,left
@BreakThroughNews,50,-0.72,-0.72,0.0,left,left,left
@katmabu,16,-0.8125,-0.8125,0.0,left,left,left
@katiephangnews,50,-0.8,-0.8,0.0,left,left,left
@CBSNews,50,0.0,0.0,0.0,neutral,neutral,neutral
@Channel5YouTube,16,-0.125,-0.125,0.0,left,left,left
@JillianMichaels,50,0.42,0.42,0.0,right,right,right
@PBDPodcast,16,0.0625,0.0625,0.0,right,right,right
@SabbySabs,50,-0.16,-0.16,0.0,left,left,left
@TheAmalaEkpunobi,50,0.6,0.6,0.0,right,right,right
@MrReaganUSA,16,0.5625,0.5625,0.0,right,right,right
@TechCrunch,50,0.0,0.0,0.0,neutral,neutral,neutral
@NPR,50,-0.08,-0.08,0.0,left,left,left
@RealAlexClark,50,0.16,0.16,0.0,right,right,right
@SydneyWatson,50,0.42,0.42,0.0,right,right,right
@LIVESNEAKO,50,-0.02,-0.02,0.0,neutral,neutral,neutral
@NYTPodcasts,50,-0.12,-0.12,0.0,left,left,left
@RonPlacone,50,-0.42,-0.42,0.0,left,left,left
@SNEAKO,5,0.0,0.0,0.0,neutral,neutral,neutral
@TheDamageReport,50,-0.64,-0.64,0.0,left,left,left
@TheDonLemonShow,50,-0.6,-0.6,0.0,left,left,left
@SavSays,16,0.3125,0.3125,0.0,right,right,right
@OfficialFlagrant,16,0.0625,0.0625,0.0,right,right,right
@PerunAU,16,-0.0625,-0.0625,0.0,left,left,left
@POLITICO,50,-0.04,-0.04,0.0,neutral,neutral,neutral
@Shoe0nHead,10,0.6,0.6,0.0,right,right,right
@RedactedNews,50,0.14,0.14,0.0,right,right,right
@TheJoyReidShow,50,-0.7,-0.68,0.019999999999999907,left,left,left
@Vaush,50,-0.3,-0.28,0.019999999999999962,left,left,left
@lizwheeler,50,0.46,0.48,0.019999999999999962,right,right,right
@DueDissidence,50,-0.36,-0.34,0.019999999999999962,left,left,left
@TheQuartering,50,0.4,0.42,0.019999999999999962,right,right,right
@Timcast,50,0.34,0.36,0.019999999999999962,right,right,right
@DestinyDGGClips,50,0.1,0.12,0.01999999999999999,right,right,right
@triggerpod,50,0.16,0.18,0.01999999999999999,right,right,right
@UnHerd,50,-0.16,-0.14,0.01999999999999999,left,left,left
@HasanAbi,50,-0.24,-0.22,0.01999999999999999,left,left,left
@PoliticsJOE,50,-0.24,-0.22,0.01999999999999999,left,left,left
@SkyNews,50,-0.06,-0.04,0.019999999999999997,left,neutral,left
@Reuters,50,-0.02,0.0,0.02,neutral,neutral,neutral
@markets,50,-0.02,0.0,0.02,neutral,neutral,neutral
@CoreyGilShusterAskProject,50,0.02,0.04,0.02,neutral,neutral,neutral
@ClubRandomPodcast,50,0.02,0.04,0.02,neutral,neutral,neutral
@NBCNews,50,-0.04,-0.02,0.02,neutral,neutral,neutral
@samharrisorg,50,-0.1,-0.08,0.020000000000000004,left,left,left
@Vox,50,-0.1,-0.08,0.020000000000000004,left,left,left
@underthedesknews,50,-0.32,-0.3,0.020000000000000018,left,left,left
@DemocracyDocket,50,-0.88,-0.86,0.020000000000000018,left,left,left
@harryjsisson,50,-0.72,-0.7,0.020000000000000018,left,left,left
@theisabelbrown,50,0.54,0.56,0.020000000000000018,right,right,right
@jlptalk,50,0.64,0.66,0.020000000000000018,right,right,right
@RSBN,50,0.26,0.28,0.020000000000000018,right,right,right
@newdiscourses,50,0.26,0.28,0.020000000000000018,right,right,right
@lovettorleaveitpodcast,50,-0.6,-0.58,0.020000000000000018,left,left,left
@msnow,50,-0.54,-0.52,0.020000000000000018,left,left,left
@TheLincolnProject,50,-0.56,-0.54,0.020000000000000018,left,left,left
@franifio,50,-0.38,-0.36,0.020000000000000018,left,left,left
@SaltyCracker,50,0.66,0.68,0.020000000000000018,right,right,right
@TimcastNews,50,0.36,0.38,0.020000000000000018,right,right,right
@bbrettcooper,50,0.26,0.28,0.020000000000000018,right,right,right
@HasanReactionsfanTwo,50,-0.66,-0.64,0.020000000000000018,left,left,left
@bulwarkmedia,50,-0.62,-0.6,0.020000000000000018,left,left,left
@XAVIAER,50,0.52,0.54,0.020000000000000018,right,right,right
@HasanabiClips,50,-0.4,-0.38,0.020000000000000018,left,left,left
@TheOfficerTatum,50,0.52,0.54,0.020000000000000018,right,right,right
@TheMichaelCohenShow,50,-0.54,-0.52,0.020000000000000018,left,left,left
@SecularTalk,50,-0.84,-0.8,0.039999999999999925,left,left,left
@GeopoliticalEconomyReport,50,-0.6,-0.56,0.039999999999999925,left,left,left
@RubinReport,50,0.66,0.7,0.039999999999999925,right,right,right
@PoliticsGirl,50,-0.18,-0.14,0.03999999999999998,left,left,left
@breakingpoints,50,-0.5,-0.46,0.03999999999999998,left,left,left
@TheAdamCarollaShow1,50,0.26,0.3,0.03999999999999998,right,right,right
@ajplus,50,-0.32,-0.28,0.03999999999999998,left,left,left
@TheEconomist,50,-0.1,-0.06,0.04000000000000001,left,left,left
@HasanAbiVODs3,50,-0.16,-0.12,0.04000000000000001,left,left,left
@TheDailyBeast,50,-0.9,-0.86,0.040000000000000036,left,left,left
@moreperfectunion,50,-0.28,-0.24,0.040000000000000036,left,left,left
@Politicon,50,-0.4,-0.36,0.040000000000000036,left,left,left
@AndWeKnowOfficial-o9b,50,0.84,0.88,0.040000000000000036,right,right,right
@DrSteveTurleyTV,50,0.72,0.76,0.040000000000000036,right,right,right
@aaronparnas1,50,-0.92,-0.88,0.040000000000000036,left,left,left
@MikeFromPA,50,-0.28,-0.24,0.040000000000000036,left,left,left
@MLChristiansen,50,0.7,0.74,0.040000000000000036,right,right,right
@BlazeTV,50,0.66,0.72,0.05999999999999994,right,right,right
@thewarningwithsteveschmidt,50,-0.84,-0.78,0.05999999999999994,left,left,left
@StatusCoup,50,-0.72,-0.66,0.05999999999999994,left,left,left
@rolandsmartin,50,-0.72,-0.66,0.05999999999999994,left,left,left
@briantylercohen,50,-0.82,-0.76,0.05999999999999994,left,left,left
@RebelNewsOnline,50,0.42,0.48,0.06,right,right,right
@MattWalsh,50,0.34,0.4,0.06,right,right,right
@nypost,50,0.06,0.12,0.06,right,right,right
@chriscuomo,50,-0.42,-0.36,0.06,left,left,left
@morebridgetphetasy,50,0.14,0.2,0.06,right,right,right
@nytimes,50,-0.14,-0.08,0.06000000000000001,left,left,left
https://rumble.com/c/GGreenwald,50,-0.28,-0.22,0.060000000000000026,left,left,left
@MichaelMaliceofficial,50,0.22,0.28,0.060000000000000026,right,right,right
@OfficialSaharTV,50,0.82,0.88,0.06000000000000005,right,right,right
@fastpoliticspodcast,50,-0.88,-0.82,0.06000000000000005,left,left,left
@PTLRadioShow,50,-0.76,-0.7,0.06000000000000005,left,left,left
@RebelHQ,50,-0.8,-0.74,0.06000000000000005,left,left,left
@doomscrollpodcast,16,-0.375,-0.3125,0.0625,left,left,left
@NickShirley,16,0.5,0.5625,0.0625,right,right,right
@AnaEscobarShow,16,0.125,0.1875,0.0625,right,right,right
@YaBoiHakim,16,-0.6875,-0.625,0.0625,left,left,left
@mikhaila,16,0.125,0.1875,0.0625,right,right,right
@ModernDayDebate,16,-0.0625,0.0,0.0625,left,neutral,left
@notsoErudite,16,-0.1875,-0.125,0.0625,left,left,left
@FoxNewsChannelClips,50,0.34,0.42,0.07999999999999996,right,right,right
@zeteo,50,-0.6,-0.52,0.07999999999999996,left,left,left
@GrahamAllen,50,0.24,0.32,0.08000000000000002,right,right,right
@The_Crucible,50,0.06,0.14,0.08000000000000002,right,right,right
@usefulidiots,50,-0.54,-0.46,0.08000000000000002,left,left,left
@TheAtlantic,50,-0.26,-0.18,0.08000000000000002,left,left,left
@TheBrianKilmeadeShow,50,0.42,0.5,0.08000000000000002,right,right,right
@RufoandLomez,50,0.34,0.44,0.09999999999999998,right,right,right
@TuckerCarlson,50,0.04,0.14,0.1,neutral,right,neutral
@BrittanyVenti,50,-0.02,0.08,0.1,neutral,right,neutral
@BadEmpanadaLive,50,-0.14,-0.04,0.1,left,neutral,left
@JustPearlyThings,50,0.36,0.46,0.10000000000000003,right,right,right
@NovaraMedia,50,-0.36,-0.24,0.12,left,left,left
@LastWeekTonight,16,-0.1875,0.0,0.1875,left,neutral,left
@NYTOpinion,16,-0.1875,0.0625,0.25,left,right,left
