creator,lane,n_titles,score_shuffled,score_pass1,change,side_shuffled,side_pass1
@katmabu,left_commentary,16,-0.8125,-0.4375,-0.375,left,left
@MrReaganUSA,right_commentary,16,0.5625,0.875,-0.3125,right,right
@GrahamAllen,right_commentary,50,0.24,0.44,-0.2,right,right
@LastWeekTonight,humour_satire,16,-0.1875,0.0,-0.1875,left,neither / unclear
@doomscrollpodcast,interview_podcast,16,-0.375,-0.1875,-0.1875,left,left
@JustPearlyThings,right_commentary,50,0.36,0.52,-0.16000000000000003,right,right
https://rumble.com/c/nickjfuentes,right_commentary,50,0.24,0.4,-0.16000000000000003,right,right
@TuckerCarlson,interview_podcast,50,0.04,0.2,-0.16,neither / unclear,right
@TheJoyReidShow,left_commentary,50,-0.7,-0.54,-0.15999999999999992,left,left
@OwenReport,right_commentary,50,-0.22,-0.08,-0.14,left,left
@MattBernstein1,left_commentary,16,-0.4375,-0.3125,-0.125,left,left
@theGuardian,wire_international,16,-0.1875,-0.0625,-0.125,left,left
@OfficialSaharTV,right_commentary,50,0.82,0.94,-0.12,right,right
@FleccasTalks,right_commentary,50,0.24,0.36,-0.12,right,right
@bulwarkmedia,centrist_heterodox,50,-0.62,-0.5,-0.12,left,left
@KimIversen,centrist_heterodox,50,-0.02,0.08,-0.1,neither / unclear,right
@BrittanyVenti,right_commentary,50,-0.02,0.08,-0.1,neither / unclear,right
@thewarningwithsteveschmidt,centrist_heterodox,50,-0.84,-0.74,-0.09999999999999998,left,left
@morebridgetphetasy,interview_podcast,50,0.14,0.24,-0.09999999999999998,right,right
@rolandsmartin,independent_digital_news,50,-0.72,-0.62,-0.09999999999999998,left,left
@Shoe0nHead,centrist_heterodox,10,0.6,0.7,-0.09999999999999998,right,right
@winston_marshall,interview_podcast,50,0.4,0.5,-0.09999999999999998,right,right
@HasanReactionsfanTwo,streamer_reaction,50,-0.66,-0.56,-0.09999999999999998,left,left
@TheDailyBeast,us_press_print_digital,50,-0.9,-0.82,-0.08000000000000007,left,left
@The_Crucible,streamer_reaction,50,0.06,0.14,-0.08000000000000002,right,right
@marclamonthillnetwork,left_commentary,50,-0.38,-0.3,-0.08000000000000002,left,left
@nytimes,us_press_print_digital,50,-0.14,-0.06,-0.08000000000000002,left,left
@RebelNewsOnline,independent_digital_news,50,0.42,0.5,-0.08000000000000002,right,right
@UnHerd,centrist_heterodox,50,-0.16,-0.08,-0.08,left,left
@FreshFitMiami,right_commentary,50,0.14,0.22,-0.07999999999999999,right,right
@ThePodcastoftheLotusEaters,right_commentary,50,0.14,0.22,-0.07999999999999999,right,right
@MarkDice,right_commentary,50,0.54,0.62,-0.07999999999999996,right,right
@bennyjohnson,right_commentary,50,0.68,0.76,-0.07999999999999996,right,right
@MattWalsh,right_commentary,50,0.34,0.42,-0.07999999999999996,right,right
@ModernDayDebate,streamer_reaction,16,-0.0625,0.0,-0.0625,left,neither / unclear
@PerunAU,explainer_geopolitics,16,-0.0625,0.0,-0.0625,left,neither / unclear
@mikhaila,interview_podcast,16,0.125,0.1875,-0.0625,right,right
@nationalreview,us_press_print_digital,50,0.74,0.8,-0.06000000000000005,right,right
@VivaFrei,legal_institutional,50,0.58,0.64,-0.06000000000000005,right,right
@fastpoliticspodcast,left_commentary,50,-0.88,-0.82,-0.06000000000000005,left,left
@PTLRadioShow,left_commentary,50,-0.76,-0.7,-0.06000000000000005,left,left
@TheEconomist,wire_international,50,-0.1,-0.04,-0.060000000000000005,left,neither / unclear
@HasanabiClips,streamer_reaction,50,-0.4,-0.34,-0.06,left,left
@LegalEagle,legal_institutional,50,-0.44,-0.38,-0.06,left,left
@BlackConservativePerspective,right_commentary,50,0.9,0.96,-0.05999999999999994,right,right
@StevenCrowder,right_commentary,50,0.3,0.34,-0.040000000000000036,right,right
@DrSteveTurleyTV,right_commentary,50,0.72,0.76,-0.040000000000000036,right,right
@DemocracyDocket,legal_institutional,50,-0.88,-0.84,-0.040000000000000036,left,left
@fightbackpodcast,right_commentary,50,0.22,0.26,-0.04000000000000001,right,right
@samharrisorg,interview_podcast,50,-0.1,-0.06,-0.04000000000000001,left,left
@nypost,us_press_print_digital,50,0.06,0.1,-0.04000000000000001,right,right
@HasanAbiVODs3,streamer_reaction,50,-0.16,-0.12,-0.04000000000000001,left,left
@Forbes,us_press_print_digital,50,-0.04,0.0,-0.04,neither / unclear,neither / unclear
@TimesNowWorld,wire_international,50,-0.02,0.02,-0.04,neither / unclear,neither / unclear
@chinainsights-r2w,independent_digital_news,50,0.0,0.04,-0.04,neither / unclear,neither / unclear
@chriscuomo,centrist_heterodox,50,-0.42,-0.38,-0.03999999999999998,left,left
@BelleRanch,left_commentary,50,-0.36,-0.32,-0.03999999999999998,left,left
@newdiscourses,right_commentary,50,0.26,0.3,-0.03999999999999998,right,right
@SecularTalk,left_commentary,50,-0.84,-0.8,-0.039999999999999925,left,left
@jimacosta,left_commentary,50,-0.58,-0.54,-0.039999999999999925,left,left
@lovettorleaveitpodcast,humour_satire,50,-0.6,-0.56,-0.039999999999999925,left,left
@CashJordan,right_commentary,50,0.88,0.9,-0.020000000000000018,right,right
https://rumble.com/c/TheAlexJonesShowLive,right_commentary,50,0.3,0.32,-0.020000000000000018,right,right
@zeteo,independent_digital_news,50,-0.6,-0.58,-0.020000000000000018,left,left
@underthedesknews,independent_digital_news,50,-0.32,-0.3,-0.020000000000000018,left,left
@TheOfficerTatum,right_commentary,50,0.52,0.54,-0.020000000000000018,right,right
@theisabelbrown,right_commentary,50,0.54,0.56,-0.020000000000000018,right,right
@TheAmalaEkpunobi,right_commentary,50,0.6,0.62,-0.020000000000000018,right,right
@CamHigby,right_commentary,50,0.88,0.9,-0.020000000000000018,right,right
@LegalAFMTN,legal_institutional,50,-0.88,-0.86,-0.020000000000000018,left,left
@XAVIAER,right_commentary,50,0.52,0.54,-0.020000000000000018,right,right
@TheAtlantic,us_press_print_digital,50,-0.26,-0.24,-0.020000000000000018,left,left
@laurenchenclips,right_commentary,50,0.32,0.34,-0.020000000000000018,right,right
@TheAdamCarollaShow1,interview_podcast,50,0.26,0.28,-0.020000000000000018,right,right
@cafedotcom,legal_institutional,50,-0.52,-0.5,-0.020000000000000018,left,left
@StosselTV,right_commentary,50,0.64,0.66,-0.020000000000000018,right,right
@Politicon,interview_podcast,50,-0.4,-0.38,-0.020000000000000018,left,left
@NPR,us_press_print_digital,50,-0.08,-0.06,-0.020000000000000004,left,left
@timesofindia,wire_international,50,-0.1,-0.08,-0.020000000000000004,left,left
@Vox,us_press_print_digital,50,-0.1,-0.08,-0.020000000000000004,left,left
@ClubRandomPodcast,interview_podcast,50,0.02,0.04,-0.02,neither / unclear,neither / unclear
@newyorker,us_press_print_digital,50,-0.04,-0.02,-0.02,neither / unclear,neither / unclear
@ANINewsIndia,wire_international,50,0.0,0.02,-0.02,neither / unclear,neither / unclear
@markets,us_press_print_digital,50,-0.02,0.0,-0.02,neither / unclear,neither / unclear
@SkyNews,wire_international,50,-0.06,-0.04,-0.019999999999999997,left,neither / unclear
@RedactedNews,independent_digital_news,50,0.14,0.16,-0.01999999999999999,right,right
@Styxhexenhammer666,right_commentary,50,0.22,0.24,-0.01999999999999999,right,right
https://rumble.com/c/russellbrand,centrist_heterodox,50,0.2,0.22,-0.01999999999999999,right,right
@PoliticsJOE,independent_digital_news,50,-0.24,-0.22,-0.01999999999999999,left,left
@judgingfreedom,interview_podcast,50,-0.18,-0.16,-0.01999999999999999,left,left
@LiberalHivemind,right_commentary,50,0.28,0.3,-0.019999999999999962,right,right
@TheQuartering,right_commentary,50,0.4,0.42,-0.019999999999999962,right,right
@FoxNewsChannelClips,us_legacy_tv,50,0.34,0.36,-0.019999999999999962,right,right
@chicksonright,right_commentary,50,0.28,0.3,-0.019999999999999962,right,right
@DueDissidence,left_commentary,50,-0.36,-0.34,-0.019999999999999962,left,left
@RufoandLomez,right_commentary,50,0.34,0.36,-0.019999999999999962,right,right
@PrisonPlanetLive,right_commentary,16,0.1875,0.1875,0.0,right,right
@triggerpod,interview_podcast,50,0.16,0.16,0.0,right,right
@thejimmydoreshow,left_commentary,50,-0.02,-0.02,0.0,neither / unclear,neither / unclear
@notsoErudite,streamer_reaction,16,-0.1875,-0.1875,0.0,left,left
@RestPoliticsUS,centrist_heterodox,50,-0.54,-0.54,0.0,left,left
@Reuters,wire_international,50,-0.02,-0.02,0.0,neither / unclear,neither / unclear
@joerogan,interview_podcast,50,0.0,0.0,0.0,neither / unclear,neither / unclear
@SNEAKO,streamer_reaction,5,0.0,0.0,0.0,neither / unclear,neither / unclear
@TheMichaelCohenShow,left_commentary,50,-0.54,-0.54,0.0,left,left
@dineshdsouza,right_commentary,50,0.32,0.32,0.0,right,right
@TheBrianKilmeadeShow,right_commentary,50,0.42,0.42,0.0,right,right
@SavSays,right_commentary,16,0.3125,0.3125,0.0,right,right
@clayandbuck,right_commentary,50,0.6,0.6,0.0,right,right
@axios,us_press_print_digital,50,0.0,0.0,0.0,neither / unclear,neither / unclear
@ZubyMusic,interview_podcast,50,0.38,0.38,0.0,right,right
@Unpacked,explainer_geopolitics,16,0.0625,0.0625,0.0,right,right
@TechCrunch,us_press_print_digital,50,0.0,0.0,0.0,neither / unclear,neither / unclear
@USATODAY,us_press_print_digital,50,-0.04,-0.04,0.0,neither / unclear,neither / unclear
@hutch,streamer_reaction,50,0.02,0.02,0.0,neither / unclear,neither / unclear
@SaltyCracker,streamer_reaction,50,0.66,0.66,0.0,right,right
@60minutes,us_legacy_tv,50,0.0,0.0,0.0,neither / unclear,neither / unclear
@ClipsCandaceOwens,right_commentary,50,0.04,0.04,0.0,neither / unclear,neither / unclear
@NYTPodcasts,us_press_print_digital,50,-0.12,-0.12,0.0,left,left
@OfficialFlagrant,humour_satire,16,0.0625,0.0625,0.0,right,right
@CaspianReport,explainer_geopolitics,16,0.0,0.0,0.0,neither / unclear,neither / unclear
@Channel5YouTube,independent_digital_news,16,-0.125,-0.125,0.0,left,left
@PBDPodcast,interview_podcast,16,0.0625,0.0625,0.0,right,right
@MichaelKnowles,right_commentary,50,0.56,0.56,0.0,right,right
@ColemanHughesOfficial,interview_podcast,50,0.3,0.3,0.0,right,right
@BenShapiro,right_commentary,50,0.38,0.38,0.0,right,right
@MLChristiansen,right_commentary,50,0.7,0.7,0.0,right,right
@NewsmaxTV,right_tv_network,50,0.54,0.54,0.0,right,right
@CBSNews,us_legacy_tv,50,0.0,0.0,0.0,neither / unclear,neither / unclear
@AsmonTV,streamer_reaction,50,0.12,0.12,0.0,right,right
@ABCNews,us_legacy_tv,50,0.0,0.0,0.0,neither / unclear,neither / unclear
@JesseKellyDC,right_commentary,50,0.58,0.58,0.0,right,right
@DylanBurnsLIVE,streamer_reaction,50,-0.12,-0.12,0.0,left,left
@FinancialTimes,wire_international,16,0.0,0.0,0.0,neither / unclear,neither / unclear
@AssociatedPress,wire_international,50,-0.02,-0.02,0.0,neither / unclear,neither / unclear
@Forthepeoplepodcast305,left_commentary,50,-0.32,-0.32,0.0,left,left
@BBCNews,wire_international,50,0.0,0.0,0.0,neither / unclear,neither / unclear
@JillianMichaels,interview_podcast,50,0.42,0.42,0.0,right,right
@RebelHQ,left_commentary,50,-0.8,-0.82,0.019999999999999907,left,left
@ChadPrather1,right_commentary,50,0.48,0.46,0.019999999999999962,right,right
@AnthonyBrianLogan,right_commentary,50,0.42,0.4,0.019999999999999962,right,right
@SabbySabs,left_commentary,50,-0.16,-0.18,0.01999999999999999,left,left
@RealAlexClark,right_commentary,50,0.16,0.14,0.01999999999999999,right,right
@POLITICO,us_press_print_digital,50,-0.04,-0.06,0.019999999999999997,neither / unclear,left
@NBCNews,us_legacy_tv,50,-0.04,-0.06,0.019999999999999997,neither / unclear,left
@ZeihanonGeopolitics,explainer_geopolitics,50,0.02,0.0,0.02,neither / unclear,neither / unclear
@LIVESNEAKO,streamer_reaction,50,-0.02,-0.04,0.02,neither / unclear,neither / unclear
@wsj,us_press_print_digital,50,0.0,-0.02,0.02,neither / unclear,neither / unclear
@CoreyGilShusterAskProject,explainer_geopolitics,50,0.02,0.0,0.02,neither / unclear,neither / unclear
@Semafor,us_press_print_digital,50,0.02,0.0,0.02,neither / unclear,neither / unclear
@aljazeeraenglish,wire_international,50,-0.06,-0.08,0.020000000000000004,left,left
@FoxNews,us_legacy_tv,50,0.38,0.36,0.020000000000000018,right,right
@dollemore,left_commentary,50,-0.84,-0.86,0.020000000000000018,left,left
@DropSiteNews,independent_digital_news,50,-0.38,-0.4,0.020000000000000018,left,left
@Timcast,right_commentary,50,0.34,0.32,0.020000000000000018,right,right
@bbrettcooper,right_commentary,50,0.26,0.24,0.020000000000000018,right,right
@RubinReport,right_commentary,50,0.66,0.64,0.020000000000000018,right,right
@HangOutwithSeanHannity,interview_podcast,50,0.28,0.26,0.020000000000000018,right,right
@briantylercohen,left_commentary,50,-0.82,-0.84,0.020000000000000018,left,left
@ActualJusticeWarrior,right_commentary,50,0.78,0.76,0.020000000000000018,right,right
@MyronGainesX,right_commentary,50,0.38,0.36,0.020000000000000018,right,right
@OutKick,right_commentary,50,0.26,0.24,0.020000000000000018,right,right
@NovaraMedia,independent_digital_news,50,-0.36,-0.38,0.020000000000000018,left,left
@AndWeKnowOfficial-o9b,right_commentary,50,0.84,0.82,0.020000000000000018,right,right
@TheDonLemonShow,left_commentary,50,-0.6,-0.62,0.020000000000000018,left,left
@franifio,humour_satire,50,-0.38,-0.4,0.020000000000000018,left,left
@katiephangnews,left_commentary,50,-0.8,-0.84,0.039999999999999925,left,left
@aaronparnas1,left_commentary,50,-0.92,-0.96,0.039999999999999925,left,left
@AfterPartyEmily,right_commentary,50,0.5,0.46,0.03999999999999998,right,right
@DarkHorsePod,centrist_heterodox,50,0.3,0.26,0.03999999999999998,right,right
@AndrewKlavan,right_commentary,50,0.44,0.4,0.03999999999999998,right,right
@moreperfectunion,independent_digital_news,50,-0.28,-0.32,0.03999999999999998,left,left
@Firstpost,wire_international,50,-0.02,-0.06,0.039999999999999994,neither / unclear,left
@CNN,us_legacy_tv,50,-0.08,-0.12,0.039999999999999994,left,left
@wethefifth,centrist_heterodox,50,0.02,-0.02,0.04,neither / unclear,neither / unclear
@PiersMorganUncensored,interview_podcast,50,0.04,0.0,0.04,neither / unclear,neither / unclear
@NewsNation,us_legacy_tv,50,0.04,0.0,0.04,neither / unclear,neither / unclear
@TimDillonShow,humour_satire,50,0.0,-0.04,0.04,neither / unclear,neither / unclear
@RSBN,right_tv_network,50,0.26,0.22,0.04000000000000001,right,right
@TimcastIRL,right_commentary,50,0.22,0.18,0.04000000000000001,right,right
@MichaelMaliceofficial,interview_podcast,50,0.22,0.18,0.04000000000000001,right,right
@EzraKleinShow,interview_podcast,50,-0.22,-0.26,0.04000000000000001,left,left
@GlennKirschner2,legal_institutional,50,-0.74,-0.78,0.040000000000000036,left,left
@breakingpoints,independent_digital_news,50,-0.5,-0.54,0.040000000000000036,left,left
@BlazeTV,right_commentary,50,0.66,0.62,0.040000000000000036,right,right
@glennbeck,right_commentary,50,0.56,0.52,0.040000000000000036,right,right
@RealAmericasVoice,right_tv_network,50,0.54,0.5,0.040000000000000036,right,right
@RonPlacone,humour_satire,50,-0.42,-0.46,0.040000000000000036,left,left
@JamarlThomas,left_commentary,50,-0.36,-0.4,0.040000000000000036,left,left
@podsaveamerica,left_commentary,50,-0.62,-0.66,0.040000000000000036,left,left
@oann,right_tv_network,50,0.28,0.24,0.040000000000000036,right,right
@deanwithrs,streamer_reaction,50,-0.9,-0.96,0.05999999999999994,left,left
@adammockler,left_commentary,50,-0.56,-0.62,0.05999999999999994,left,left
@TheMajorityReport,left_commentary,50,-0.68,-0.74,0.05999999999999994,left,left
@TheDamageReport,left_commentary,50,-0.64,-0.7,0.05999999999999994,left,left
@DemocracyNow,independent_digital_news,50,-0.52,-0.58,0.05999999999999994,left,left
@BadEmpanadaLive,streamer_reaction,50,-0.14,-0.2,0.06,left,left
@destiny,streamer_reaction,50,-0.2,-0.26,0.06,left,left
@thehill,us_press_print_digital,50,0.04,-0.02,0.06,neither / unclear,neither / unclear
@PoliticsGirl,left_commentary,50,-0.18,-0.24,0.06,left,left
@SydneyWatson,right_commentary,50,0.42,0.36,0.06,right,right
@AlexStein99,humour_satire,50,0.22,0.16,0.06,right,right
@Vaush,streamer_reaction,50,-0.3,-0.36,0.06,left,left
@StatusCoup,independent_digital_news,50,-0.72,-0.78,0.06000000000000005,left,left
@BreakThroughNews,independent_digital_news,50,-0.72,-0.78,0.06000000000000005,left,left
@AnaEscobarShow,right_commentary,16,0.125,0.0625,0.0625,right,right
@NYTOpinion,us_press_print_digital,16,-0.1875,-0.25,0.0625,left,left
@NickShirley,right_commentary,16,0.5,0.4375,0.0625,right,right
@evanjmez,left_commentary,16,-0.5,-0.5625,0.0625,left,left
@RekietaLaw,legal_institutional,16,0.1875,0.125,0.0625,right,right
@msnow,us_legacy_tv,50,-0.54,-0.62,0.07999999999999996,left,left
@RobertGouveiaEsq,legal_institutional,50,0.86,0.78,0.07999999999999996,right,right
@BadFaithPodcast,interview_podcast,50,-0.54,-0.62,0.07999999999999996,left,left
@MikeFromPA,streamer_reaction,50,-0.28,-0.36,0.07999999999999996,left,left
@marklevinshow,right_commentary,50,0.58,0.5,0.07999999999999996,right,right
@TheHumanistReport,left_commentary,50,-0.78,-0.86,0.07999999999999996,left,left
@X22Report-y5y,right_commentary,50,0.96,0.88,0.07999999999999996,right,right
@TheLincolnProject,centrist_heterodox,50,-0.56,-0.64,0.07999999999999996,left,left
@TimcastNews,right_commentary,50,0.36,0.28,0.07999999999999996,right,right
@TheRealTabithaSpeaks,left_commentary,50,-0.14,-0.22,0.07999999999999999,left,left
@TheVaushPit,streamer_reaction,50,-0.1,-0.18,0.07999999999999999,left,left
@DestinyDGGClips,streamer_reaction,50,0.1,0.02,0.08,right,neither / unclear
@TheYoungTurks,left_commentary,50,-0.26,-0.34,0.08000000000000002,left,left
@therationalnational,left_commentary,50,-0.42,-0.5,0.08000000000000002,left,left
@DailyDenims,streamer_reaction,50,-0.44,-0.52,0.08000000000000002,left,left
@harryjsisson,left_commentary,50,-0.72,-0.8,0.08000000000000007,left,left
@MeidasTouch,left_commentary,50,-0.84,-0.92,0.08000000000000007,left,left
@ponderingpolitics,left_commentary,50,-0.7,-0.78,0.08000000000000007,left,left
@BlaireWhiteX,right_commentary,11,0.7272727272727273,0.6363636363636364,0.09090909090909094,right,right
@MegynKelly,right_commentary,50,0.38,0.28,0.09999999999999998,right,right
@destinyhqclips,streamer_reaction,50,-0.02,-0.12,0.09999999999999999,neither / unclear,left
@PiscoLitty,streamer_reaction,50,-0.3,-0.4,0.10000000000000003,left,left
@RealDanBongino,right_commentary,50,0.34,0.24,0.10000000000000003,right,right
@TomiLahrenIsFearless,right_commentary,50,0.54,0.44,0.10000000000000003,right,right
@DoubleDownNews,independent_digital_news,50,-0.58,-0.68,0.10000000000000009,left,left
@FarronBalanced,left_commentary,50,-0.82,-0.92,0.10000000000000009,left,left
@Lunaoi,left_commentary,9,-0.7777777777777778,-0.8888888888888888,0.11111111111111105,left,left
@lizwheeler,right_commentary,50,0.46,0.34,0.12,right,right
@Xanderhal,streamer_reaction,50,-0.5,-0.62,0.12,left,left
@JackCocchiarellaShow,left_commentary,50,-0.8,-0.92,0.12,left,left
@lonerboxlive,streamer_reaction,50,0.06,-0.06,0.12,right,left
@JacksonHinkleOfficial,right_commentary,50,-0.04,-0.16,0.12,neither / unclear,left
@LeverNews,independent_digital_news,50,-0.52,-0.64,0.12,left,left
@MrTariqNasheed,left_commentary,50,0.18,0.06,0.12,right,right
@HasanAbi,streamer_reaction,50,-0.24,-0.36,0.12,left,left
@PartOfTheProblem,right_commentary,50,0.1,-0.02,0.12000000000000001,right,neither / unclear
@nousnetwork,explainer_geopolitics,50,-0.22,-0.34,0.12000000000000002,left,left
@ColeHastings,centrist_heterodox,16,0.125,0.0,0.125,right,neither / unclear
@SecondThought,left_commentary,16,-0.3125,-0.4375,0.125,left,left
@thomhartmann,left_commentary,50,-0.56,-0.7,0.1399999999999999,left,left
@LukeBeasley,left_commentary,50,-0.56,-0.7,0.1399999999999999,left,left
@Tim_Black,left_commentary,50,0.12,-0.02,0.13999999999999999,right,neither / unclear
https://rumble.com/c/BannonsWarRoom,right_commentary,50,0.68,0.54,0.14,right,right
@GeopoliticalEconomyReport,independent_digital_news,50,-0.6,-0.74,0.14,left,left
@jlptalk,right_commentary,50,0.64,0.5,0.14,right,right
@SMN,humour_satire,50,-0.6,-0.74,0.14,left,left
@johnnyharris,explainer_geopolitics,13,-0.15384615384615385,-0.3076923076923077,0.15384615384615385,left,left
@LeejaMiller,legal_institutional,50,-0.42,-0.58,0.15999999999999998,left,left
@RileyGaines,right_commentary,50,0.6,0.44,0.15999999999999998,right,right
@thegrayzone7996,independent_digital_news,50,-0.62,-0.78,0.16000000000000003,left,left
@thedavidpakmanshow,left_commentary,50,-0.58,-0.74,0.16000000000000003,left,left
@PragerU,right_commentary,50,0.66,0.5,0.16000000000000003,right,right
@turningpointusa,right_commentary,50,0.72,0.54,0.17999999999999994,right,right
@TheSerfTimes,streamer_reaction,50,-0.3,-0.48,0.18,left,left
https://rumble.com/c/GGreenwald,independent_digital_news,50,-0.28,-0.46,0.18,left,left
@YaBoiHakim,left_commentary,16,-0.6875,-0.875,0.1875,left,left
@PhillipScottPodcast,left_commentary,16,0.25,0.0625,0.1875,right,right
@OwenJonesTalks,left_commentary,50,-0.5,-0.7,0.19999999999999996,left,left
@ajplus,wire_international,50,-0.32,-0.52,0.2,left,left
@bushrakhanum,wire_international,16,0.0,-0.25,0.25,neither / unclear,left
@revleftradio,interview_podcast,16,-0.625,-0.875,0.25,left,left
@usefulidiots,interview_podcast,50,-0.54,-0.8,0.26,left,left
@DannyHaiphongYT,left_commentary,50,-0.66,-0.92,0.26,left,left
@NickCruseRBN,left_commentary,16,-0.0625,-0.5625,0.5,left,left
