creator,n_titles,label_qwen3_14b_n,label_qwen3_14b_left,label_qwen3_14b_right,label_qwen3_14b_neither,label_qwen3_14b_score,label_gemma3_12b_n,label_gemma3_12b_left,label_gemma3_12b_right,label_gemma3_12b_neither,label_gemma3_12b_score,label_claude_code_opus_n,label_claude_code_opus_left,label_claude_code_opus_right,label_claude_code_opus_neither,label_claude_code_opus_score,consensus_n,consensus_score,consensus_neither,mean_score,implied_side,lane,organisation,clipper,judge_of_record,judge_score,judge_side
@Lunaoi,9,9,0.2222222222222222,0.0,0.7777777777777778,-0.2222222222222222,9,0.6666666666666666,0.0,0.3333333333333333,-0.6666666666666666,9,0.8888888888888888,0.0,0.1111111111111111,-0.8888888888888888,3,-0.6666666666666666,0.3333333333333333,-0.5925925925925926,left,left_commentary,Luna Oi,False,label_claude_code_opus,-0.8888888888888888,left
@DannyHaiphongYT,50,50,0.54,0.26,0.2,-0.28,50,0.76,0.2,0.04,-0.56,50,0.92,0.0,0.08,-0.92,20,-1.0,0.0,-0.5866666666666668,left,left_commentary,Danny Haiphong,False,label_claude_code_opus,-0.92,left
@YaBoiHakim,16,16,0.25,0.125,0.625,-0.125,16,0.8125,0.0625,0.125,-0.75,16,0.875,0.0,0.125,-0.875,4,-0.75,0.25,-0.5833333333333334,left,left_commentary,Hakim,False,label_claude_code_opus,-0.875,left
@katiephangnews,50,50,0.26,0.26,0.48,0.0,50,0.82,0.08,0.1,-0.74,50,0.84,0.0,0.16,-0.84,18,-0.7222222222222222,0.2777777777777778,-0.5266666666666667,left,left_commentary,MeidasTouch Network,False,label_claude_code_opus,-0.84,left
@revleftradio,16,16,0.125,0.125,0.75,0.0,16,0.75,0.0625,0.1875,-0.6875,16,0.875,0.0,0.125,-0.875,4,-0.5,0.5,-0.5208333333333334,left,interview_podcast,Rev Left Radio,False,label_claude_code_opus,-0.875,left
@StatusCoup,50,45,0.28888888888888886,0.3111111111111111,0.4,0.022222222222222223,50,0.82,0.04,0.14,-0.78,50,0.78,0.0,0.22,-0.78,16,-0.75,0.25,-0.5125925925925926,left,independent_digital_news,Status Coup,False,label_claude_code_opus,-0.78,left
@TheDailyBeast,50,50,0.18,0.42,0.4,0.24,50,0.94,0.0,0.06,-0.94,50,0.82,0.0,0.18,-0.82,12,-0.75,0.25,-0.5066666666666667,left,us_press_print_digital,Daily Beast,False,label_claude_code_opus,-0.82,left
@BreakThroughNews,50,50,0.3,0.22,0.48,-0.08,50,0.74,0.08,0.18,-0.66,50,0.78,0.0,0.22,-0.78,19,-0.7368421052631579,0.2631578947368421,-0.5066666666666667,left,independent_digital_news,BreakThrough News,False,label_claude_code_opus,-0.78,left
@SecularTalk,50,50,0.34,0.4,0.26,0.06,50,0.8,0.1,0.1,-0.7,50,0.8,0.0,0.2,-0.8,20,-0.75,0.25,-0.48,left,left_commentary,Kyle Kulinski,False,label_claude_code_opus,-0.8,left
@harryjsisson,50,50,0.16,0.18,0.66,0.02,50,0.7,0.06,0.24,-0.64,50,0.8,0.0,0.2,-0.8,17,-0.47058823529411764,0.5294117647058824,-0.47333333333333333,left,left_commentary,Harry Sisson,False,label_claude_code_opus,-0.8,left
@TheJoyReidShow,50,50,0.32,0.08,0.6,-0.24,50,0.62,0.02,0.36,-0.6,50,0.54,0.0,0.46,-0.54,31,-0.45161290322580644,0.5483870967741935,-0.45999999999999996,left,left_commentary,Joy Reid,False,label_claude_code_opus,-0.54,left
@aaronparnas1,50,50,0.18,0.38,0.44,0.2,50,0.76,0.18,0.06,-0.58,50,0.96,0.0,0.04,-0.96,8,-1.0,0.0,-0.4466666666666666,left,left_commentary,Aaron Parnas,False,label_claude_code_opus,-0.96,left
@TheHumanistReport,50,50,0.26,0.28,0.46,0.02,50,0.64,0.14,0.22,-0.5,50,0.86,0.0,0.14,-0.86,16,-0.75,0.25,-0.4466666666666666,left,left_commentary,Humanist Report,False,label_claude_code_opus,-0.86,left
@thewarningwithsteveschmidt,50,50,0.16,0.44,0.4,0.28,50,0.86,0.0,0.14,-0.86,50,0.74,0.0,0.26,-0.74,13,-0.6153846153846154,0.38461538461538464,-0.43999999999999995,left,centrist_heterodox,Steve Schmidt,False,label_claude_code_opus,-0.74,left
@katmabu,16,16,0.125,0.0,0.875,-0.125,16,0.75,0.0,0.25,-0.75,16,0.4375,0.0,0.5625,-0.4375,5,-0.2,0.8,-0.4375,left,left_commentary,Kat Abughazaleh,False,label_claude_code_opus,-0.4375,left
@deanwithrs,50,50,0.26,0.56,0.18,0.3,50,0.8,0.16,0.04,-0.64,50,0.96,0.0,0.04,-0.96,15,-0.8666666666666667,0.13333333333333333,-0.43333333333333335,left,streamer_reaction,Dean Withers,False,label_claude_code_opus,-0.96,left
@zeteo,50,50,0.24,0.06,0.7,-0.18,50,0.56,0.04,0.4,-0.52,50,0.58,0.0,0.42,-0.58,28,-0.39285714285714285,0.6071428571428571,-0.4266666666666666,left,independent_digital_news,Zeteo,False,label_claude_code_opus,-0.58,left
@rolandsmartin,50,50,0.38,0.2,0.42,-0.18,50,0.56,0.1,0.34,-0.46,50,0.62,0.0,0.38,-0.62,31,-0.5483870967741935,0.45161290322580644,-0.42,left,independent_digital_news,Black Star Network,False,label_claude_code_opus,-0.62,left
@DemocracyDocket,50,50,0.16,0.36,0.48,0.2,50,0.7,0.08,0.22,-0.62,50,0.84,0.0,0.16,-0.84,9,-0.5555555555555556,0.4444444444444444,-0.42,left,legal_institutional,Democracy Docket,False,label_claude_code_opus,-0.84,left
@thegrayzone7996,50,50,0.22,0.28,0.5,0.06,50,0.62,0.14,0.24,-0.48,50,0.8,0.02,0.18,-0.78,16,-0.625,0.375,-0.39999999999999997,left,independent_digital_news,The Grayzone,False,label_claude_code_opus,-0.78,left
@JackCocchiarellaShow,50,50,0.02,0.36,0.62,0.34,50,0.76,0.14,0.1,-0.62,50,0.92,0.0,0.08,-0.92,3,-0.3333333333333333,0.6666666666666666,-0.39999999999999997,left,left_commentary,Jack Cocchiarella,False,label_claude_code_opus,-0.92,left
@TheDonLemonShow,50,50,0.18,0.26,0.56,0.08,50,0.7,0.08,0.22,-0.62,50,0.62,0.0,0.38,-0.62,19,-0.42105263157894735,0.5789473684210527,-0.3866666666666667,left,left_commentary,Don Lemon,False,label_claude_code_opus,-0.62,left
@usefulidiots,50,50,0.24,0.34,0.42,0.1,50,0.64,0.2,0.16,-0.44,50,0.82,0.02,0.16,-0.8,17,-0.7058823529411765,0.29411764705882354,-0.38000000000000006,left,interview_podcast,Useful Idiots,False,label_claude_code_opus,-0.8,left
@TheMajorityReport,50,50,0.2,0.34,0.46,0.14,50,0.6,0.08,0.32,-0.52,50,0.76,0.02,0.22,-0.74,21,-0.42857142857142855,0.47619047619047616,-0.37333333333333335,left,left_commentary,Majority Report,False,label_claude_code_opus,-0.74,left
@BadFaithPodcast,50,45,0.17777777777777778,0.28888888888888886,0.5333333333333333,0.1111111111111111,50,0.66,0.08,0.26,-0.58,50,0.62,0.0,0.38,-0.62,12,-0.3333333333333333,0.6666666666666666,-0.36296296296296293,left,interview_podcast,Bad Faith,False,label_claude_code_opus,-0.62,left
@msnow,50,50,0.16,0.18,0.66,0.02,50,0.52,0.04,0.44,-0.48,50,0.62,0.0,0.38,-0.62,24,-0.3333333333333333,0.6666666666666666,-0.36000000000000004,left,us_legacy_tv,MS NOW,False,label_claude_code_opus,-0.62,left
@ponderingpolitics,50,50,0.14,0.16,0.7,0.02,50,0.52,0.22,0.26,-0.3,50,0.78,0.0,0.22,-0.78,14,-0.42857142857142855,0.5714285714285714,-0.35333333333333333,left,left_commentary,Pondering Politics,False,label_claude_code_opus,-0.78,left
@DemocracyNow,50,50,0.14,0.14,0.72,0.0,50,0.46,0.02,0.52,-0.44,50,0.58,0.0,0.42,-0.58,26,-0.23076923076923078,0.7692307692307693,-0.34,left,independent_digital_news,Democracy Now!,False,label_claude_code_opus,-0.58,left
@GlennKirschner2,50,50,0.32,0.34,0.34,0.02,50,0.5,0.24,0.26,-0.26,50,0.78,0.0,0.22,-0.78,20,-0.7,0.3,-0.34,left,legal_institutional,Glenn Kirschner,False,label_claude_code_opus,-0.78,left
@GeopoliticalEconomyReport,50,50,0.08,0.24,0.68,0.16,50,0.52,0.1,0.38,-0.42,50,0.74,0.0,0.26,-0.74,12,-0.3333333333333333,0.6666666666666666,-0.3333333333333333,left,independent_digital_news,Geopolitical Economy Report,False,label_claude_code_opus,-0.74,left
@podsaveamerica,50,50,0.16,0.22,0.62,0.06,50,0.52,0.12,0.36,-0.4,50,0.66,0.0,0.34,-0.66,17,-0.35294117647058826,0.6470588235294118,-0.3333333333333333,left,left_commentary,Crooked Media,False,label_claude_code_opus,-0.66,left
@thomhartmann,50,50,0.26,0.28,0.46,0.02,50,0.46,0.16,0.38,-0.3,50,0.72,0.02,0.26,-0.7,20,-0.45,0.45,-0.32666666666666666,left,left_commentary,Thom Hartmann,False,label_claude_code_opus,-0.7,left
@OwenJonesTalks,50,50,0.22,0.26,0.52,0.04,50,0.56,0.24,0.2,-0.32,50,0.7,0.0,0.3,-0.7,14,-0.6428571428571429,0.35714285714285715,-0.32666666666666666,left,left_commentary,Owen Jones,False,label_claude_code_opus,-0.7,left
@LeverNews,50,50,0.04,0.06,0.9,0.02,50,0.46,0.12,0.42,-0.34,50,0.64,0.0,0.36,-0.64,15,-0.13333333333333333,0.8666666666666667,-0.32,left,independent_digital_news,The Lever,False,label_claude_code_opus,-0.64,left
@FarronBalanced,50,50,0.16,0.6,0.24,0.44,50,0.62,0.16,0.22,-0.46,50,0.92,0.0,0.08,-0.92,11,-0.7272727272727273,0.2727272727272727,-0.31333333333333335,left,left_commentary,Farron Balanced,False,label_claude_code_opus,-0.92,left
@LeejaMiller,50,50,0.18,0.08,0.74,-0.1,50,0.38,0.12,0.5,-0.26,50,0.58,0.0,0.42,-0.58,24,-0.2916666666666667,0.7083333333333334,-0.3133333333333333,left,legal_institutional,Leeja Miller,False,label_claude_code_opus,-0.58,left
@briantylercohen,50,50,0.14,0.44,0.42,0.3,50,0.58,0.2,0.22,-0.38,50,0.84,0.0,0.16,-0.84,12,-0.4166666666666667,0.5833333333333334,-0.30666666666666664,left,left_commentary,Brian Tyler Cohen,False,label_claude_code_opus,-0.84,left
@marclamonthillnetwork,50,50,0.2,0.06,0.74,-0.14,50,0.52,0.06,0.42,-0.46,50,0.3,0.0,0.7,-0.3,26,-0.23076923076923078,0.7692307692307693,-0.30000000000000004,left,left_commentary,Marc Lamont Hill,False,label_claude_code_opus,-0.3,left
@bulwarkmedia,50,50,0.18,0.3,0.52,0.12,50,0.66,0.14,0.2,-0.52,50,0.5,0.0,0.5,-0.5,17,-0.5294117647058824,0.47058823529411764,-0.3,left,centrist_heterodox,The Bulwark,False,label_claude_code_opus,-0.5,left
@DoubleDownNews,50,50,0.14,0.22,0.64,0.08,50,0.5,0.26,0.24,-0.24,50,0.7,0.02,0.28,-0.68,13,-0.38461538461538464,0.6153846153846154,-0.28,left,independent_digital_news,Double Down News,False,label_claude_code_opus,-0.68,left
@lovettorleaveitpodcast,50,50,0.14,0.32,0.54,0.18,50,0.54,0.08,0.38,-0.46,50,0.56,0.0,0.44,-0.56,23,-0.2608695652173913,0.7391304347826086,-0.28,left,humour_satire,Crooked Media,False,label_claude_code_opus,-0.56,left
@ajplus,50,50,0.04,0.06,0.9,0.02,50,0.32,0.02,0.66,-0.3,50,0.54,0.02,0.44,-0.52,18,-0.05555555555555555,0.9444444444444444,-0.26666666666666666,left,wire_international,Al Jazeera,False,label_claude_code_opus,-0.52,left
@DropSiteNews,50,50,0.14,0.08,0.78,-0.06,50,0.38,0.06,0.56,-0.32,50,0.4,0.0,0.6,-0.4,33,-0.21212121212121213,0.7878787878787878,-0.26,left,independent_digital_news,Drop Site,False,label_claude_code_opus,-0.4,left
@LegalAFMTN,50,50,0.24,0.54,0.22,0.3,50,0.54,0.32,0.14,-0.22,50,0.86,0.0,0.14,-0.86,12,-0.5833333333333334,0.4166666666666667,-0.26,left,legal_institutional,MeidasTouch Network,False,label_claude_code_opus,-0.86,left
@jimacosta,50,50,0.1,0.24,0.66,0.14,50,0.52,0.14,0.34,-0.38,50,0.54,0.0,0.46,-0.54,19,-0.2631578947368421,0.7368421052631579,-0.26,left,left_commentary,Jim Acosta,False,label_claude_code_opus,-0.54,left
@fastpoliticspodcast,50,50,0.02,0.3,0.68,0.28,50,0.52,0.28,0.2,-0.24,50,0.82,0.0,0.18,-0.82,6,-0.16666666666666666,0.8333333333333334,-0.25999999999999995,left,left_commentary,Fast Politics,False,label_claude_code_opus,-0.82,left
@RebelHQ,50,50,0.18,0.38,0.44,0.2,50,0.46,0.32,0.22,-0.14,50,0.82,0.0,0.18,-0.82,11,-0.5454545454545454,0.45454545454545453,-0.25333333333333335,left,left_commentary,TYT Network,False,label_claude_code_opus,-0.82,left
@SecondThought,16,16,0.0625,0.0625,0.875,0.0,16,0.375,0.0625,0.5625,-0.3125,16,0.4375,0.0,0.5625,-0.4375,9,-0.1111111111111111,0.8888888888888888,-0.25,left,left_commentary,Second Thought,False,label_claude_code_opus,-0.4375,left
@franifio,50,50,0.16,0.22,0.62,0.06,50,0.5,0.1,0.4,-0.4,50,0.44,0.04,0.52,-0.4,25,-0.28,0.64,-0.24666666666666667,left,humour_satire,Bitchuation Room,False,label_claude_code_opus,-0.4,left
@HasanReactionsfanTwo,50,50,0.1,0.34,0.56,0.24,50,0.54,0.12,0.34,-0.42,50,0.56,0.0,0.44,-0.56,18,-0.16666666666666666,0.8333333333333334,-0.24666666666666667,left,streamer_reaction,HasanAbi,True,label_claude_code_opus,-0.56,left
@cafedotcom,50,50,0.08,0.24,0.68,0.16,50,0.44,0.06,0.5,-0.38,50,0.5,0.0,0.5,-0.5,27,-0.14814814814814814,0.8518518518518519,-0.24,left,legal_institutional,CAFE,False,label_claude_code_opus,-0.5,left
@TheLincolnProject,50,50,0.04,0.2,0.76,0.16,50,0.38,0.14,0.48,-0.24,50,0.66,0.02,0.32,-0.64,14,-0.14285714285714285,0.8571428571428571,-0.24,left,centrist_heterodox,Lincoln Project,False,label_claude_code_opus,-0.64,left
@johnnyharris,13,13,0.07692307692307693,0.0,0.9230769230769231,-0.07692307692307693,13,0.3076923076923077,0.0,0.6923076923076923,-0.3076923076923077,13,0.3076923076923077,0.0,0.6923076923076923,-0.3076923076923077,10,-0.1,0.9,-0.23076923076923075,left,explainer_geopolitics,Johnny Harris,False,label_claude_code_opus,-0.3076923076923077,left
@NickCruseRBN,16,16,0.3125,0.375,0.3125,0.0625,16,0.5625,0.375,0.0625,-0.1875,16,0.75,0.1875,0.0625,-0.5625,4,-0.25,0.25,-0.22916666666666666,left,left_commentary,Revolutionary Blackout Network,False,label_claude_code_opus,-0.5625,left
@RonPlacone,50,50,0.16,0.12,0.72,-0.04,50,0.36,0.18,0.46,-0.18,50,0.46,0.0,0.54,-0.46,27,-0.2222222222222222,0.7777777777777778,-0.22666666666666668,left,humour_satire,Ron Placone,False,label_claude_code_opus,-0.46,left
@TheSerfTimes,50,50,0.2,0.24,0.56,0.04,50,0.44,0.2,0.36,-0.24,50,0.5,0.02,0.48,-0.48,20,-0.4,0.6,-0.22666666666666666,left,streamer_reaction,Serf Times,False,label_claude_code_opus,-0.48,left
@nousnetwork,50,50,0.0,0.02,0.98,0.02,50,0.44,0.08,0.48,-0.36,50,0.34,0.0,0.66,-0.34,18,0.0,1.0,-0.22666666666666666,left,explainer_geopolitics,nous,False,label_claude_code_opus,-0.34,left
@MeidasTouch,50,50,0.24,0.46,0.3,0.22,50,0.44,0.48,0.08,0.04,50,0.92,0.0,0.08,-0.92,13,-0.8461538461538461,0.15384615384615385,-0.22,left,left_commentary,MeidasTouch Network,False,label_claude_code_opus,-0.92,left
@Politicon,50,45,0.1111111111111111,0.13333333333333333,0.7555555555555555,0.022222222222222223,50,0.44,0.14,0.42,-0.3,50,0.38,0.0,0.62,-0.38,21,-0.23809523809523808,0.7619047619047619,-0.21925925925925926,left,interview_podcast,Politicon,False,label_claude_code_opus,-0.38,left
@DailyDenims,50,50,0.06,0.16,0.78,0.1,50,0.4,0.2,0.4,-0.2,50,0.52,0.0,0.48,-0.52,17,-0.058823529411764705,0.9411764705882353,-0.20666666666666667,left,streamer_reaction,Denims,True,label_claude_code_opus,-0.52,left
@EzraKleinShow,50,50,0.08,0.06,0.86,-0.02,50,0.36,0.04,0.6,-0.32,50,0.26,0.0,0.74,-0.26,30,-0.06666666666666667,0.9333333333333333,-0.20000000000000004,left,interview_podcast,New York Times,False,label_claude_code_opus,-0.26,left
@RestPoliticsUS,50,50,0.08,0.32,0.6,0.24,50,0.48,0.18,0.34,-0.3,50,0.56,0.02,0.42,-0.54,14,-0.2857142857142857,0.7142857142857143,-0.20000000000000004,left,centrist_heterodox,The Rest Is Politics US,False,label_claude_code_opus,-0.54,left
@dollemore,50,50,0.24,0.48,0.28,0.24,50,0.46,0.48,0.06,0.02,50,0.86,0.0,0.14,-0.86,10,-0.9,0.1,-0.19999999999999998,left,left_commentary,Jesse Dollemore,False,label_claude_code_opus,-0.86,left
@NovaraMedia,50,50,0.2,0.18,0.62,-0.02,50,0.36,0.16,0.48,-0.2,50,0.38,0.0,0.62,-0.38,21,-0.19047619047619047,0.8095238095238095,-0.19999999999999998,left,independent_digital_news,Novara Media,False,label_claude_code_opus,-0.38,left
@JamarlThomas,50,50,0.0,0.14,0.86,0.14,50,0.48,0.16,0.36,-0.32,50,0.4,0.0,0.6,-0.4,14,0.0,1.0,-0.19333333333333336,left,left_commentary,Jamarl Thomas,False,label_claude_code_opus,-0.4,left
@TheDamageReport,50,50,0.08,0.38,0.54,0.3,50,0.4,0.24,0.36,-0.16,50,0.7,0.0,0.3,-0.7,17,-0.17647058823529413,0.8235294117647058,-0.18666666666666665,left,left_commentary,TYT Network,False,label_claude_code_opus,-0.7,left
@Vaush,50,50,0.16,0.24,0.6,0.08,50,0.4,0.14,0.46,-0.26,50,0.4,0.04,0.56,-0.36,29,-0.13793103448275862,0.7241379310344828,-0.18000000000000002,left,streamer_reaction,Vaush,False,label_claude_code_opus,-0.36,left
@therationalnational,50,50,0.1,0.24,0.66,0.14,50,0.36,0.18,0.46,-0.18,50,0.5,0.0,0.5,-0.5,21,-0.19047619047619047,0.8095238095238095,-0.18000000000000002,left,left_commentary,Rational National,False,label_claude_code_opus,-0.5,left
@thedavidpakmanshow,50,50,0.06,0.48,0.46,0.42,50,0.5,0.28,0.22,-0.22,50,0.76,0.02,0.22,-0.74,9,-0.1111111111111111,0.8888888888888888,-0.18000000000000002,left,left_commentary,David Pakman,False,label_claude_code_opus,-0.74,left
@adammockler,50,50,0.02,0.34,0.64,0.32,50,0.44,0.22,0.34,-0.22,50,0.62,0.0,0.38,-0.62,11,0.0,1.0,-0.17333333333333334,left,left_commentary,Adam Mockler,False,label_claude_code_opus,-0.62,left
https://rumble.com/c/GGreenwald,50,50,0.24,0.2,0.56,-0.04,50,0.4,0.38,0.22,-0.02,50,0.54,0.08,0.38,-0.46,13,-0.6153846153846154,0.38461538461538464,-0.17333333333333334,left,independent_digital_news,Glenn Greenwald,False,label_claude_code_opus,-0.46,left
@evanjmez,16,16,0.125,0.5,0.375,0.375,16,0.5,0.1875,0.3125,-0.3125,16,0.5625,0.0,0.4375,-0.5625,4,0.0,1.0,-0.16666666666666666,left,left_commentary,Evan James,False,label_claude_code_opus,-0.5625,left
@Xanderhal,50,50,0.08,0.36,0.56,0.28,50,0.42,0.26,0.32,-0.16,50,0.64,0.02,0.34,-0.62,15,-0.13333333333333333,0.8666666666666667,-0.16666666666666666,left,streamer_reaction,Xanderhal,False,label_claude_code_opus,-0.62,left
@PiscoLitty,50,50,0.1,0.22,0.68,0.12,50,0.42,0.22,0.36,-0.2,50,0.4,0.0,0.6,-0.4,20,-0.2,0.8,-0.16,left,streamer_reaction,Pisco,False,label_claude_code_opus,-0.4,left
@moreperfectunion,50,50,0.0,0.06,0.94,0.06,50,0.26,0.04,0.7,-0.22,50,0.32,0.0,0.68,-0.32,31,0.0,1.0,-0.16,left,independent_digital_news,More Perfect Union,False,label_claude_code_opus,-0.32,left
@chriscuomo,50,50,0.08,0.18,0.74,0.1,50,0.36,0.16,0.48,-0.2,50,0.38,0.0,0.62,-0.38,24,-0.08333333333333333,0.9166666666666666,-0.16,left,centrist_heterodox,Chris Cuomo,False,label_claude_code_opus,-0.38,left
@SMN,50,50,0.1,0.38,0.52,0.28,50,0.4,0.4,0.2,0.0,50,0.74,0.0,0.26,-0.74,7,-0.5714285714285714,0.42857142857142855,-0.15333333333333332,left,humour_satire,Some More News,False,label_claude_code_opus,-0.74,left
@DueDissidence,50,50,0.16,0.28,0.56,0.12,50,0.48,0.26,0.26,-0.22,50,0.4,0.06,0.54,-0.34,14,-0.21428571428571427,0.7857142857142857,-0.1466666666666667,left,left_commentary,Due Dissidence,False,label_claude_code_opus,-0.34,left
@PoliticsGirl,50,50,0.14,0.04,0.82,-0.1,50,0.32,0.22,0.46,-0.1,50,0.26,0.02,0.72,-0.24,26,-0.19230769230769232,0.8076923076923077,-0.14666666666666667,left,left_commentary,PoliticsGirl,False,label_claude_code_opus,-0.24,left
@bushrakhanum,16,16,0.0,0.0,1.0,0.0,16,0.3125,0.125,0.5625,-0.1875,16,0.25,0.0,0.75,-0.25,8,0.0,1.0,-0.14583333333333334,left,wire_international,Network18,False,label_claude_code_opus,-0.25,left
@NYTOpinion,16,16,0.0,0.0,1.0,0.0,16,0.1875,0.0,0.8125,-0.1875,16,0.25,0.0,0.75,-0.25,10,0.0,1.0,-0.14583333333333334,left,us_press_print_digital,New York Times,False,label_claude_code_opus,-0.25,left
@notsoErudite,16,16,0.0,0.0625,0.9375,0.0625,16,0.3125,0.0,0.6875,-0.3125,16,0.1875,0.0,0.8125,-0.1875,10,0.0,1.0,-0.14583333333333334,left,streamer_reaction,notsoErudite,False,label_claude_code_opus,-0.1875,left
@BelleRanch,50,50,0.02,0.24,0.74,0.22,50,0.44,0.12,0.44,-0.32,50,0.32,0.0,0.68,-0.32,21,0.0,1.0,-0.14,left,left_commentary,Belle of the Ranch,False,label_claude_code_opus,-0.32,left
@LegalEagle,50,50,0.06,0.18,0.76,0.12,50,0.32,0.16,0.52,-0.16,50,0.38,0.0,0.62,-0.38,25,-0.12,0.88,-0.14,left,legal_institutional,LegalEagle,False,label_claude_code_opus,-0.38,left
@TheYoungTurks,50,50,0.1,0.22,0.68,0.12,50,0.36,0.16,0.48,-0.2,50,0.38,0.04,0.58,-0.34,19,-0.05263157894736842,0.9473684210526315,-0.14,left,left_commentary,TYT Network,False,label_claude_code_opus,-0.34,left
@PoliticsJOE,50,50,0.18,0.16,0.66,-0.02,50,0.34,0.16,0.5,-0.18,50,0.26,0.04,0.7,-0.22,28,-0.07142857142857142,0.8571428571428571,-0.13999999999999999,left,independent_digital_news,PoliticsJOE,False,label_claude_code_opus,-0.22,left
@destinyhqclips,50,50,0.12,0.14,0.74,0.02,50,0.38,0.08,0.54,-0.3,50,0.18,0.06,0.76,-0.12,27,0.0,0.9259259259259259,-0.13333333333333333,left,streamer_reaction,Destiny,True,label_claude_code_opus,-0.12,left
@MikeFromPA,50,50,0.1,0.16,0.74,0.06,50,0.36,0.26,0.38,-0.1,50,0.36,0.0,0.64,-0.36,20,-0.15,0.85,-0.13333333333333333,left,streamer_reaction,Mike from PA,False,label_claude_code_opus,-0.36,left
@underthedesknews,50,50,0.06,0.08,0.86,0.02,50,0.24,0.12,0.64,-0.12,50,0.3,0.0,0.7,-0.3,31,-0.0967741935483871,0.9032258064516129,-0.13333333333333333,left,independent_digital_news,Under the Desk News,False,label_claude_code_opus,-0.3,left
@PTLRadioShow,50,50,0.12,0.4,0.48,0.28,50,0.34,0.36,0.3,0.02,50,0.7,0.0,0.3,-0.7,16,-0.3125,0.6875,-0.1333333333333333,left,left_commentary,Pushing the Limits,False,label_claude_code_opus,-0.7,left
@HasanAbiVODs3,50,50,0.06,0.04,0.9,-0.02,50,0.22,0.0,0.78,-0.22,50,0.12,0.0,0.88,-0.12,42,-0.07142857142857142,0.9285714285714286,-0.12,left,streamer_reaction,HasanAbi,True,label_claude_code_opus,-0.12,left
@hutch,50,50,0.1,0.02,0.88,-0.08,50,0.38,0.1,0.52,-0.28,50,0.12,0.14,0.74,0.02,26,-0.038461538461538464,0.8846153846153846,-0.11333333333333334,left,streamer_reaction,Hutch,False,label_claude_code_opus,0.02,neither / unclear
@HasanabiClips,50,50,0.0,0.12,0.88,0.12,50,0.28,0.16,0.56,-0.12,50,0.34,0.0,0.66,-0.34,25,0.0,1.0,-0.11333333333333334,left,streamer_reaction,HasanAbi,True,label_claude_code_opus,-0.34,left
@TheMichaelCohenShow,50,50,0.02,0.26,0.72,0.24,50,0.32,0.3,0.38,-0.02,50,0.54,0.0,0.46,-0.54,14,0.0,1.0,-0.10666666666666669,left,left_commentary,MeidasTouch Network,False,label_claude_code_opus,-0.54,left
@doomscrollpodcast,16,16,0.0,0.0625,0.9375,0.0625,16,0.3125,0.125,0.5625,-0.1875,16,0.1875,0.0,0.8125,-0.1875,8,0.0,1.0,-0.10416666666666667,left,interview_podcast,Doomscroll,False,label_claude_code_opus,-0.1875,left
@HasanAbi,50,50,0.04,0.22,0.74,0.18,50,0.22,0.14,0.64,-0.08,50,0.36,0.0,0.64,-0.36,31,-0.03225806451612903,0.967741935483871,-0.08666666666666667,left,streamer_reaction,HasanAbi,False,label_claude_code_opus,-0.36,left
@LukeBeasley,50,50,0.06,0.44,0.5,0.38,50,0.34,0.4,0.26,0.06,50,0.7,0.0,0.3,-0.7,13,-0.15384615384615385,0.8461538461538461,-0.08666666666666666,left,left_commentary,Luke Beasley,False,label_claude_code_opus,-0.7,left
@MattBernstein1,16,16,0.0625,0.1875,0.75,0.125,16,0.375,0.3125,0.3125,-0.0625,16,0.3125,0.0,0.6875,-0.3125,5,0.0,1.0,-0.08333333333333333,left,left_commentary,Matt Bernstein,False,label_claude_code_opus,-0.3125,left
@breakingpoints,50,45,0.1111111111111111,0.24444444444444444,0.6444444444444445,0.13333333333333333,50,0.2,0.36,0.44,0.16,50,0.56,0.02,0.42,-0.54,13,-0.07692307692307693,0.9230769230769231,-0.08222222222222224,left,independent_digital_news,Breaking Points,False,label_claude_code_opus,-0.54,left
@SabbySabs,50,50,0.12,0.14,0.74,0.02,50,0.3,0.22,0.48,-0.08,50,0.2,0.02,0.78,-0.18,23,-0.08695652173913043,0.9130434782608695,-0.08,left,left_commentary,Sabby Sabs,False,label_claude_code_opus,-0.18,left
@Tim_Black,50,50,0.22,0.18,0.6,-0.04,50,0.4,0.26,0.34,-0.14,50,0.24,0.22,0.54,-0.02,20,-0.2,0.7,-0.06666666666666667,left,left_commentary,Tim Black,False,label_claude_code_opus,-0.02,neither / unclear
@DylanBurnsLIVE,50,50,0.1,0.14,0.76,0.04,50,0.28,0.16,0.56,-0.12,50,0.16,0.04,0.8,-0.12,24,-0.041666666666666664,0.9583333333333334,-0.06666666666666667,left,streamer_reaction,Dylan Burns,False,label_claude_code_opus,-0.12,left
@LastWeekTonight,16,16,0.0,0.0,1.0,0.0,16,0.1875,0.0,0.8125,-0.1875,16,0.0,0.0,1.0,0.0,13,0.0,1.0,-0.0625,left,humour_satire,HBO,False,label_claude_code_opus,0.0,neither / unclear
@DestinyDGGClips,50,50,0.02,0.06,0.92,0.04,50,0.38,0.14,0.48,-0.24,50,0.0,0.02,0.98,0.02,23,0.0,1.0,-0.06,left,streamer_reaction,Destiny,True,label_claude_code_opus,0.02,neither / unclear
@Vox,50,50,0.06,0.06,0.88,0.0,50,0.18,0.08,0.74,-0.1,50,0.1,0.02,0.88,-0.08,33,0.0,1.0,-0.06,left,us_press_print_digital,Vox,False,label_claude_code_opus,-0.08,left
@UnHerd,50,50,0.06,0.02,0.92,-0.04,50,0.16,0.12,0.72,-0.04,50,0.08,0.0,0.92,-0.08,35,-0.02857142857142857,0.9714285714285714,-0.05333333333333334,left,centrist_heterodox,UnHerd,False,label_claude_code_opus,-0.08,left
@destiny,50,50,0.08,0.22,0.7,0.14,50,0.28,0.24,0.48,-0.04,50,0.28,0.02,0.7,-0.26,22,-0.045454545454545456,0.9545454545454546,-0.05333333333333334,left,streamer_reaction,Destiny,False,label_claude_code_opus,-0.26,left
@judgingfreedom,50,50,0.06,0.14,0.8,0.08,50,0.28,0.2,0.52,-0.08,50,0.2,0.04,0.76,-0.16,22,0.045454545454545456,0.9545454545454546,-0.05333333333333334,left,interview_podcast,Judging Freedom,False,label_claude_code_opus,-0.16,left
@lonerboxlive,50,50,0.02,0.1,0.88,0.08,50,0.36,0.2,0.44,-0.16,50,0.18,0.12,0.7,-0.06,20,0.05,0.95,-0.04666666666666667,neither / unclear,streamer_reaction,LonerBox,False,label_claude_code_opus,-0.06,left
@theGuardian,16,16,0.0,0.0625,0.9375,0.0625,16,0.1875,0.0625,0.75,-0.125,16,0.0625,0.0,0.9375,-0.0625,12,0.0,1.0,-0.041666666666666664,neither / unclear,wire_international,The Guardian,False,label_claude_code_opus,-0.0625,left
@Channel5YouTube,16,16,0.0625,0.0625,0.875,0.0,16,0.1875,0.1875,0.625,0.0,16,0.125,0.0,0.875,-0.125,11,-0.09090909090909091,0.9090909090909091,-0.041666666666666664,neither / unclear,independent_digital_news,Channel 5,False,label_claude_code_opus,-0.125,left
@ColeHastings,16,16,0.0625,0.0,0.9375,-0.0625,16,0.0625,0.0,0.9375,-0.0625,16,0.0,0.0,1.0,0.0,14,0.0,1.0,-0.041666666666666664,neither / unclear,centrist_heterodox,Cole Hastings,False,label_claude_code_opus,0.0,neither / unclear
@TheEconomist,50,50,0.04,0.0,0.96,-0.04,50,0.06,0.02,0.92,-0.04,50,0.06,0.02,0.92,-0.04,47,-0.0425531914893617,0.9574468085106383,-0.04,neither / unclear,wire_international,The Economist,False,label_claude_code_opus,-0.04,neither / unclear
@nytimes,50,50,0.0,0.06,0.94,0.06,50,0.16,0.04,0.8,-0.12,50,0.06,0.0,0.94,-0.06,39,0.0,1.0,-0.04,neither / unclear,us_press_print_digital,New York Times,False,label_claude_code_opus,-0.06,left
@NPR,50,50,0.04,0.06,0.9,0.02,50,0.12,0.06,0.82,-0.06,50,0.06,0.0,0.94,-0.06,42,-0.023809523809523808,0.9761904761904762,-0.03333333333333333,neither / unclear,us_press_print_digital,NPR,False,label_claude_code_opus,-0.06,left
@Semafor,50,50,0.04,0.02,0.94,-0.02,50,0.12,0.06,0.82,-0.06,50,0.0,0.0,1.0,0.0,41,0.0,1.0,-0.02666666666666667,neither / unclear,us_press_print_digital,Semafor,False,label_claude_code_opus,0.0,neither / unclear
@TheAtlantic,50,50,0.06,0.2,0.74,0.14,50,0.16,0.18,0.66,0.02,50,0.26,0.02,0.72,-0.24,31,0.0,0.9354838709677419,-0.02666666666666666,neither / unclear,us_press_print_digital,The Atlantic,False,label_claude_code_opus,-0.24,left
@PerunAU,16,16,0.0,0.0,1.0,0.0,16,0.0625,0.0,0.9375,-0.0625,16,0.0,0.0,1.0,0.0,15,0.0,1.0,-0.020833333333333332,neither / unclear,explainer_geopolitics,Perun,False,label_claude_code_opus,0.0,neither / unclear
@OwenReport,50,50,0.12,0.24,0.64,0.12,50,0.38,0.28,0.34,-0.1,50,0.3,0.22,0.48,-0.08,18,-0.05555555555555555,0.7222222222222222,-0.020000000000000004,neither / unclear,right_commentary,Owen Shroyer,False,label_claude_code_opus,-0.08,left
@newyorker,50,50,0.0,0.04,0.96,0.04,50,0.1,0.02,0.88,-0.08,50,0.02,0.0,0.98,-0.02,44,0.0,1.0,-0.02,neither / unclear,us_press_print_digital,The New Yorker,False,label_claude_code_opus,-0.02,neither / unclear
@wsj,50,50,0.02,0.02,0.96,0.0,50,0.1,0.08,0.82,-0.02,50,0.02,0.0,0.98,-0.02,42,-0.023809523809523808,0.9761904761904762,-0.013333333333333334,neither / unclear,us_press_print_digital,Wall Street Journal,False,label_claude_code_opus,-0.02,neither / unclear
@NBCNews,50,50,0.0,0.06,0.94,0.06,50,0.08,0.04,0.88,-0.04,50,0.06,0.0,0.94,-0.06,41,0.0,1.0,-0.013333333333333334,neither / unclear,us_legacy_tv,NBC News,False,label_claude_code_opus,-0.06,left
@TheVaushPit,50,50,0.04,0.18,0.78,0.14,50,0.2,0.2,0.6,0.0,50,0.28,0.1,0.62,-0.18,28,0.03571428571428571,0.9642857142857143,-0.013333333333333327,neither / unclear,streamer_reaction,Vaush,True,label_claude_code_opus,-0.18,left
@Forthepeoplepodcast305,50,50,0.1,0.4,0.5,0.3,50,0.3,0.3,0.4,0.0,50,0.4,0.08,0.52,-0.32,18,0.0,0.7777777777777778,-0.006666666666666672,neither / unclear,left_commentary,Niko House,False,label_claude_code_opus,-0.32,left
@Reuters,50,50,0.0,0.1,0.9,0.1,50,0.18,0.08,0.74,-0.1,50,0.02,0.0,0.98,-0.02,36,0.0,1.0,-0.006666666666666667,neither / unclear,wire_international,Reuters,False,label_claude_code_opus,-0.02,neither / unclear
@BBCNews,50,50,0.0,0.0,1.0,0.0,50,0.02,0.0,0.98,-0.02,50,0.0,0.0,1.0,0.0,49,0.0,1.0,-0.006666666666666667,neither / unclear,wire_international,BBC,False,label_claude_code_opus,0.0,neither / unclear
@CoreyGilShusterAskProject,50,50,0.0,0.0,1.0,0.0,50,0.08,0.06,0.86,-0.02,50,0.0,0.0,1.0,0.0,43,0.0,1.0,-0.006666666666666667,neither / unclear,explainer_geopolitics,Ask Project,False,label_claude_code_opus,0.0,neither / unclear
@CaspianReport,16,16,0.0,0.0,1.0,0.0,16,0.0,0.0,1.0,0.0,16,0.0,0.0,1.0,0.0,16,0.0,1.0,0.0,neither / unclear,explainer_geopolitics,CaspianReport,False,label_claude_code_opus,0.0,neither / unclear
@SNEAKO,5,5,0.0,0.0,1.0,0.0,5,0.0,0.0,1.0,0.0,5,0.0,0.0,1.0,0.0,5,0.0,1.0,0.0,neither / unclear,streamer_reaction,SNEAKO,False,label_claude_code_opus,0.0,neither / unclear
@ModernDayDebate,16,16,0.0,0.0,1.0,0.0,16,0.0625,0.0625,0.875,0.0,16,0.0,0.0,1.0,0.0,14,0.0,1.0,0.0,neither / unclear,streamer_reaction,Modern-Day Debate,False,label_claude_code_opus,0.0,neither / unclear
@TechCrunch,50,50,0.0,0.0,1.0,0.0,50,0.0,0.0,1.0,0.0,50,0.0,0.0,1.0,0.0,50,0.0,1.0,0.0,neither / unclear,us_press_print_digital,TechCrunch,False,label_claude_code_opus,0.0,neither / unclear
@FinancialTimes,16,16,0.0,0.0,1.0,0.0,16,0.0,0.0,1.0,0.0,16,0.0,0.0,1.0,0.0,16,0.0,1.0,0.0,neither / unclear,wire_international,Financial Times,False,label_claude_code_opus,0.0,neither / unclear
@Forbes,50,50,0.0,0.02,0.98,0.02,50,0.06,0.04,0.9,-0.02,50,0.0,0.0,1.0,0.0,45,0.0,1.0,0.0,neither / unclear,us_press_print_digital,Forbes,False,label_claude_code_opus,0.0,neither / unclear
@PhillipScottPodcast,16,16,0.1875,0.125,0.6875,-0.0625,16,0.3125,0.3125,0.375,0.0,16,0.0625,0.125,0.8125,0.0625,4,0.0,1.0,0.0,neither / unclear,left_commentary,Phillip Scott,False,label_claude_code_opus,0.0625,right
@axios,50,50,0.0,0.0,1.0,0.0,50,0.08,0.08,0.84,0.0,50,0.0,0.0,1.0,0.0,42,0.0,1.0,0.0,neither / unclear,us_press_print_digital,Axios,False,label_claude_code_opus,0.0,neither / unclear
@aljazeeraenglish,50,50,0.0,0.04,0.96,0.04,50,0.12,0.16,0.72,0.04,50,0.08,0.0,0.92,-0.08,36,0.0,1.0,0.0,neither / unclear,wire_international,Al Jazeera,False,label_claude_code_opus,-0.08,left
@SkyNews,50,50,0.0,0.04,0.96,0.04,50,0.1,0.12,0.78,0.02,50,0.04,0.0,0.96,-0.04,38,0.0,1.0,0.006666666666666665,neither / unclear,wire_international,Sky News,False,label_claude_code_opus,-0.04,neither / unclear
@joerogan,50,50,0.0,0.0,1.0,0.0,50,0.0,0.02,0.98,0.02,50,0.0,0.0,1.0,0.0,49,0.0,1.0,0.006666666666666667,neither / unclear,interview_podcast,Joe Rogan,False,label_claude_code_opus,0.0,neither / unclear
@ZeihanonGeopolitics,50,50,0.0,0.0,1.0,0.0,50,0.0,0.04,0.96,0.04,50,0.0,0.0,1.0,0.0,48,0.0,1.0,0.013333333333333334,neither / unclear,explainer_geopolitics,Peter Zeihan,False,label_claude_code_opus,0.0,neither / unclear
@TimDillonShow,50,50,0.0,0.0,1.0,0.0,50,0.04,0.12,0.84,0.08,50,0.04,0.0,0.96,-0.04,42,0.0,1.0,0.013333333333333334,neither / unclear,humour_satire,Tim Dillon,False,label_claude_code_opus,-0.04,neither / unclear
@chinainsights-r2w,50,50,0.06,0.14,0.8,0.08,50,0.18,0.12,0.7,-0.06,50,0.02,0.06,0.92,0.04,31,0.0,1.0,0.02,neither / unclear,independent_digital_news,China Insights,False,label_claude_code_opus,0.04,neither / unclear
@TheRealTabithaSpeaks,50,50,0.08,0.16,0.76,0.08,50,0.16,0.38,0.46,0.22,50,0.26,0.04,0.7,-0.22,22,-0.13636363636363635,0.8636363636363636,0.02666666666666666,neither / unclear,left_commentary,Tabitha Speaks,False,label_claude_code_opus,-0.22,left
@BrittanyVenti,50,50,0.0,0.04,0.96,0.04,50,0.1,0.06,0.84,-0.04,50,0.02,0.1,0.88,0.08,38,0.0,1.0,0.02666666666666667,neither / unclear,right_commentary,Brittany Venti,False,label_claude_code_opus,0.08,right
@samharrisorg,50,50,0.06,0.16,0.78,0.1,50,0.16,0.2,0.64,0.04,50,0.16,0.1,0.74,-0.06,34,0.029411764705882353,0.8529411764705882,0.026666666666666672,neither / unclear,interview_podcast,Sam Harris,False,label_claude_code_opus,-0.06,left
@CNN,50,50,0.02,0.16,0.82,0.14,50,0.18,0.24,0.58,0.06,50,0.12,0.0,0.88,-0.12,28,0.0,1.0,0.026666666666666672,neither / unclear,us_legacy_tv,CNN,False,label_claude_code_opus,-0.12,left
@CBSNews,50,50,0.06,0.08,0.86,0.02,50,0.12,0.2,0.68,0.08,50,0.0,0.0,1.0,0.0,34,0.0,1.0,0.03333333333333333,neither / unclear,us_legacy_tv,CBS News,False,label_claude_code_opus,0.0,neither / unclear
@AssociatedPress,50,50,0.02,0.0,0.98,-0.02,50,0.04,0.18,0.78,0.14,50,0.02,0.0,0.98,-0.02,40,-0.025,0.975,0.03333333333333333,neither / unclear,wire_international,Associated Press,False,label_claude_code_opus,-0.02,neither / unclear
@wethefifth,50,50,0.02,0.12,0.86,0.1,50,0.22,0.24,0.54,0.02,50,0.12,0.1,0.78,-0.02,22,0.0,1.0,0.03333333333333333,neither / unclear,centrist_heterodox,The Fifth Column,False,label_claude_code_opus,-0.02,neither / unclear
@PartOfTheProblem,50,50,0.02,0.22,0.76,0.2,50,0.3,0.22,0.48,-0.08,50,0.14,0.12,0.74,-0.02,23,0.043478260869565216,0.9565217391304348,0.03333333333333333,neither / unclear,right_commentary,Dave Smith,False,label_claude_code_opus,-0.02,neither / unclear
@BadEmpanadaLive,50,50,0.12,0.28,0.6,0.16,50,0.24,0.4,0.36,0.16,50,0.36,0.16,0.48,-0.2,16,-0.125,0.75,0.04,neither / unclear,streamer_reaction,BadEmpanada,False,label_claude_code_opus,-0.2,left
@Unpacked,16,16,0.0,0.0,1.0,0.0,16,0.0,0.0625,0.9375,0.0625,16,0.0,0.0625,0.9375,0.0625,14,0.0,1.0,0.041666666666666664,neither / unclear,explainer_geopolitics,Unpacked,False,label_claude_code_opus,0.0625,right
@ClubRandomPodcast,50,50,0.0,0.04,0.96,0.04,50,0.02,0.08,0.9,0.06,50,0.02,0.06,0.92,0.04,45,0.022222222222222223,0.9777777777777777,0.04666666666666667,neither / unclear,interview_podcast,Bill Maher,False,label_claude_code_opus,0.04,neither / unclear
@NYTPodcasts,50,50,0.0,0.1,0.9,0.1,50,0.1,0.26,0.64,0.16,50,0.12,0.0,0.88,-0.12,32,0.0,1.0,0.04666666666666667,neither / unclear,us_press_print_digital,New York Times,False,label_claude_code_opus,-0.12,left
@markets,50,50,0.0,0.08,0.92,0.08,50,0.04,0.12,0.84,0.08,50,0.0,0.0,1.0,0.0,40,0.0,1.0,0.05333333333333334,right,us_press_print_digital,Bloomberg,False,label_claude_code_opus,0.0,neither / unclear
@60minutes,50,50,0.0,0.04,0.96,0.04,50,0.0,0.12,0.88,0.12,50,0.0,0.0,1.0,0.0,43,0.0,1.0,0.05333333333333334,right,us_legacy_tv,CBS News,False,label_claude_code_opus,0.0,neither / unclear
@NewsNation,50,50,0.08,0.12,0.8,0.04,50,0.16,0.3,0.54,0.14,50,0.06,0.06,0.88,0.0,27,0.0,0.9259259259259259,0.060000000000000005,right,us_legacy_tv,NewsNation,False,label_claude_code_opus,0.0,neither / unclear
@thehill,50,50,0.02,0.16,0.82,0.14,50,0.26,0.32,0.42,0.06,50,0.04,0.02,0.94,-0.02,21,0.0,1.0,0.060000000000000005,right,us_press_print_digital,The Hill,False,label_claude_code_opus,-0.02,neither / unclear
@USATODAY,50,50,0.02,0.14,0.84,0.12,50,0.1,0.24,0.66,0.14,50,0.06,0.02,0.92,-0.04,32,0.03125,0.96875,0.07333333333333333,right,us_press_print_digital,USA Today,False,label_claude_code_opus,-0.04,neither / unclear
@ABCNews,50,50,0.02,0.1,0.88,0.08,50,0.04,0.18,0.78,0.14,50,0.0,0.0,1.0,0.0,39,0.0,1.0,0.07333333333333335,right,us_legacy_tv,ABC News,False,label_claude_code_opus,0.0,neither / unclear
@POLITICO,50,50,0.02,0.2,0.78,0.18,50,0.18,0.28,0.54,0.1,50,0.12,0.06,0.82,-0.06,26,0.038461538461538464,0.9615384615384616,0.07333333333333335,right,us_press_print_digital,Politico,False,label_claude_code_opus,-0.06,left
@Firstpost,50,50,0.02,0.12,0.86,0.1,50,0.04,0.22,0.74,0.18,50,0.06,0.0,0.94,-0.06,36,0.0,1.0,0.07333333333333335,right,wire_international,Network18,False,label_claude_code_opus,-0.06,left
@AsmonTV,50,50,0.0,0.04,0.96,0.04,50,0.0,0.08,0.92,0.08,50,0.0,0.12,0.88,0.12,43,0.023255813953488372,0.9767441860465116,0.08,right,streamer_reaction,Asmongold,True,label_claude_code_opus,0.12,right
@ClipsCandaceOwens,50,50,0.02,0.04,0.94,0.02,50,0.1,0.28,0.62,0.18,50,0.02,0.06,0.92,0.04,31,0.03225806451612903,0.967741935483871,0.08,right,right_commentary,Candace Owens,True,label_claude_code_opus,0.04,neither / unclear
@mikhaila,16,16,0.0,0.0,1.0,0.0,16,0.0,0.0625,0.9375,0.0625,16,0.0,0.1875,0.8125,0.1875,13,0.0,1.0,0.08333333333333333,right,interview_podcast,Mikhaila Peterson,False,label_claude_code_opus,0.1875,right
@SavSays,16,16,0.0625,0.0,0.9375,-0.0625,16,0.125,0.125,0.75,0.0,16,0.0,0.3125,0.6875,0.3125,9,0.0,1.0,0.08333333333333333,right,right_commentary,Sav Says,False,label_claude_code_opus,0.3125,right
@AlexStein99,50,50,0.02,0.06,0.92,0.04,50,0.12,0.18,0.7,0.06,50,0.1,0.26,0.64,0.16,28,0.03571428571428571,0.8928571428571429,0.08666666666666667,right,humour_satire,Alex Stein,False,label_claude_code_opus,0.16,right
@ANINewsIndia,50,50,0.0,0.06,0.94,0.06,50,0.04,0.24,0.72,0.2,50,0.0,0.02,0.98,0.02,34,0.0,1.0,0.09333333333333334,right,wire_international,ANI,False,label_claude_code_opus,0.02,neither / unclear
@LIVESNEAKO,50,50,0.0,0.1,0.9,0.1,50,0.06,0.28,0.66,0.22,50,0.08,0.04,0.88,-0.04,31,0.0,1.0,0.09333333333333334,right,streamer_reaction,SNEAKO,False,label_claude_code_opus,-0.04,neither / unclear
@MrTariqNasheed,50,50,0.0,0.06,0.94,0.06,50,0.08,0.24,0.68,0.16,50,0.02,0.08,0.9,0.06,35,0.05714285714285714,0.9428571428571428,0.09333333333333334,right,left_commentary,Tariq Nasheed,False,label_claude_code_opus,0.06,right
@TimcastIRL,50,50,0.02,0.12,0.86,0.1,50,0.12,0.14,0.74,0.02,50,0.0,0.18,0.82,0.18,36,0.05555555555555555,0.9444444444444444,0.09999999999999999,right,right_commentary,Timcast,False,label_claude_code_opus,0.18,right
@thejimmydoreshow,50,50,0.16,0.42,0.42,0.26,50,0.3,0.36,0.34,0.06,50,0.18,0.16,0.66,-0.02,19,0.15789473684210525,0.7368421052631579,0.09999999999999999,right,left_commentary,Jimmy Dore,False,label_claude_code_opus,-0.02,neither / unclear
@PrisonPlanetLive,16,16,0.0,0.0,1.0,0.0,16,0.1875,0.3125,0.5,0.125,16,0.0,0.1875,0.8125,0.1875,8,0.0,1.0,0.10416666666666667,right,right_commentary,Paul Joseph Watson,False,label_claude_code_opus,0.1875,right
@JacksonHinkleOfficial,50,50,0.08,0.24,0.68,0.16,50,0.12,0.46,0.42,0.34,50,0.24,0.08,0.68,-0.16,19,0.0,0.8947368421052632,0.11333333333333333,right,right_commentary,Jackson Hinkle,False,label_claude_code_opus,-0.16,left
@TimesNowWorld,50,50,0.06,0.22,0.72,0.16,50,0.22,0.4,0.38,0.18,50,0.0,0.02,0.98,0.02,18,0.0,1.0,0.12,right,wire_international,Times Group,False,label_claude_code_opus,0.02,neither / unclear
@triggerpod,50,50,0.04,0.12,0.84,0.08,50,0.06,0.2,0.74,0.14,50,0.0,0.16,0.84,0.16,39,0.10256410256410256,0.8974358974358975,0.12666666666666668,right,interview_podcast,Triggernometry,False,label_claude_code_opus,0.16,right
@timesofindia,50,50,0.06,0.24,0.7,0.18,50,0.16,0.44,0.4,0.28,50,0.1,0.02,0.88,-0.08,18,0.0,1.0,0.12666666666666668,right,wire_international,Times Group,False,label_claude_code_opus,-0.08,left
https://rumble.com/c/russellbrand,50,50,0.0,0.02,0.98,0.02,50,0.08,0.24,0.68,0.16,50,0.0,0.22,0.78,0.22,32,0.03125,0.96875,0.13333333333333333,right,centrist_heterodox,Russell Brand,False,label_claude_code_opus,0.22,right
@The_Crucible,50,50,0.1,0.2,0.7,0.1,50,0.16,0.32,0.52,0.16,50,0.08,0.22,0.7,0.14,25,0.04,0.96,0.13333333333333333,right,streamer_reaction,The Crucible,False,label_claude_code_opus,0.14,right
@RealAlexClark,50,50,0.0,0.04,0.96,0.04,50,0.08,0.32,0.6,0.24,50,0.04,0.18,0.78,0.14,31,0.06451612903225806,0.9354838709677419,0.13999999999999999,right,right_commentary,Turning Point USA,False,label_claude_code_opus,0.14,right
@morebridgetphetasy,50,50,0.04,0.14,0.82,0.1,50,0.16,0.24,0.6,0.08,50,0.04,0.28,0.68,0.24,31,0.16129032258064516,0.8387096774193549,0.13999999999999999,right,interview_podcast,Bridget Phetasy,False,label_claude_code_opus,0.24,right
@bbrettcooper,50,50,0.04,0.08,0.88,0.04,50,0.08,0.22,0.7,0.14,50,0.0,0.24,0.76,0.24,34,0.08823529411764706,0.9117647058823529,0.14,right,right_commentary,Brett Cooper,False,label_claude_code_opus,0.24,right
@OfficialFlagrant,16,16,0.0,0.0625,0.9375,0.0625,16,0.0,0.3125,0.6875,0.3125,16,0.0,0.0625,0.9375,0.0625,11,0.0,1.0,0.14583333333333334,right,humour_satire,Flagrant,False,label_claude_code_opus,0.0625,right
@PBDPodcast,16,16,0.0,0.0625,0.9375,0.0625,16,0.0,0.3125,0.6875,0.3125,16,0.0,0.0625,0.9375,0.0625,11,0.0,1.0,0.14583333333333334,right,interview_podcast,Valuetainment,False,label_claude_code_opus,0.0625,right
@nypost,50,50,0.0,0.12,0.88,0.12,50,0.02,0.26,0.72,0.24,50,0.0,0.1,0.9,0.1,35,0.05714285714285714,0.9428571428571428,0.15333333333333332,right,us_press_print_digital,New York Post,False,label_claude_code_opus,0.1,right
@ColemanHughesOfficial,50,50,0.08,0.12,0.8,0.04,50,0.16,0.3,0.54,0.14,50,0.02,0.32,0.66,0.3,30,0.16666666666666666,0.8333333333333334,0.16,right,interview_podcast,Coleman Hughes,False,label_claude_code_opus,0.3,right
@DarkHorsePod,50,50,0.0,0.08,0.92,0.08,50,0.08,0.26,0.66,0.18,50,0.0,0.26,0.74,0.26,34,0.11764705882352941,0.8823529411764706,0.17333333333333334,right,centrist_heterodox,DarkHorse,False,label_claude_code_opus,0.26,right
@PiersMorganUncensored,50,50,0.04,0.38,0.58,0.34,50,0.26,0.44,0.3,0.18,50,0.06,0.06,0.88,0.0,17,0.17647058823529413,0.8235294117647058,0.17333333333333334,right,interview_podcast,Piers Morgan,False,label_claude_code_opus,0.0,neither / unclear
@TheAdamCarollaShow1,50,50,0.04,0.14,0.82,0.1,50,0.12,0.28,0.6,0.16,50,0.02,0.3,0.68,0.28,32,0.15625,0.84375,0.18000000000000002,right,interview_podcast,Adam Carolla,False,label_claude_code_opus,0.28,right
@LiberalHivemind,50,50,0.1,0.14,0.76,0.04,50,0.06,0.26,0.68,0.2,50,0.0,0.3,0.7,0.3,34,0.11764705882352941,0.8823529411764706,0.18000000000000002,right,right_commentary,Liberal Hivemind,False,label_claude_code_opus,0.3,right
@Styxhexenhammer666,50,50,0.04,0.18,0.78,0.14,50,0.14,0.3,0.56,0.16,50,0.02,0.26,0.72,0.24,29,0.10344827586206896,0.896551724137931,0.18000000000000002,right,right_commentary,Styxhexenhammer,False,label_claude_code_opus,0.24,right
@RedactedNews,50,45,0.044444444444444446,0.08888888888888889,0.8666666666666667,0.044444444444444446,50,0.16,0.5,0.34,0.34,50,0.06,0.22,0.72,0.16,13,0.07692307692307693,0.9230769230769231,0.1814814814814815,right,independent_digital_news,Redacted,False,label_claude_code_opus,0.16,right
@KimIversen,50,50,0.0,0.24,0.76,0.24,50,0.12,0.36,0.52,0.24,50,0.1,0.18,0.72,0.08,25,0.12,0.88,0.18666666666666665,right,centrist_heterodox,Kim Iversen,False,label_claude_code_opus,0.08,right
@ThePodcastoftheLotusEaters,50,50,0.0,0.1,0.9,0.1,50,0.14,0.4,0.46,0.26,50,0.0,0.22,0.78,0.22,27,0.14814814814814814,0.8518518518518519,0.19333333333333333,right,right_commentary,Lotus Eaters,False,label_claude_code_opus,0.22,right
@MegynKelly,50,50,0.04,0.08,0.88,0.04,50,0.08,0.34,0.58,0.26,50,0.0,0.28,0.72,0.28,31,0.12903225806451613,0.8709677419354839,0.19333333333333336,right,right_commentary,Megyn Kelly,False,label_claude_code_opus,0.28,right
@TimcastNews,50,50,0.06,0.22,0.72,0.16,50,0.12,0.26,0.62,0.14,50,0.0,0.28,0.72,0.28,33,0.18181818181818182,0.8181818181818182,0.19333333333333336,right,right_commentary,Timcast,False,label_claude_code_opus,0.28,right
@RealDanBongino,50,50,0.02,0.14,0.84,0.12,50,0.08,0.32,0.6,0.24,50,0.02,0.26,0.72,0.24,34,0.17647058823529413,0.8235294117647058,0.19999999999999998,right,right_commentary,Dan Bongino,False,label_claude_code_opus,0.24,right
@FleccasTalks,50,50,0.06,0.18,0.76,0.12,50,0.14,0.28,0.58,0.14,50,0.0,0.36,0.64,0.36,32,0.21875,0.78125,0.20666666666666667,right,right_commentary,Fleccas Talks,False,label_claude_code_opus,0.36,right
@TuckerCarlson,50,50,0.12,0.18,0.7,0.06,50,0.14,0.5,0.36,0.36,50,0.08,0.28,0.64,0.2,23,0.13043478260869565,0.6956521739130435,0.20666666666666667,right,interview_podcast,Tucker Carlson Network,False,label_claude_code_opus,0.2,right
@RufoandLomez,50,50,0.08,0.22,0.7,0.14,50,0.24,0.38,0.38,0.14,50,0.06,0.42,0.52,0.36,22,0.3181818181818182,0.6818181818181818,0.21333333333333335,right,right_commentary,Rufo & Lomez,False,label_claude_code_opus,0.36,right
@FreshFitMiami,50,50,0.0,0.0,1.0,0.0,50,0.02,0.44,0.54,0.42,50,0.0,0.22,0.78,0.22,26,0.0,1.0,0.21333333333333335,right,right_commentary,Fresh & Fit,False,label_claude_code_opus,0.22,right
@AfterPartyEmily,50,50,0.12,0.12,0.76,0.0,50,0.22,0.42,0.36,0.2,50,0.0,0.46,0.54,0.46,21,0.23809523809523808,0.7619047619047619,0.22,right,right_commentary,Emily Jashinsky,False,label_claude_code_opus,0.46,right
@OutKick,50,50,0.04,0.24,0.72,0.2,50,0.06,0.28,0.66,0.22,50,0.0,0.24,0.76,0.24,35,0.14285714285714285,0.8571428571428571,0.22,right,right_commentary,Fox Corporation,False,label_claude_code_opus,0.24,right
@laurenchenclips,50,50,0.04,0.2,0.76,0.16,50,0.16,0.34,0.5,0.18,50,0.04,0.38,0.58,0.34,27,0.25925925925925924,0.7407407407407407,0.22666666666666666,right,right_commentary,Lauren Chen,True,label_claude_code_opus,0.34,right
@Timcast,50,50,0.08,0.16,0.76,0.08,50,0.04,0.36,0.6,0.32,50,0.0,0.32,0.68,0.32,34,0.17647058823529413,0.8235294117647058,0.24,right,right_commentary,Timcast,False,label_claude_code_opus,0.32,right
@RSBN,50,50,0.0,0.18,0.82,0.18,50,0.02,0.34,0.64,0.32,50,0.0,0.22,0.78,0.22,30,0.16666666666666666,0.8333333333333334,0.24,right,right_tv_network,RSBN,False,label_claude_code_opus,0.22,right
@MichaelMaliceofficial,50,50,0.0,0.14,0.86,0.14,50,0.04,0.44,0.52,0.4,50,0.0,0.18,0.82,0.18,28,0.14285714285714285,0.8571428571428571,0.24,right,interview_podcast,Michael Malice,False,label_claude_code_opus,0.18,right
@BlaireWhiteX,11,11,0.0,0.2727272727272727,0.7272727272727273,0.2727272727272727,11,0.45454545454545453,0.2727272727272727,0.2727272727272727,-0.18181818181818182,11,0.0,0.6363636363636364,0.36363636363636365,0.6363636363636364,4,0.25,0.75,0.24242424242424243,right,right_commentary,Blaire White,False,label_claude_code_opus,0.6363636363636364,right
@TheAmalaEkpunobi,50,50,0.18,0.24,0.58,0.06,50,0.28,0.36,0.36,0.08,50,0.0,0.62,0.38,0.62,22,0.3181818181818182,0.6818181818181818,0.25333333333333335,right,right_commentary,Amala Ekpunobi,False,label_claude_code_opus,0.62,right
@StevenCrowder,50,50,0.04,0.2,0.76,0.16,50,0.08,0.38,0.54,0.3,50,0.0,0.34,0.66,0.34,31,0.1935483870967742,0.8064516129032258,0.26666666666666666,right,right_commentary,Louder with Crowder,False,label_claude_code_opus,0.34,right
@FoxNewsChannelClips,50,50,0.06,0.24,0.7,0.18,50,0.16,0.42,0.42,0.26,50,0.0,0.36,0.64,0.36,27,0.25925925925925924,0.7407407407407407,0.26666666666666666,right,us_legacy_tv,Fox News,True,label_claude_code_opus,0.36,right
@AnaEscobarShow,16,16,0.0625,0.1875,0.75,0.125,16,0.0,0.625,0.375,0.625,16,0.0,0.0625,0.9375,0.0625,7,0.14285714285714285,0.8571428571428571,0.2708333333333333,right,right_commentary,Ana Escobar,False,label_claude_code_opus,0.0625,right
@JillianMichaels,50,50,0.12,0.26,0.62,0.14,50,0.16,0.42,0.42,0.26,50,0.02,0.44,0.54,0.42,24,0.3333333333333333,0.6666666666666666,0.2733333333333334,right,interview_podcast,Jillian Michaels,False,label_claude_code_opus,0.42,right
@AndrewKlavan,50,50,0.04,0.22,0.74,0.18,50,0.16,0.4,0.44,0.24,50,0.0,0.4,0.6,0.4,30,0.26666666666666666,0.7333333333333333,0.2733333333333334,right,right_commentary,Daily Wire,False,label_claude_code_opus,0.4,right
@MattWalsh,50,50,0.06,0.24,0.7,0.18,50,0.14,0.36,0.5,0.22,50,0.02,0.44,0.54,0.42,32,0.28125,0.71875,0.2733333333333334,right,right_commentary,Daily Wire,False,label_claude_code_opus,0.42,right
@nationalreview,50,50,0.24,0.28,0.48,0.04,50,0.42,0.4,0.18,-0.02,50,0.0,0.8,0.2,0.8,9,0.4444444444444444,0.5555555555555556,0.2733333333333334,right,us_press_print_digital,National Review,False,label_claude_code_opus,0.8,right
@ZubyMusic,50,50,0.02,0.18,0.8,0.16,50,0.08,0.38,0.54,0.3,50,0.0,0.38,0.62,0.38,32,0.25,0.75,0.27999999999999997,right,interview_podcast,Zuby,False,label_claude_code_opus,0.38,right
@BenShapiro,50,50,0.06,0.18,0.76,0.12,50,0.12,0.46,0.42,0.34,50,0.02,0.4,0.58,0.38,26,0.23076923076923078,0.7692307692307693,0.28,right,right_commentary,Daily Wire,False,label_claude_code_opus,0.38,right
@oann,50,50,0.0,0.2,0.8,0.2,50,0.02,0.44,0.54,0.42,50,0.0,0.24,0.76,0.24,31,0.22580645161290322,0.7741935483870968,0.2866666666666667,right,right_tv_network,OAN,False,label_claude_code_opus,0.24,right
@dineshdsouza,50,50,0.04,0.2,0.76,0.16,50,0.06,0.44,0.5,0.38,50,0.0,0.32,0.68,0.32,31,0.25806451612903225,0.7419354838709677,0.2866666666666667,right,right_commentary,Dinesh D'Souza,False,label_claude_code_opus,0.32,right
@HangOutwithSeanHannity,50,50,0.0,0.18,0.82,0.18,50,0.02,0.44,0.54,0.42,50,0.0,0.26,0.74,0.26,32,0.15625,0.84375,0.2866666666666667,right,interview_podcast,Sean Hannity,False,label_claude_code_opus,0.26,right
@newdiscourses,50,50,0.02,0.2,0.78,0.18,50,0.12,0.5,0.38,0.38,50,0.0,0.3,0.7,0.3,22,0.22727272727272727,0.7727272727272727,0.2866666666666667,right,right_commentary,New Discourses,False,label_claude_code_opus,0.3,right
https://rumble.com/c/TheAlexJonesShowLive,50,49,0.02040816326530612,0.14285714285714285,0.8367346938775511,0.12244897959183673,50,0.0,0.42,0.58,0.42,50,0.0,0.32,0.68,0.32,35,0.2,0.8,0.2874829931972789,right,right_commentary,InfoWars,False,label_claude_code_opus,0.32,right
@fightbackpodcast,50,50,0.08,0.22,0.7,0.14,50,0.06,0.54,0.4,0.48,50,0.06,0.32,0.62,0.26,21,0.23809523809523808,0.7619047619047619,0.29333333333333333,right,right_commentary,Jake Shields,False,label_claude_code_opus,0.26,right
@JustPearlyThings,50,50,0.04,0.24,0.72,0.2,50,0.14,0.32,0.54,0.18,50,0.0,0.52,0.48,0.52,24,0.2916666666666667,0.7083333333333334,0.3,right,right_commentary,Pearl,False,label_claude_code_opus,0.52,right
@MyronGainesX,50,50,0.12,0.24,0.64,0.12,50,0.12,0.54,0.34,0.42,50,0.02,0.38,0.6,0.36,22,0.2727272727272727,0.6363636363636364,0.3,right,right_commentary,Myron Gaines,False,label_claude_code_opus,0.36,right
@glennbeck,50,50,0.06,0.18,0.76,0.12,50,0.14,0.4,0.46,0.26,50,0.0,0.52,0.48,0.52,30,0.3,0.7,0.3,right,right_commentary,Blaze Media,False,label_claude_code_opus,0.52,right
@AnthonyBrianLogan,50,50,0.02,0.16,0.82,0.14,50,0.06,0.44,0.5,0.38,50,0.0,0.4,0.6,0.4,26,0.23076923076923078,0.7692307692307693,0.3066666666666667,right,right_commentary,Anthony Brian Logan,False,label_claude_code_opus,0.4,right
@XAVIAER,50,50,0.1,0.36,0.54,0.26,50,0.24,0.36,0.4,0.12,50,0.02,0.56,0.42,0.54,28,0.39285714285714285,0.6071428571428571,0.3066666666666667,right,right_commentary,PragerU,False,label_claude_code_opus,0.54,right
@RekietaLaw,16,16,0.0,0.3125,0.6875,0.3125,16,0.0,0.5,0.5,0.5,16,0.0,0.125,0.875,0.125,9,0.1111111111111111,0.8888888888888888,0.3125,right,legal_institutional,Rekieta Law,False,label_claude_code_opus,0.125,right
@RebelNewsOnline,50,50,0.1,0.18,0.72,0.08,50,0.06,0.42,0.52,0.36,50,0.0,0.5,0.5,0.5,25,0.28,0.72,0.3133333333333333,right,independent_digital_news,Rebel News,False,label_claude_code_opus,0.5,right
@SydneyWatson,50,50,0.02,0.3,0.68,0.28,50,0.04,0.34,0.62,0.3,50,0.0,0.36,0.64,0.36,31,0.2903225806451613,0.7096774193548387,0.31333333333333335,right,right_commentary,Sydney Watson,False,label_claude_code_opus,0.36,right
@theisabelbrown,50,50,0.08,0.26,0.66,0.18,50,0.18,0.42,0.4,0.24,50,0.02,0.58,0.4,0.56,20,0.4,0.6,0.32666666666666666,right,right_commentary,Isabel Brown,False,label_claude_code_opus,0.56,right
@Shoe0nHead,10,10,0.0,0.2,0.8,0.2,10,0.2,0.3,0.5,0.1,10,0.0,0.7,0.3,0.7,3,0.3333333333333333,0.6666666666666666,0.3333333333333333,right,centrist_heterodox,Shoe0nHead,False,label_claude_code_opus,0.7,right
@TomiLahrenIsFearless,50,50,0.04,0.2,0.76,0.16,50,0.06,0.48,0.46,0.42,50,0.0,0.44,0.56,0.44,27,0.25925925925925924,0.7407407407407407,0.34,right,right_commentary,Tomi Lahren,False,label_claude_code_opus,0.44,right
@jlptalk,50,50,0.04,0.22,0.74,0.18,50,0.16,0.52,0.32,0.36,50,0.0,0.5,0.5,0.5,22,0.4090909090909091,0.5909090909090909,0.3466666666666667,right,right_commentary,Jesse Lee Peterson,False,label_claude_code_opus,0.5,right
@StosselTV,50,50,0.1,0.2,0.7,0.1,50,0.24,0.54,0.22,0.3,50,0.02,0.68,0.3,0.66,15,0.4,0.4666666666666667,0.35333333333333333,right,right_commentary,John Stossel,False,label_claude_code_opus,0.66,right
@FoxNews,50,50,0.04,0.2,0.76,0.16,50,0.04,0.58,0.38,0.54,50,0.0,0.36,0.64,0.36,25,0.28,0.72,0.35333333333333333,right,us_legacy_tv,Fox News,False,label_claude_code_opus,0.36,right
@TheQuartering,50,50,0.08,0.32,0.6,0.24,50,0.06,0.48,0.46,0.42,50,0.02,0.44,0.54,0.42,28,0.2857142857142857,0.7142857142857143,0.35999999999999993,right,right_commentary,TheQuartering,False,label_claude_code_opus,0.42,right
@RealAmericasVoice,50,50,0.06,0.24,0.7,0.18,50,0.1,0.5,0.4,0.4,50,0.02,0.52,0.46,0.5,26,0.34615384615384615,0.6538461538461539,0.36000000000000004,right,right_tv_network,Real America's Voice,False,label_claude_code_opus,0.5,right
@clayandbuck,50,50,0.1,0.16,0.74,0.06,50,0.08,0.52,0.4,0.44,50,0.0,0.6,0.4,0.6,21,0.2857142857142857,0.7142857142857143,0.3666666666666667,right,right_commentary,Clay & Buck,False,label_claude_code_opus,0.6,right
@winston_marshall,50,50,0.02,0.26,0.72,0.24,50,0.06,0.42,0.52,0.36,50,0.0,0.5,0.5,0.5,29,0.3448275862068966,0.6551724137931034,0.3666666666666667,right,interview_podcast,Winston Marshall,False,label_claude_code_opus,0.5,right
@lizwheeler,50,50,0.06,0.32,0.62,0.26,50,0.06,0.56,0.38,0.5,50,0.02,0.36,0.62,0.34,26,0.34615384615384615,0.6538461538461539,0.3666666666666667,right,right_commentary,Liz Wheeler,False,label_claude_code_opus,0.34,right
@MLChristiansen,50,50,0.1,0.16,0.74,0.06,50,0.14,0.5,0.36,0.36,50,0.0,0.7,0.3,0.7,17,0.35294117647058826,0.6470588235294118,0.3733333333333333,right,right_commentary,Matt Christiansen,False,label_claude_code_opus,0.7,right
@ChadPrather1,50,50,0.04,0.2,0.76,0.16,50,0.02,0.52,0.46,0.5,50,0.0,0.46,0.54,0.46,26,0.2692307692307692,0.7307692307692307,0.37333333333333335,right,right_commentary,Chad Prather,False,label_claude_code_opus,0.46,right
https://rumble.com/c/nickjfuentes,50,50,0.18,0.5,0.32,0.32,50,0.14,0.54,0.32,0.4,50,0.1,0.5,0.4,0.4,17,0.47058823529411764,0.29411764705882354,0.37333333333333335,right,right_commentary,Nick Fuentes,False,label_claude_code_opus,0.4,right
@GrahamAllen,50,50,0.1,0.38,0.52,0.28,50,0.12,0.52,0.36,0.4,50,0.04,0.48,0.48,0.44,29,0.3793103448275862,0.5517241379310345,0.37333333333333335,right,right_commentary,Graham Allen,False,label_claude_code_opus,0.44,right
@RileyGaines,50,50,0.04,0.26,0.7,0.22,50,0.08,0.6,0.32,0.52,50,0.0,0.44,0.56,0.44,20,0.4,0.6,0.3933333333333333,right,right_commentary,Riley Gaines,False,label_claude_code_opus,0.44,right
@TheBrianKilmeadeShow,50,50,0.0,0.34,0.66,0.34,50,0.1,0.52,0.38,0.42,50,0.0,0.42,0.58,0.42,27,0.3333333333333333,0.6666666666666666,0.3933333333333333,right,right_commentary,Fox News,False,label_claude_code_opus,0.42,right
@chicksonright,50,50,0.04,0.36,0.6,0.32,50,0.06,0.68,0.26,0.62,50,0.04,0.34,0.62,0.3,20,0.45,0.55,0.41333333333333333,right,right_commentary,Chicks on the Right,False,label_claude_code_opus,0.3,right
@NickShirley,16,16,0.0,0.3125,0.6875,0.3125,16,0.0,0.5,0.5,0.5,16,0.0,0.4375,0.5625,0.4375,11,0.45454545454545453,0.5454545454545454,0.4166666666666667,right,right_commentary,Nick Shirley,False,label_claude_code_opus,0.4375,right
@SaltyCracker,50,50,0.06,0.2,0.74,0.14,50,0.1,0.56,0.34,0.46,50,0.0,0.66,0.34,0.66,21,0.42857142857142855,0.5714285714285714,0.4200000000000001,right,streamer_reaction,Salty Cracker,False,label_claude_code_opus,0.66,right
@MichaelKnowles,50,50,0.1,0.38,0.52,0.28,50,0.08,0.52,0.4,0.44,50,0.02,0.58,0.4,0.56,27,0.5185185185185185,0.48148148148148145,0.4266666666666667,right,right_commentary,Daily Wire,False,label_claude_code_opus,0.56,right
@PragerU,50,50,0.0,0.26,0.74,0.26,50,0.02,0.6,0.38,0.58,50,0.0,0.5,0.5,0.5,28,0.42857142857142855,0.5714285714285714,0.4466666666666666,right,right_commentary,PragerU,False,label_claude_code_opus,0.5,right
@RubinReport,50,50,0.1,0.38,0.52,0.28,50,0.14,0.56,0.3,0.42,50,0.02,0.66,0.32,0.64,20,0.6,0.4,0.4466666666666666,right,right_commentary,Rubin Report,False,label_claude_code_opus,0.64,right
@VivaFrei,50,50,0.06,0.18,0.76,0.12,50,0.1,0.7,0.2,0.6,50,0.02,0.66,0.32,0.64,15,0.6,0.4,0.4533333333333333,right,legal_institutional,Viva Frei,False,label_claude_code_opus,0.64,right
@JesseKellyDC,50,50,0.16,0.38,0.46,0.22,50,0.12,0.68,0.2,0.56,50,0.04,0.62,0.34,0.58,23,0.6956521739130435,0.30434782608695654,0.4533333333333333,right,right_commentary,Jesse Kelly,False,label_claude_code_opus,0.58,right
@TheOfficerTatum,50,50,0.08,0.32,0.6,0.24,50,0.0,0.6,0.4,0.6,50,0.04,0.58,0.38,0.54,28,0.4642857142857143,0.5357142857142857,0.45999999999999996,right,right_commentary,Officer Tatum,False,label_claude_code_opus,0.54,right
@marklevinshow,50,50,0.0,0.3,0.7,0.3,50,0.04,0.64,0.32,0.6,50,0.0,0.5,0.5,0.5,29,0.4482758620689655,0.5517241379310345,0.4666666666666666,right,right_commentary,Mark Levin,False,label_claude_code_opus,0.5,right
@BlazeTV,50,50,0.12,0.32,0.56,0.2,50,0.04,0.64,0.32,0.6,50,0.0,0.62,0.38,0.62,26,0.46153846153846156,0.5384615384615384,0.47333333333333333,right,right_commentary,Blaze Media,False,label_claude_code_opus,0.62,right
https://rumble.com/c/BannonsWarRoom,50,50,0.04,0.34,0.62,0.3,50,0.04,0.64,0.32,0.6,50,0.0,0.54,0.46,0.54,32,0.53125,0.46875,0.48,right,right_commentary,War Room,False,label_claude_code_opus,0.54,right
@turningpointusa,50,50,0.02,0.18,0.8,0.16,50,0.0,0.74,0.26,0.74,50,0.0,0.54,0.46,0.54,13,0.46153846153846156,0.5384615384615384,0.48,right,right_commentary,Turning Point USA,False,label_claude_code_opus,0.54,right
@MarkDice,50,50,0.14,0.4,0.46,0.26,50,0.1,0.66,0.24,0.56,50,0.04,0.66,0.3,0.62,23,0.6521739130434783,0.34782608695652173,0.48,right,right_commentary,Mark Dice,False,label_claude_code_opus,0.62,right
@ActualJusticeWarrior,50,50,0.2,0.38,0.42,0.18,50,0.14,0.66,0.2,0.52,50,0.02,0.78,0.2,0.76,20,0.7,0.3,0.48666666666666664,right,right_commentary,Actual Justice Warrior,False,label_claude_code_opus,0.76,right
@RobertGouveiaEsq,50,43,0.20930232558139536,0.3953488372093023,0.3953488372093023,0.18604651162790697,50,0.12,0.76,0.12,0.64,50,0.0,0.78,0.22,0.78,18,0.7777777777777778,0.2222222222222222,0.5353488372093024,right,legal_institutional,Robert Gouveia,False,label_claude_code_opus,0.78,right
@BlackConservativePerspective,50,50,0.16,0.54,0.3,0.38,50,0.3,0.6,0.1,0.3,50,0.0,0.96,0.04,0.96,21,0.9047619047619048,0.09523809523809523,0.5466666666666666,right,right_commentary,Black Conservative Perspective,False,label_claude_code_opus,0.96,right
@X22Report-y5y,50,50,0.0,0.44,0.56,0.44,50,0.24,0.56,0.2,0.32,50,0.0,0.88,0.12,0.88,22,0.7272727272727273,0.2727272727272727,0.5466666666666667,right,right_commentary,X22 Report,False,label_claude_code_opus,0.88,right
@NewsmaxTV,50,50,0.0,0.46,0.54,0.46,50,0.0,0.7,0.3,0.7,50,0.0,0.54,0.46,0.54,29,0.5862068965517241,0.41379310344827586,0.5666666666666667,right,right_tv_network,Newsmax,False,label_claude_code_opus,0.54,right
@DrSteveTurleyTV,50,50,0.04,0.54,0.42,0.5,50,0.14,0.6,0.26,0.46,50,0.0,0.76,0.24,0.76,31,0.7096774193548387,0.2903225806451613,0.5733333333333334,right,right_commentary,Steve Turley,False,label_claude_code_opus,0.76,right
@bennyjohnson,50,50,0.04,0.34,0.62,0.3,50,0.04,0.76,0.2,0.72,50,0.02,0.78,0.2,0.76,21,0.7142857142857143,0.2857142857142857,0.5933333333333334,right,right_commentary,Benny Johnson,False,label_claude_code_opus,0.76,right
@MrReaganUSA,16,16,0.0625,0.375,0.5625,0.3125,16,0.0,0.625,0.375,0.625,16,0.0,0.875,0.125,0.875,6,0.8333333333333334,0.16666666666666666,0.6041666666666666,right,right_commentary,Mr Reagan,False,label_claude_code_opus,0.875,right
@AndWeKnowOfficial-o9b,50,50,0.04,0.4,0.56,0.36,50,0.06,0.76,0.18,0.7,50,0.0,0.82,0.18,0.82,23,0.782608695652174,0.21739130434782608,0.6266666666666666,right,right_commentary,And We Know,False,label_claude_code_opus,0.82,right
@CashJordan,50,42,0.19047619047619047,0.5476190476190477,0.2619047619047619,0.35714285714285715,50,0.06,0.76,0.18,0.7,50,0.0,0.9,0.1,0.9,26,0.8076923076923077,0.19230769230769232,0.6523809523809524,right,right_commentary,Cash Jordan,False,label_claude_code_opus,0.9,right
@CamHigby,50,50,0.02,0.34,0.64,0.32,50,0.04,0.86,0.1,0.82,50,0.0,0.9,0.1,0.9,16,0.9375,0.0625,0.68,right,right_commentary,Cam Higby,False,label_claude_code_opus,0.9,right
@OfficialSaharTV,50,50,0.1,0.56,0.34,0.46,50,0.06,0.78,0.16,0.72,50,0.0,0.94,0.06,0.94,30,0.9,0.1,0.7066666666666667,right,right_commentary,Sahar TV,False,label_claude_code_opus,0.94,right
