genre,creator,lane,x,y,topic_cluster
videos,@60minutes,us_legacy_tv,0.2771,0.361,0
videos,@ABCNews,us_legacy_tv,0.3111,-0.2089,0
videos,@ANINewsIndia,wire_international,0.6718,-0.1274,0
videos,@ActualJusticeWarrior,right_commentary,-0.4932,0.044,0
videos,@AfterPartyEmily,right_commentary,-0.2044,0.0787,0
videos,@AlexStein99,humour_satire,0.4049,-0.5443,0
videos,@AndWeKnowOfficial-o9b,right_commentary,-0.4042,-0.5777,0
videos,@AndrewKlavan,right_commentary,-0.1447,0.3593,0
videos,@AnthonyBrianLogan,right_commentary,-0.4373,-0.2653,0
videos,@AsmonTV,streamer_reaction,-0.4773,0.2346,0
videos,@AssociatedPress,wire_international,0.3818,-0.1796,0
videos,@BBCNews,wire_international,0.4505,-0.0619,0
videos,@BadEmpanadaLive,streamer_reaction,0.3369,0.3111,0
videos,@BadFaithPodcast,interview_podcast,0.2482,0.5718,0
videos,@BelleRanch,left_commentary,0.3218,-0.4497,0
videos,@BenShapiro,right_commentary,-0.0836,0.0676,0
videos,@BlackConservativePerspective,right_commentary,-0.4264,-0.3174,0
videos,@BlazeTV,right_commentary,-0.129,-0.0921,0
videos,@BreakThroughNews,independent_digital_news,0.5975,0.0072,0
videos,@BrittanyVenti,right_commentary,-0.4646,0.5524,0
videos,@CBSNews,us_legacy_tv,0.26,-0.2072,0
videos,@CNN,us_legacy_tv,0.2363,-0.1766,0
videos,@CamHigby,right_commentary,0.085,0.6343,0
videos,@CashJordan,right_commentary,-0.3036,-0.5924,0
videos,@ChadPrather1,right_commentary,-0.5514,0.1309,0
videos,@ClipsCandaceOwens,right_commentary,0.0872,0.4732,0
videos,@ClubRandomPodcast,interview_podcast,-0.279,0.7143,2
videos,@ColemanHughesOfficial,interview_podcast,0.2786,0.5426,0
videos,@CoreyGilShusterAskProject,explainer_geopolitics,0.5217,0.581,0
videos,@DailyDenims,streamer_reaction,-0.21,0.406,0
videos,@DannyHaiphongYT,left_commentary,0.7833,-0.0938,0
videos,@DarkHorsePod,centrist_heterodox,-0.1195,0.6302,0
videos,@DemocracyDocket,legal_institutional,0.1435,-0.7469,0
videos,@DemocracyNow,independent_digital_news,0.4508,0.0244,0
videos,@DestinyDGGClips,streamer_reaction,-0.3145,0.6094,0
videos,@DoubleDownNews,independent_digital_news,0.5877,0.3998,0
videos,@DrSteveTurleyTV,right_commentary,0.2304,-0.3872,0
videos,@DropSiteNews,independent_digital_news,0.6431,0.069,0
videos,@DueDissidence,left_commentary,0.2164,-0.0271,0
videos,@DylanBurnsLIVE,streamer_reaction,0.4647,-0.3712,0
videos,@EzraKleinShow,interview_podcast,0.1937,0.4503,0
videos,@FarronBalanced,left_commentary,0.0167,-0.5243,0
videos,@Firstpost,wire_international,0.5279,-0.1154,0
videos,@FleccasTalks,right_commentary,-0.479,0.3393,0
videos,@Forbes,us_press_print_digital,0.2866,0.4531,0
videos,@Forthepeoplepodcast305,left_commentary,0.4835,0.104,0
videos,@FoxNews,us_legacy_tv,0.1211,-0.1247,0
videos,@FoxNewsChannelClips,us_legacy_tv,0.0431,-0.0572,0
videos,@FreshFitMiami,right_commentary,-0.4002,0.6836,0
videos,@GeopoliticalEconomyReport,independent_digital_news,0.6785,-0.2079,0
videos,@GlennKirschner2,legal_institutional,0.2167,-0.6893,0
videos,@GrahamAllen,right_commentary,-0.3715,-0.2551,0
videos,@HangOutwithSeanHannity,interview_podcast,-0.5387,-0.1417,0
videos,@HasanAbi,streamer_reaction,-0.2129,-0.0456,0
videos,@HasanAbiVODs3,streamer_reaction,-0.8121,-0.2906,1
videos,@HasanReactionsfanTwo,streamer_reaction,0.1087,0.1237,0
videos,@HasanabiClips,streamer_reaction,0.6006,0.3001,0
videos,@JackCocchiarellaShow,left_commentary,-0.0687,-0.6587,0
videos,@JacksonHinkleOfficial,right_commentary,0.649,0.1783,0
videos,@JamarlThomas,left_commentary,0.6857,-0.0378,0
videos,@JesseKellyDC,right_commentary,-0.2749,-0.3827,0
videos,@JillianMichaels,interview_podcast,-0.0168,0.1345,0
videos,@JustPearlyThings,right_commentary,-0.4688,0.5137,0
videos,@KimIversen,centrist_heterodox,0.3183,0.0438,0
videos,@LIVESNEAKO,streamer_reaction,0.2066,0.5351,0
videos,@LeejaMiller,legal_institutional,-0.2881,-0.4397,0
videos,@LegalAFMTN,legal_institutional,0.1419,-0.6615,0
videos,@LegalEagle,legal_institutional,-0.4122,-0.474,0
videos,@LeverNews,independent_digital_news,0.4595,-0.5125,0
videos,@LiberalHivemind,right_commentary,-0.4084,-0.1355,0
videos,@LukeBeasley,left_commentary,-0.2012,-0.6291,0
videos,@MLChristiansen,right_commentary,-0.1767,0.5843,0
videos,@MarkDice,right_commentary,-0.5296,-0.0931,0
videos,@MattWalsh,right_commentary,-0.3766,0.1492,0
videos,@MegynKelly,right_commentary,-0.2077,-0.1141,0
videos,@MeidasTouch,left_commentary,0.1395,-0.6,0
videos,@MichaelKnowles,right_commentary,-0.1535,0.1343,0
videos,@MichaelMaliceofficial,interview_podcast,-0.691,0.1959,0
videos,@MikeFromPA,streamer_reaction,0.007,0.6506,0
videos,@MrTariqNasheed,left_commentary,-0.7163,-0.0493,0
videos,@MyronGainesX,right_commentary,-0.0902,0.5914,0
videos,@NBCNews,us_legacy_tv,0.285,-0.276,0
videos,@NPR,us_press_print_digital,-0.5607,-0.4619,0
videos,@NYTPodcasts,us_press_print_digital,0.1288,0.0297,0
videos,@NewsNation,us_legacy_tv,0.1573,-0.1364,0
videos,@NewsmaxTV,right_tv_network,0.0221,-0.107,0
videos,@NovaraMedia,independent_digital_news,0.3538,0.1722,0
videos,@OfficialSaharTV,right_commentary,0.4867,0.4497,0
videos,@OutKick,right_commentary,0.7234,0.3333,0
videos,@OwenJonesTalks,left_commentary,0.5905,-0.2073,0
videos,@OwenReport,right_commentary,0.2281,0.0776,0
videos,@POLITICO,us_press_print_digital,0.3094,-0.3813,0
videos,@PTLRadioShow,left_commentary,-0.2347,-0.5116,0
videos,@PartOfTheProblem,right_commentary,0.2101,0.3757,0
videos,@PiersMorganUncensored,interview_podcast,0.4941,0.3175,0
videos,@PiscoLitty,streamer_reaction,-0.4627,-0.5097,0
videos,@Politicon,interview_podcast,-0.1642,-0.4228,0
videos,@PoliticsGirl,left_commentary,-0.2175,0.4853,0
videos,@PoliticsJOE,independent_digital_news,-0.4932,-0.3804,0
videos,@PragerU,right_commentary,0.001,0.3501,0
videos,@RSBN,right_tv_network,0.4826,0.2462,0
videos,@RealAlexClark,right_commentary,-0.5946,0.5376,0
videos,@RealAmericasVoice,right_tv_network,0.0146,-0.0838,0
videos,@RealDanBongino,right_commentary,-0.3888,0.0758,0
videos,@RebelHQ,left_commentary,-0.0586,-0.5143,0
videos,@RebelNewsOnline,independent_digital_news,-0.4514,-0.1058,0
videos,@RedactedNews,independent_digital_news,0.3516,0.0844,0
videos,@RestPoliticsUS,centrist_heterodox,0.2852,-0.4718,0
videos,@Reuters,wire_international,0.4159,-0.1432,0
videos,@RileyGaines,right_commentary,-0.6145,0.0745,0
videos,@RobertGouveiaEsq,legal_institutional,-0.3526,-0.5136,0
videos,@RonPlacone,humour_satire,-0.6134,0.3152,0
videos,@RubinReport,right_commentary,-0.2488,-0.155,0
videos,@RufoandLomez,right_commentary,0.1761,0.5637,0
videos,@SMN,humour_satire,0.1435,-0.4392,0
videos,@SabbySabs,left_commentary,0.1642,-0.0389,0
videos,@SaltyCracker,streamer_reaction,-0.5407,0.0053,0
videos,@SecularTalk,left_commentary,0.0102,-0.3087,0
videos,@Semafor,us_press_print_digital,-0.716,0.0323,0
videos,@SkyNews,wire_international,0.4384,-0.0834,0
videos,@StatusCoup,independent_digital_news,-0.1847,-0.4984,0
videos,@StevenCrowder,right_commentary,-0.4191,0.179,0
videos,@StosselTV,right_commentary,-0.529,0.493,0
videos,@Styxhexenhammer666,right_commentary,0.0098,0.1459,0
videos,@SydneyWatson,right_commentary,-0.601,0.4217,0
videos,@TechCrunch,us_press_print_digital,0.2069,0.7772,0
videos,@TheAdamCarollaShow1,interview_podcast,-0.5128,0.1335,0
videos,@TheAmalaEkpunobi,right_commentary,-0.5751,0.2792,0
videos,@TheAtlantic,us_press_print_digital,0.0494,0.2546,0
videos,@TheBrianKilmeadeShow,right_commentary,0.3866,-0.0141,0
videos,@TheDailyBeast,us_press_print_digital,0.002,-0.7382,0
videos,@TheDamageReport,left_commentary,-0.0115,-0.5173,0
videos,@TheDonLemonShow,left_commentary,-0.1727,-0.3635,0
videos,@TheEconomist,wire_international,0.4513,0.1853,0
videos,@TheHumanistReport,left_commentary,-0.2129,-0.3311,0
videos,@TheJoyReidShow,left_commentary,-0.3022,0.119,0
videos,@TheLincolnProject,centrist_heterodox,-0.1697,0.2009,0
videos,@TheMajorityReport,left_commentary,-0.067,-0.1484,0
videos,@TheMichaelCohenShow,left_commentary,0.1148,-0.4779,0
videos,@TheOfficerTatum,right_commentary,-0.4546,-0.2059,0
videos,@ThePodcastoftheLotusEaters,right_commentary,-0.2284,0.2736,0
videos,@TheQuartering,right_commentary,-0.5134,-0.0347,0
videos,@TheRealTabithaSpeaks,left_commentary,-0.3574,-0.1801,0
videos,@TheSerfTimes,streamer_reaction,-0.2967,0.4158,0
videos,@TheVaushPit,streamer_reaction,-0.1832,0.0491,0
videos,@TheYoungTurks,left_commentary,0.2316,-0.0938,0
videos,@The_Crucible,streamer_reaction,-0.3848,0.5066,0
videos,@TimDillonShow,humour_satire,0.3521,0.5331,0
videos,@Tim_Black,left_commentary,-0.6184,-0.1032,0
videos,@Timcast,right_commentary,-0.3964,-0.0438,0
videos,@TimcastIRL,right_commentary,-0.2511,-0.0206,0
videos,@TimcastNews,right_commentary,-0.3687,-0.081,0
videos,@TimesNowWorld,wire_international,0.6484,-0.164,0
videos,@TomiLahrenIsFearless,right_commentary,-0.271,0.454,0
videos,@TuckerCarlson,interview_podcast,0.3791,0.3351,0
videos,@USATODAY,us_press_print_digital,0.2142,-0.2474,0
videos,@UnHerd,centrist_heterodox,0.4558,0.2729,0
videos,@Vaush,streamer_reaction,-0.0562,-0.1986,0
videos,@VivaFrei,legal_institutional,0.202,-0.5062,0
videos,@Vox,us_press_print_digital,-0.0558,0.4046,0
videos,@X22Report-y5y,right_commentary,-0.2573,-0.7045,0
videos,@XAVIAER,right_commentary,0.0183,0.5561,0
videos,@Xanderhal,streamer_reaction,-0.3298,0.1643,0
videos,@ZeihanonGeopolitics,explainer_geopolitics,0.6222,-0.1536,0
videos,@ZubyMusic,interview_podcast,-0.2263,0.5765,0
videos,@aaronparnas1,left_commentary,0.1757,-0.577,0
videos,@adammockler,left_commentary,-0.1496,-0.6468,0
videos,@ajplus,wire_international,-0.6098,-0.2886,0
videos,@aljazeeraenglish,wire_international,0.5565,-0.0574,0
videos,@axios,us_press_print_digital,-0.6295,-0.2063,0
videos,@bbrettcooper,right_commentary,-0.3977,0.3297,0
videos,@bennyjohnson,right_commentary,-0.1092,-0.1844,0
videos,@breakingpoints,independent_digital_news,0.2797,-0.1278,0
videos,@briantylercohen,left_commentary,0.06,-0.6514,0
videos,@bulwarkmedia,centrist_heterodox,0.0143,-0.3533,0
videos,@cafedotcom,legal_institutional,0.5552,0.1644,0
videos,@chicksonright,right_commentary,-0.2261,0.3204,0
videos,@chinainsights-r2w,independent_digital_news,0.5776,-0.4445,0
videos,@chriscuomo,centrist_heterodox,0.0746,-0.2727,0
videos,@clayandbuck,right_commentary,-0.0698,-0.0271,0
videos,@deanwithrs,streamer_reaction,0.3241,0.7334,0
videos,@destiny,streamer_reaction,-0.332,0.2629,0
videos,@destinyhqclips,streamer_reaction,0.1171,0.6743,0
videos,@dineshdsouza,right_commentary,-0.6079,0.1686,0
videos,@dollemore,left_commentary,-0.0228,-0.4715,0
videos,@fastpoliticspodcast,left_commentary,0.0361,-0.6464,0
videos,@fightbackpodcast,right_commentary,0.1004,0.3739,0
videos,@franifio,humour_satire,-0.0135,0.0549,0
videos,@glennbeck,right_commentary,-0.0222,-0.0808,0
videos,@harryjsisson,left_commentary,-0.0927,-0.6705,0
videos,@hutch,streamer_reaction,-0.3388,0.5495,0
videos,@jimacosta,left_commentary,0.0599,-0.4583,0
videos,@jlptalk,right_commentary,-0.5347,0.2306,0
videos,@joerogan,interview_podcast,-0.7773,-0.378,2
videos,@judgingfreedom,interview_podcast,0.6489,-0.0145,0
videos,@katiephangnews,left_commentary,0.1055,-0.6668,0
videos,@laurenchenclips,right_commentary,-0.6472,0.2153,0
videos,@lizwheeler,right_commentary,-0.5443,-0.4079,0
videos,@lonerboxlive,streamer_reaction,0.4158,0.5008,0
videos,@lovettorleaveitpodcast,humour_satire,0.3776,0.4515,0
videos,@marclamonthillnetwork,left_commentary,0.4551,-0.4696,0
videos,@markets,us_press_print_digital,0.4706,-0.2654,0
videos,@marklevinshow,right_commentary,0.1958,0.1705,0
videos,@morebridgetphetasy,interview_podcast,-0.0556,0.4755,0
videos,@moreperfectunion,independent_digital_news,-0.7171,-0.1467,0
videos,@msnow,us_legacy_tv,0.1178,-0.3151,0
videos,@nationalreview,us_press_print_digital,-0.3389,0.058,0
videos,@newdiscourses,right_commentary,0.0382,0.7305,0
videos,@newyorker,us_press_print_digital,0.6567,-0.3881,0
videos,@nousnetwork,explainer_geopolitics,0.6459,0.4233,0
videos,@nypost,us_press_print_digital,0.3295,-0.2387,0
videos,@nytimes,us_press_print_digital,0.0108,0.5946,0
videos,@oann,right_tv_network,0.0779,-0.1382,0
videos,@podsaveamerica,left_commentary,-0.0077,-0.3936,0
videos,@ponderingpolitics,left_commentary,-0.0321,-0.6471,0
videos,@rolandsmartin,independent_digital_news,-0.3804,-0.3321,0
videos,@samharrisorg,interview_podcast,0.0114,0.4014,0
videos,@thedavidpakmanshow,left_commentary,-0.1217,-0.5479,0
videos,@thegrayzone7996,independent_digital_news,0.6682,0.0983,0
videos,@thehill,us_press_print_digital,0.1234,-0.2052,0
videos,@theisabelbrown,right_commentary,-0.4673,0.3124,0
videos,@thejimmydoreshow,left_commentary,0.2588,0.0079,0
videos,@therationalnational,left_commentary,0.1668,0.3163,0
videos,@thewarningwithsteveschmidt,centrist_heterodox,0.54,0.1048,0
videos,@thomhartmann,left_commentary,0.0915,-0.3191,0
videos,@timesofindia,wire_international,0.495,-0.1868,0
videos,@triggerpod,interview_podcast,-0.3934,0.4303,0
videos,@turningpointusa,right_commentary,-0.1837,0.7315,0
videos,@underthedesknews,independent_digital_news,-0.1023,0.4559,0
videos,@usefulidiots,interview_podcast,0.563,-0.2286,0
videos,@wethefifth,centrist_heterodox,-0.1924,-0.2639,0
videos,@winston_marshall,interview_podcast,0.062,0.5519,0
videos,@wsj,us_press_print_digital,0.5638,0.0666,0
videos,@zeteo,independent_digital_news,0.2193,-0.2872,0
videos,https://rumble.com/c/BannonsWarRoom,right_commentary,0.0989,0.0758,0
videos,https://rumble.com/c/GGreenwald,independent_digital_news,0.5546,-0.3103,0
videos,https://rumble.com/c/TheAlexJonesShowLive,right_commentary,0.2854,0.2533,0
videos,https://rumble.com/c/nickjfuentes,right_commentary,0.2483,0.1685,0
videos,https://rumble.com/c/russellbrand,centrist_heterodox,-0.3448,0.3777,0
streams,@ABCNews,us_legacy_tv,0.4427,-0.5428,5
streams,@ANINewsIndia,wire_international,0.7271,-0.0357,5
streams,@AfterPartyEmily,right_commentary,-0.6536,-0.0801,4
streams,@AnthonyBrianLogan,right_commentary,-0.5434,0.3289,4
streams,@AssociatedPress,wire_international,0.4312,-0.2408,5
streams,@BreakThroughNews,independent_digital_news,0.4753,0.4351,1
streams,@CBSNews,us_legacy_tv,0.42,-0.3572,5
streams,@CNN,us_legacy_tv,0.5661,-0.3802,5
streams,@CamHigby,right_commentary,-0.1296,-0.6739,6
streams,@ChadPrather1,right_commentary,-0.267,-0.7414,9
streams,@DannyHaiphongYT,left_commentary,0.4424,0.581,1
streams,@DueDissidence,left_commentary,-0.2896,0.4023,1
streams,@FarronBalanced,left_commentary,0.6278,0.3323,1
streams,@Firstpost,wire_international,0.5098,0.0535,5
streams,@FoxNews,us_legacy_tv,0.3058,-0.3264,5
streams,@FreshFitMiami,right_commentary,-0.7323,0.2406,0
streams,@JacksonHinkleOfficial,right_commentary,0.2764,0.6558,1
streams,@JamarlThomas,left_commentary,0.3692,0.5027,1
streams,@JustPearlyThings,right_commentary,-0.5948,0.5029,0
streams,@LIVESNEAKO,streamer_reaction,-0.0357,-0.6765,8
streams,@LukeBeasley,left_commentary,-0.1433,0.683,1
streams,@MLChristiansen,right_commentary,-0.4156,-0.0216,4
streams,@MeidasTouch,left_commentary,0.4489,0.2175,1
streams,@ModernDayDebate,streamer_reaction,-0.6776,-0.3295,9
streams,@MyronGainesX,right_commentary,-0.2865,0.2567,0
streams,@NBCNews,us_legacy_tv,0.3506,-0.6089,5
streams,@NewsNation,us_legacy_tv,0.1716,-0.3591,5
streams,@NewsmaxTV,right_tv_network,-0.0511,-0.2071,1
streams,@NickCruseRBN,left_commentary,0.1237,0.5135,1
streams,@OwenReport,right_commentary,0.1707,0.3061,1
streams,@PBDPodcast,interview_podcast,-0.0507,0.247,1
streams,@PTLRadioShow,left_commentary,0.2813,0.1666,1
streams,@PhillipScottPodcast,left_commentary,-0.6406,0.4059,0
streams,@RSBN,right_tv_network,0.21,-0.6332,5
streams,@RealAmericasVoice,right_tv_network,0.0481,-0.1145,1
streams,@RebelNewsOnline,independent_digital_news,-0.3558,-0.6594,11
streams,@RedactedNews,independent_digital_news,0.3156,0.4019,1
streams,@RekietaLaw,legal_institutional,0.6837,-0.1665,10
streams,@Reuters,wire_international,0.4625,-0.1772,5
streams,@RobertGouveiaEsq,legal_institutional,-0.1434,-0.4021,1
streams,@RubinReport,right_commentary,-0.0642,0.6844,7
streams,@SabbySabs,left_commentary,-0.4525,0.5558,4
streams,@SkyNews,wire_international,0.4359,-0.0564,5
streams,@StatusCoup,independent_digital_news,-0.3753,-0.56,6
streams,@TheDamageReport,left_commentary,-0.1419,0.3436,1
streams,@TheDonLemonShow,left_commentary,0.0661,0.1408,1
streams,@TheJoyReidShow,left_commentary,-0.2606,-0.1007,1
streams,@TheMajorityReport,left_commentary,-0.1301,0.111,1
streams,@TheOfficerTatum,right_commentary,-0.3185,-0.2815,0
streams,@ThePodcastoftheLotusEaters,right_commentary,0.1445,0.7349,3
streams,@TheSerfTimes,streamer_reaction,-0.6253,0.0366,4
streams,@TheYoungTurks,left_commentary,0.0591,0.3522,1
streams,@TimcastIRL,right_commentary,-0.1525,-0.1435,1
streams,@TimesNowWorld,wire_international,0.4628,-0.0038,5
streams,@USATODAY,us_press_print_digital,0.3802,-0.4058,5
streams,@VivaFrei,legal_institutional,-0.532,-0.2174,4
streams,@Xanderhal,streamer_reaction,-0.6392,0.1523,4
streams,@bennyjohnson,right_commentary,0.0157,-0.3284,1
streams,@bulwarkmedia,centrist_heterodox,0.1886,0.0809,1
streams,@chicksonright,right_commentary,-0.5269,0.1492,4
streams,@deanwithrs,streamer_reaction,0.5335,0.2991,1
streams,@franifio,humour_satire,-0.264,-0.4749,2
streams,@glennbeck,right_commentary,-0.0977,0.5229,1
streams,@hutch,streamer_reaction,-0.5996,-0.4999,2
streams,@jimacosta,left_commentary,-0.0145,-0.0273,1
streams,@jlptalk,right_commentary,-0.7357,-0.1647,9
streams,@judgingfreedom,interview_podcast,0.2803,0.4986,1
streams,@lizwheeler,right_commentary,-0.2719,0.5833,1
streams,@marclamonthillnetwork,left_commentary,-0.4217,0.2821,0
streams,@markets,us_press_print_digital,0.6528,0.1432,1
streams,@msnow,us_legacy_tv,0.3036,-0.4053,5
streams,@nypost,us_press_print_digital,0.5892,-0.3322,5
streams,@oann,right_tv_network,0.2684,-0.5972,5
streams,@rolandsmartin,independent_digital_news,-0.4423,-0.1957,0
streams,@thehill,us_press_print_digital,0.2787,-0.504,5
streams,@thejimmydoreshow,left_commentary,0.0435,0.5092,1
streams,@thewarningwithsteveschmidt,centrist_heterodox,-0.4166,-0.3992,1
streams,@timesofindia,wire_international,0.2867,-0.0536,5
streams,@underthedesknews,independent_digital_news,-0.3561,0.0722,1
