week,rank,word,share,baseline,delta,channels
2025-12-29,1,venezuela,0.124062,0.005940,0.118122,58
2025-12-29,2,trump,0.328571,0.231479,0.097092,77
2025-12-29,3,maduro,0.097846,0.002656,0.095189,46
2025-12-29,4,year,0.045824,0.003496,0.042328,40
2025-12-29,5,mamdani,0.048726,0.009161,0.039565,38
2025-12-29,6,fraud,0.035884,0.006320,0.029564,30
2025-12-29,7,president,0.036723,0.011303,0.025420,29
2025-12-29,8,nyc,0.024449,0.005398,0.019051,23
2025-12-29,9,zohran,0.022256,0.003367,0.018890,28
2025-12-29,10,minnesota,0.022335,0.005818,0.016517,26
2025-12-29,11,says,0.035839,0.019670,0.016168,29
2025-12-29,12,health,0.019484,0.003489,0.015995,22
2025-12-29,13,mayor,0.019159,0.003738,0.015420,25
2025-12-29,14,strikes,0.019543,0.007942,0.011601,26
2025-12-29,15,truth,0.023002,0.011462,0.011540,15
2025-12-29,16,breaking,0.029868,0.019308,0.010559,18
2025-12-29,17,donald,0.017407,0.007580,0.009827,13
2025-12-29,18,bad,0.015235,0.005933,0.009302,10
2025-12-29,19,politics,0.012421,0.004308,0.008113,13
2025-12-29,20,smith,0.010739,0.002749,0.007990,14
2026-01-05,1,venezuela,0.116388,0.005940,0.110448,104
2026-01-05,2,ice,0.122834,0.026291,0.096543,114
2026-01-05,3,maduro,0.078168,0.002656,0.075512,97
2026-01-05,4,shooting,0.059254,0.007802,0.051451,80
2026-01-05,5,minneapolis,0.054886,0.006442,0.048444,71
2026-01-05,6,greenland,0.029928,0.004452,0.025476,64
2026-01-05,7,oil,0.032484,0.007427,0.025057,67
2026-01-05,8,tim,0.027785,0.005213,0.022572,56
2026-01-05,9,minnesota,0.027081,0.005818,0.021262,59
2026-01-05,10,good,0.024812,0.004907,0.019905,51
2026-01-05,11,protests,0.023777,0.003998,0.019779,54
2026-01-05,12,fraud,0.025625,0.006320,0.019305,44
2026-01-05,13,trump,0.248285,0.231479,0.016806,122
2026-01-05,14,woman,0.020442,0.006006,0.014436,54
2026-01-05,15,regime,0.011834,0.003915,0.007919,42
2026-01-05,16,plan,0.016243,0.008371,0.007872,37
2026-01-05,17,rubio,0.011076,0.003735,0.007341,36
2026-01-05,18,mamdani,0.015699,0.009161,0.006538,39
2026-01-05,19,mark,0.011632,0.005288,0.006344,28
2026-01-05,20,change,0.010382,0.004077,0.006305,31
2026-01-12,1,ice,0.128165,0.026291,0.101874,114
2026-01-12,2,minneapolis,0.041590,0.006442,0.035147,62
2026-01-12,3,trump,0.266287,0.231479,0.034808,127
2026-01-12,4,greenland,0.031845,0.004452,0.027393,59
2026-01-12,5,minnesota,0.031110,0.005818,0.025292,69
2026-01-12,6,protests,0.023805,0.003998,0.019807,54
2026-01-12,7,venezuela,0.024857,0.005940,0.018917,54
2026-01-12,8,good,0.020331,0.004907,0.015425,50
2026-01-12,9,shooting,0.021025,0.007802,0.013222,54
2026-01-12,10,act,0.015694,0.004756,0.010938,52
2026-01-12,11,threatens,0.015538,0.004743,0.010796,49
2026-01-12,12,scott,0.013492,0.004194,0.009298,27
2026-01-12,13,fraud,0.014158,0.006320,0.007838,33
2026-01-12,14,iranian,0.012557,0.004891,0.007666,37
2026-01-12,15,nick,0.010908,0.004307,0.006602,22
2026-01-12,16,tim,0.011759,0.005213,0.006546,37
2026-01-12,17,women,0.015513,0.009045,0.006468,31
2026-01-12,18,america,0.033445,0.027127,0.006318,57
2026-01-12,19,gavin,0.008942,0.002667,0.006276,13
2026-01-12,20,doj,0.014444,0.008381,0.006063,39
2026-01-19,1,ice,0.100244,0.026291,0.073953,104
2026-01-19,2,greenland,0.078395,0.004452,0.073944,92
2026-01-19,3,trump,0.282743,0.231479,0.051264,136
2026-01-19,4,minneapolis,0.042106,0.006442,0.035663,73
2026-01-19,5,minnesota,0.034601,0.005818,0.028782,65
2026-01-19,6,world,0.036740,0.018299,0.018442,73
2026-01-19,7,doj,0.020317,0.008381,0.011936,42
2026-01-19,8,protest,0.015243,0.003847,0.011396,40
2026-01-19,9,shooting,0.018904,0.007802,0.011102,50
2026-01-19,10,peace,0.015856,0.004816,0.011040,44
2026-01-19,11,good,0.015787,0.004907,0.010881,41
2026-01-19,12,economic,0.014491,0.003742,0.010749,41
2026-01-19,13,speech,0.017188,0.007232,0.009956,49
2026-01-19,14,president,0.020305,0.011303,0.009002,41
2026-01-19,15,smith,0.011512,0.002749,0.008763,39
2026-01-19,16,europe,0.011349,0.003692,0.007657,39
2026-01-19,17,nick,0.011566,0.004307,0.007260,25
2026-01-19,18,nato,0.011139,0.004124,0.007015,32
2026-01-19,19,debate,0.019285,0.012625,0.006660,26
2026-01-19,20,newsom,0.010623,0.004273,0.006350,43
2026-01-26,1,ice,0.123274,0.026291,0.096983,117
2026-01-26,2,alex,0.054143,0.005851,0.048292,81
2026-01-26,3,minneapolis,0.048690,0.006442,0.042248,75
2026-01-26,4,minnesota,0.045926,0.005818,0.040107,79
2026-01-26,5,shooting,0.030904,0.007802,0.023102,64
2026-01-26,6,arrested,0.024197,0.004737,0.019460,64
2026-01-26,7,tim,0.018554,0.005213,0.013340,40
2026-01-26,8,trump,0.243231,0.231479,0.011752,129
2026-01-26,9,melania,0.014106,0.003393,0.010713,39
2026-01-26,10,tiktok,0.011556,0.001596,0.009960,31
2026-01-26,11,immigration,0.012772,0.003099,0.009673,32
2026-01-26,12,files,0.017855,0.008682,0.009173,53
2026-01-26,13,chaos,0.011770,0.004675,0.007096,30
2026-01-26,14,epstein,0.031060,0.024161,0.006899,63
2026-01-26,15,democrats,0.019960,0.013529,0.006431,49
2026-01-26,16,protest,0.009586,0.003847,0.005738,38
2026-01-26,17,media,0.014911,0.009252,0.005659,42
2026-01-26,18,protests,0.009488,0.003998,0.005490,39
2026-01-26,19,fbi,0.010142,0.004851,0.005291,32
2026-01-26,20,backlash,0.007776,0.002502,0.005274,28
2026-02-02,1,epstein,0.156783,0.024161,0.132622,124
2026-02-02,2,files,0.071625,0.008682,0.062943,92
2026-02-02,3,ice,0.064618,0.026291,0.038327,91
2026-02-02,4,racist,0.016124,0.003203,0.012921,43
2026-02-02,5,elections,0.013277,0.003737,0.009540,40
2026-02-02,6,minneapolis,0.013307,0.006442,0.006865,41
2026-02-02,7,power,0.012894,0.006274,0.006620,33
2026-02-02,8,fbi,0.011115,0.004851,0.006265,38
2026-02-02,9,minnesota,0.011942,0.005818,0.006124,42
2026-02-02,10,election,0.016504,0.010466,0.006039,45
2026-02-02,11,immigration,0.008831,0.003099,0.005732,33
2026-02-02,12,latest,0.008395,0.003474,0.004921,34
2026-02-02,13,act,0.009290,0.004756,0.004534,23
2026-02-02,14,andrew,0.009706,0.005329,0.004377,27
2026-02-02,15,melania,0.007728,0.003393,0.004335,28
2026-02-02,16,shocking,0.009854,0.005709,0.004146,25
2026-02-02,17,bad,0.010019,0.005933,0.004085,39
2026-02-02,18,bombshell,0.010584,0.006500,0.004085,27
2026-02-02,19,speaks,0.007649,0.003887,0.003763,30
2026-02-02,20,politics,0.007995,0.004308,0.003687,17
2026-02-09,1,epstein,0.138179,0.024161,0.114018,120
2026-02-09,2,files,0.048134,0.008682,0.039453,80
2026-02-09,3,bad,0.036018,0.005933,0.030085,72
2026-02-09,4,ice,0.046022,0.026291,0.019730,83
2026-02-09,5,hearing,0.020656,0.004823,0.015833,58
2026-02-09,6,house,0.011897,0.004286,0.007611,45
2026-02-09,7,kelly,0.010554,0.003188,0.007365,32
2026-02-09,8,people,0.018951,0.011648,0.007303,45
2026-02-09,9,fbi,0.011329,0.004851,0.006478,35
2026-02-09,10,canada,0.012323,0.005930,0.006393,37
2026-02-09,11,save,0.010934,0.004938,0.005997,29
2026-02-09,12,congress,0.011308,0.005356,0.005952,43
2026-02-09,13,starmer,0.009471,0.003876,0.005595,18
2026-02-09,14,woke,0.010328,0.005620,0.004708,13
2026-02-09,15,kids,0.008118,0.003429,0.004690,16
2026-02-09,16,problem,0.008161,0.003920,0.004241,16
2026-02-09,17,loses,0.009519,0.005318,0.004200,27
2026-02-09,18,act,0.008945,0.004756,0.004189,29
2026-02-09,19,love,0.006325,0.002289,0.004036,19
2026-02-09,20,trans,0.006871,0.003074,0.003797,16
2026-02-16,1,epstein,0.087551,0.024161,0.063390,99
2026-02-16,2,andrew,0.034349,0.005329,0.029020,69
2026-02-16,3,aoc,0.022375,0.003931,0.018444,41
2026-02-16,4,supreme court,0.024643,0.006865,0.017777,61
2026-02-16,5,files,0.026309,0.008682,0.017627,64
2026-02-16,6,arrested,0.019841,0.004737,0.015104,59
2026-02-16,7,rubio,0.013236,0.003735,0.009501,39
2026-02-16,8,black,0.021227,0.014236,0.006991,41
2026-02-16,9,interview,0.014067,0.008394,0.005672,38
2026-02-16,10,real,0.015326,0.009751,0.005575,46
2026-02-16,11,trans,0.008589,0.003074,0.005515,16
2026-02-16,12,reacts,0.014972,0.009492,0.005480,25
2026-02-16,13,james,0.009860,0.004506,0.005353,22
2026-02-16,14,president,0.016536,0.011303,0.005233,39
2026-02-16,15,scotus,0.008222,0.003590,0.004632,36
2026-02-16,16,canada,0.010560,0.005930,0.004630,23
2026-02-16,17,history,0.009653,0.005111,0.004542,34
2026-02-16,18,exposed,0.016135,0.011701,0.004434,39
2026-02-16,19,obama,0.008656,0.004266,0.004390,37
2026-02-16,20,illegal,0.007647,0.003610,0.004037,22
2026-02-23,1,state,0.075961,0.008757,0.067204,108
2026-02-23,2,trump,0.283185,0.231479,0.051706,145
2026-02-23,3,epstein,0.070767,0.024161,0.046606,96
2026-02-23,4,iran,0.115142,0.090943,0.024199,106
2026-02-23,5,speech,0.024106,0.007232,0.016873,61
2026-02-23,6,war,0.069313,0.053206,0.016108,94
2026-02-23,7,newsom,0.017721,0.004273,0.013448,43
2026-02-23,8,israel,0.035920,0.023516,0.012404,61
2026-02-23,9,democrats,0.023294,0.013529,0.009765,62
2026-02-23,10,gavin,0.011998,0.002667,0.009332,27
2026-02-23,11,files,0.017806,0.008682,0.009124,54
2026-02-23,12,usa,0.010572,0.001943,0.008629,35
2026-02-23,13,regime,0.011667,0.003915,0.007752,38
2026-02-23,14,people,0.019277,0.011648,0.007629,55
2026-02-23,15,killed,0.011342,0.004275,0.007068,44
2026-02-23,16,strike,0.011135,0.004440,0.006695,37
2026-02-23,17,strikes,0.013552,0.007942,0.005610,34
2026-02-23,18,president,0.016585,0.011303,0.005282,41
2026-02-23,19,dems,0.010959,0.005744,0.005215,29
2026-02-23,20,attack,0.015368,0.010187,0.005181,58
2026-03-02,1,iran,0.280934,0.090943,0.189991,147
2026-03-02,2,war,0.186419,0.053206,0.133214,136
2026-03-02,3,israel,0.044679,0.023516,0.021163,69
2026-03-02,4,trump,0.252379,0.231479,0.020900,141
2026-03-02,5,iranian,0.022284,0.004891,0.017393,52
2026-03-02,6,texas,0.022046,0.004787,0.017259,50
2026-03-02,7,strikes,0.023872,0.007942,0.015930,50
2026-03-02,8,regime,0.019516,0.003915,0.015601,45
2026-03-02,9,epstein,0.036377,0.024161,0.012216,70
2026-03-02,10,fired,0.012780,0.003479,0.009302,36
2026-03-02,11,hegseth,0.014877,0.006068,0.008810,49
2026-03-02,12,says,0.027456,0.019670,0.007786,51
2026-03-02,13,day,0.016747,0.010205,0.006542,34
2026-03-02,14,attack,0.016419,0.010187,0.006232,48
2026-03-02,15,strike,0.009627,0.004440,0.005187,37
2026-03-02,16,senate,0.011512,0.006350,0.005161,44
2026-03-02,17,leader,0.008266,0.003205,0.005061,36
2026-03-02,18,prices,0.008289,0.003601,0.004689,37
2026-03-02,19,loses,0.009350,0.005318,0.004031,24
2026-03-02,20,truth,0.015492,0.011462,0.004029,38
2026-03-09,1,iran,0.223625,0.090943,0.132682,126
2026-03-09,2,war,0.147429,0.053206,0.094223,113
2026-03-09,3,oil,0.030318,0.007427,0.022892,62
2026-03-09,4,trump,0.246626,0.231479,0.015147,129
2026-03-09,5,attack,0.024078,0.010187,0.013891,61
2026-03-09,6,nyc,0.019231,0.005398,0.013834,38
2026-03-09,7,israel,0.037275,0.023516,0.013759,54
2026-03-09,8,prices,0.016575,0.003601,0.012974,53
2026-03-09,9,hegseth,0.017540,0.006068,0.011472,57
2026-03-09,10,leader,0.014220,0.003205,0.011015,43
2026-03-09,11,america,0.035476,0.027127,0.008349,64
2026-03-09,12,iranian,0.013036,0.004891,0.008145,44
2026-03-09,13,save,0.012956,0.004938,0.008018,34
2026-03-09,14,attacks,0.014384,0.006618,0.007766,46
2026-03-09,15,maga,0.028296,0.021322,0.006975,40
2026-03-09,16,americans,0.013321,0.006476,0.006844,37
2026-03-09,17,regime,0.010608,0.003915,0.006693,31
2026-03-09,18,mamdani,0.015833,0.009161,0.006672,39
2026-03-09,19,media,0.015745,0.009252,0.006493,37
2026-03-09,20,strait,0.011606,0.005343,0.006263,36
2026-03-16,1,iran,0.190148,0.090943,0.099205,124
2026-03-16,2,war,0.125103,0.053206,0.071898,115
2026-03-16,3,trump,0.272091,0.231479,0.040612,135
2026-03-16,4,joe,0.032184,0.006194,0.025990,63
2026-03-16,5,israel,0.044708,0.023516,0.021192,62
2026-03-16,6,maga,0.035615,0.021322,0.014294,53
2026-03-16,7,hormuz,0.019598,0.007260,0.012338,47
2026-03-16,8,save,0.016059,0.004938,0.011122,40
2026-03-16,9,cuba,0.015743,0.004644,0.011099,44
2026-03-16,10,strait,0.015371,0.005343,0.010028,41
2026-03-16,11,tucker carlson,0.013707,0.004156,0.009551,26
2026-03-16,12,act,0.013632,0.004756,0.008876,36
2026-03-16,13,netanyahu,0.013800,0.004933,0.008867,39
2026-03-16,14,oil,0.015425,0.007427,0.007998,43
2026-03-16,15,john,0.010915,0.003901,0.007015,28
2026-03-16,16,billion,0.008822,0.003178,0.005645,30
2026-03-16,17,dead,0.010158,0.004545,0.005613,37
2026-03-16,18,america,0.032731,0.027127,0.005604,67
2026-03-16,19,iranian,0.010000,0.004891,0.005109,34
2026-03-16,20,nato,0.009153,0.004124,0.005029,35
2026-03-23,1,iran,0.166090,0.090943,0.075147,112
2026-03-23,2,war,0.094553,0.053206,0.041348,98
2026-03-23,3,cuba,0.022773,0.004644,0.018129,45
2026-03-23,4,joe,0.022320,0.006194,0.016126,36
2026-03-23,5,trump,0.245044,0.231479,0.013565,135
2026-03-23,6,israel,0.035741,0.023516,0.012225,54
2026-03-23,7,ice,0.035054,0.026291,0.008763,79
2026-03-23,8,end,0.015007,0.007231,0.007776,43
2026-03-23,9,day,0.017274,0.010205,0.007069,43
2026-03-23,10,talks,0.013096,0.006401,0.006695,43
2026-03-23,11,crisis,0.012902,0.006254,0.006648,41
2026-03-23,12,kirk,0.009516,0.003533,0.005983,16
2026-03-23,13,air,0.009516,0.003656,0.005860,32
2026-03-23,14,chaos,0.010534,0.004675,0.005859,39
2026-03-23,15,mike,0.009373,0.003989,0.005384,27
2026-03-23,16,tech,0.007837,0.002699,0.005137,23
2026-03-23,17,erika,0.008178,0.003304,0.004874,12
2026-03-23,18,plan,0.013059,0.008371,0.004689,40
2026-03-23,19,right,0.012697,0.008054,0.004643,35
2026-03-23,20,energy,0.007300,0.002791,0.004509,28
2026-03-30,1,iran,0.151679,0.090943,0.060736,115
2026-03-30,2,war,0.094147,0.053206,0.040941,99
2026-03-30,3,trump,0.264416,0.231479,0.032937,129
2026-03-30,4,fired,0.021548,0.003479,0.018069,54
2026-03-30,5,hormuz,0.017788,0.007260,0.010528,42
2026-03-30,6,strait,0.015284,0.005343,0.009942,41
2026-03-30,7,charlie kirk,0.013912,0.005517,0.008395,25
2026-03-30,8,speech,0.014675,0.007232,0.007442,50
2026-03-30,9,supreme court,0.014186,0.006865,0.007321,46
2026-03-30,10,end,0.013836,0.007231,0.006604,43
2026-03-30,11,scotus,0.009769,0.003590,0.006179,30
2026-03-30,12,oil,0.013314,0.007427,0.005887,40
2026-03-30,13,hegseth,0.011500,0.006068,0.005432,43
2026-03-30,14,kirk,0.008632,0.003533,0.005098,16
2026-03-30,15,israel,0.028235,0.023516,0.004719,50
2026-03-30,16,know,0.010153,0.005795,0.004358,24
2026-03-30,17,won't,0.009696,0.005446,0.004250,26
2026-03-30,18,nato,0.008346,0.004124,0.004222,34
2026-03-30,19,prices,0.007749,0.003601,0.004149,34
2026-03-30,20,inside,0.010369,0.006462,0.003907,29
2026-04-06,1,iran,0.215941,0.090943,0.124997,139
2026-04-06,2,trump,0.300351,0.231479,0.068872,148
2026-04-06,3,ceasefire,0.067656,0.004900,0.062756,97
2026-04-06,4,war,0.090309,0.053206,0.037103,113
2026-04-06,5,melania,0.026340,0.003393,0.022947,71
2026-04-06,6,lebanon,0.018720,0.003801,0.014919,38
2026-04-06,7,hormuz,0.020276,0.007260,0.013016,48
2026-04-06,8,strait,0.016998,0.005343,0.011655,51
2026-04-06,9,israel,0.034874,0.023516,0.011358,62
2026-04-06,10,talks,0.016464,0.006401,0.010063,40
2026-04-06,11,threatens,0.013895,0.004743,0.009152,48
2026-04-06,12,newsom,0.012501,0.004273,0.008228,21
2026-04-06,13,nato,0.012311,0.004124,0.008187,36
2026-04-06,14,deal,0.018531,0.010847,0.007684,50
2026-04-06,15,gavin,0.010203,0.002667,0.007536,15
2026-04-06,16,jones,0.011217,0.003786,0.007431,26
2026-04-06,17,tucker carlson,0.010896,0.004156,0.006740,28
2026-04-06,18,peace,0.011329,0.004816,0.006513,39
2026-04-06,19,tonight,0.007992,0.001490,0.006502,33
2026-04-06,20,die,0.007583,0.001640,0.005943,36
2026-04-13,1,trump,0.284389,0.231479,0.052910,147
2026-04-13,2,hormuz,0.039135,0.007260,0.031875,68
2026-04-13,3,iran,0.117731,0.090943,0.026788,110
2026-04-13,4,strait,0.028633,0.005343,0.023290,65
2026-04-13,5,jd vance,0.017651,0.005779,0.011873,47
2026-04-13,6,china,0.021718,0.011497,0.010221,42
2026-04-13,7,lebanon,0.013874,0.003801,0.010073,38
2026-04-13,8,talks,0.016167,0.006401,0.009766,46
2026-04-13,9,war,0.061817,0.053206,0.008612,92
2026-04-13,10,ceasefire,0.012960,0.004900,0.008061,39
2026-04-13,11,erika,0.011197,0.003304,0.007893,24
2026-04-13,12,israel,0.031113,0.023516,0.007597,59
2026-04-13,13,kirk,0.010744,0.003533,0.007210,25
2026-04-13,14,congress,0.011553,0.005356,0.006197,41
2026-04-13,15,tucker carlson,0.010308,0.004156,0.006151,18
2026-04-13,16,peace,0.010684,0.004816,0.005867,44
2026-04-13,17,california,0.011153,0.005572,0.005581,32
2026-04-13,18,ai,0.016750,0.011232,0.005518,46
2026-04-13,19,hegseth,0.011390,0.006068,0.005322,47
2026-04-13,20,donald,0.012876,0.007580,0.005296,26
2026-04-20,1,trump,0.250256,0.231479,0.018777,139
2026-04-20,2,iran,0.106640,0.090943,0.015697,101
2026-04-20,3,ceasefire,0.019110,0.004900,0.014210,51
2026-04-20,4,white house,0.018331,0.008699,0.009632,52
2026-04-20,5,democrats,0.023067,0.013529,0.009537,50
2026-04-20,6,war,0.060925,0.053206,0.007719,84
2026-04-20,7,hormuz,0.014938,0.007260,0.007678,35
2026-04-20,8,shooting,0.015208,0.007802,0.007406,44
2026-04-20,9,doj,0.015567,0.008381,0.007186,41
2026-04-20,10,fired,0.009971,0.003479,0.006493,48
2026-04-20,11,talks,0.012670,0.006401,0.006269,39
2026-04-20,12,starmer,0.009536,0.003876,0.005660,18
2026-04-20,13,zohran,0.008849,0.003367,0.005482,12
2026-04-20,14,turning,0.007734,0.002358,0.005376,16
2026-04-20,15,scandal,0.010538,0.005278,0.005261,32
2026-04-20,16,candace owens,0.010793,0.005547,0.005246,12
2026-04-20,17,strait,0.010473,0.005343,0.005130,37
2026-04-20,18,tucker,0.007524,0.002671,0.004852,13
2026-04-20,19,point,0.007749,0.003015,0.004734,13
2026-04-20,20,brian,0.007283,0.003574,0.003710,10
2026-04-27,1,king,0.031541,0.002985,0.028556,58
2026-04-27,2,shooting,0.029499,0.007802,0.021696,66
2026-04-27,3,hegseth,0.022742,0.006068,0.016675,55
2026-04-27,4,white house,0.023960,0.008699,0.015260,53
2026-04-27,5,rights,0.014548,0.002699,0.011848,36
2026-04-27,6,supreme court,0.016580,0.006865,0.009715,43
2026-04-27,7,scotus,0.013263,0.003590,0.009672,31
2026-04-27,8,james,0.013146,0.004506,0.008640,37
2026-04-27,9,debate,0.020926,0.012625,0.008301,29
2026-04-27,10,kirk,0.011810,0.003533,0.008277,24
2026-04-27,11,doj,0.016379,0.008381,0.007998,39
2026-04-27,12,violence,0.010004,0.002244,0.007760,34
2026-04-27,13,political,0.012306,0.004776,0.007531,42
2026-04-27,14,melania,0.010527,0.003393,0.007134,38
2026-04-27,15,congress,0.012486,0.005356,0.007130,46
2026-04-27,16,erika,0.009934,0.003304,0.006630,22
2026-04-27,17,david,0.009430,0.003174,0.006256,16
2026-04-27,18,day,0.016426,0.010205,0.006221,42
2026-04-27,19,act,0.010947,0.004756,0.006191,34
2026-04-27,20,interview,0.014251,0.008394,0.005857,33
2026-05-04,1,hormuz,0.019155,0.007260,0.011894,42
2026-05-04,2,rubio,0.010959,0.003735,0.007224,40
2026-05-04,3,strait,0.012329,0.005343,0.006986,35
2026-05-04,4,iran,0.097856,0.090943,0.006913,96
2026-05-04,5,black,0.020899,0.014236,0.006662,33
2026-05-04,6,freedom,0.008861,0.002465,0.006396,34
2026-05-04,7,tucker carlson,0.010396,0.004156,0.006240,21
2026-05-04,8,ceasefire,0.011024,0.004900,0.006124,40
2026-05-04,9,gop,0.014036,0.007958,0.006079,42
2026-05-04,10,obama,0.010306,0.004266,0.006040,28
2026-05-04,11,debate,0.018238,0.012625,0.005613,39
2026-05-04,12,adam,0.009271,0.003685,0.005586,16
2026-05-04,13,supreme court,0.012270,0.006865,0.005404,37
2026-05-04,14,economy,0.009773,0.004455,0.005319,31
2026-05-04,15,we're,0.007922,0.003002,0.004920,19
2026-05-04,16,democrat,0.011594,0.006931,0.004663,31
2026-05-04,17,fbi,0.009490,0.004851,0.004640,35
2026-05-04,18,china,0.016111,0.011497,0.004614,34
2026-05-04,19,massive,0.011603,0.007200,0.004402,37
2026-05-04,20,shapiro,0.008339,0.004142,0.004197,17
2026-05-11,1,china,0.074004,0.011497,0.062508,99
2026-05-11,2,starmer,0.015878,0.003876,0.012002,26
2026-05-11,3,mayor,0.012931,0.003738,0.009192,31
2026-05-11,4,exposes,0.016291,0.008104,0.008186,41
2026-05-11,5,aoc,0.011396,0.003931,0.007465,31
2026-05-11,6,exposed,0.019150,0.011701,0.007448,48
2026-05-11,7,trump,0.238065,0.231479,0.006586,132
2026-05-11,8,california,0.011730,0.005572,0.006158,36
2026-05-11,9,cia,0.008758,0.002959,0.005799,34
2026-05-11,10,uk,0.011910,0.006142,0.005769,33
2026-05-11,11,dr,0.011337,0.006245,0.005092,30
2026-05-11,12,nick,0.009380,0.004307,0.005073,15
2026-05-11,13,americans,0.011463,0.006476,0.004987,38
2026-05-11,14,people,0.016513,0.011648,0.004864,48
2026-05-11,15,israel,0.028324,0.023516,0.004808,49
2026-05-11,16,want,0.010421,0.005614,0.004807,29
2026-05-11,17,data,0.008422,0.003782,0.004640,24
2026-05-11,18,race,0.008744,0.004278,0.004466,32
2026-05-11,19,victory,0.007464,0.003008,0.004456,17
2026-05-11,20,doesn't,0.008316,0.003980,0.004336,23
2026-05-18,1,cuba,0.020126,0.004644,0.015482,51
2026-05-18,2,trump,0.246589,0.231479,0.015110,130
2026-05-18,3,maga,0.032288,0.021322,0.010967,53
2026-05-18,4,ai,0.020083,0.011232,0.008851,48
2026-05-18,5,election,0.017889,0.010466,0.007423,46
2026-05-18,6,biden,0.010970,0.003896,0.007074,30
2026-05-18,7,billion,0.010129,0.003178,0.006951,36
2026-05-18,8,republicans,0.015169,0.008439,0.006730,42
2026-05-18,9,breaking,0.025936,0.019308,0.006627,47
2026-05-18,10,big,0.013821,0.007341,0.006481,46
2026-05-18,11,putin,0.010314,0.004309,0.006004,26
2026-05-18,12,israeli,0.011226,0.005368,0.005858,28
2026-05-18,13,attack,0.015604,0.010187,0.005417,42
2026-05-18,14,loses,0.010661,0.005318,0.005343,37
2026-05-18,15,lost,0.009589,0.004783,0.004806,27
2026-05-18,16,black,0.019001,0.014236,0.004765,26
2026-05-18,17,happened,0.009290,0.004603,0.004687,23
2026-05-18,18,california,0.010054,0.005572,0.004482,37
2026-05-18,19,change,0.008419,0.004077,0.004342,25
2026-05-18,20,republican,0.008971,0.004755,0.004216,31
2026-05-25,1,deal,0.036929,0.010847,0.026082,64
2026-05-25,2,hasan,0.028165,0.009449,0.018716,38
2026-05-25,3,texas,0.021798,0.004787,0.017011,52
2026-05-25,4,piker,0.017263,0.003866,0.013397,28
2026-05-25,5,peace,0.015153,0.004816,0.010336,42
2026-05-25,6,israel,0.033703,0.023516,0.010187,51
2026-05-25,7,cuba,0.013952,0.004644,0.009308,27
2026-05-25,8,day,0.018888,0.010205,0.008683,52
2026-05-25,9,biden,0.012198,0.003896,0.008302,39
2026-05-25,10,democrats,0.020658,0.013529,0.007129,36
2026-05-25,11,white house,0.015448,0.008699,0.006749,46
2026-05-25,12,health,0.009303,0.003489,0.005814,37
2026-05-25,13,ai,0.016607,0.011232,0.005374,42
2026-05-25,14,mayor,0.008871,0.003738,0.005133,25
2026-05-25,15,judge,0.010679,0.005579,0.005100,30
2026-05-25,16,james,0.009506,0.004506,0.005000,26
2026-05-25,17,strikes,0.012669,0.007942,0.004727,40
2026-05-25,18,nyc,0.009819,0.005398,0.004422,18
2026-05-25,19,reality,0.007931,0.003624,0.004307,22
2026-05-25,20,red,0.008183,0.003881,0.004302,23
2026-06-01,1,platner,0.025146,0.003924,0.021223,39
2026-06-01,2,california,0.023109,0.005572,0.017537,46
2026-06-01,3,uk,0.023631,0.006142,0.017489,52
2026-06-01,4,hasan,0.026875,0.009449,0.017427,38
2026-06-01,5,israel,0.036360,0.023516,0.012844,53
2026-06-01,6,graham,0.016156,0.003630,0.012526,30
2026-06-01,7,rubio,0.012909,0.003735,0.009174,42
2026-06-01,8,murder,0.013637,0.004464,0.009173,38
2026-06-01,9,biden,0.012999,0.003896,0.009103,38
2026-06-01,10,lebanon,0.012586,0.003801,0.008784,33
2026-06-01,11,piker,0.012138,0.003866,0.008272,25
2026-06-01,12,scandal,0.013407,0.005278,0.008129,39
2026-06-01,13,congress,0.012588,0.005356,0.007233,39
2026-06-01,14,race,0.011367,0.004278,0.007089,38
2026-06-01,15,minutes,0.010230,0.003181,0.007050,31
2026-06-01,16,election,0.016206,0.010466,0.005740,44
2026-06-01,17,debate,0.018098,0.012625,0.005473,40
2026-06-01,18,house,0.009606,0.004286,0.005320,37
2026-06-01,19,police,0.009964,0.004777,0.005187,36
2026-06-01,20,vote,0.008268,0.003191,0.005077,39
2026-06-08,1,cup,0.018752,0.003571,0.015181,46
2026-06-08,2,world,0.033000,0.018299,0.014702,57
2026-06-08,3,israel,0.036774,0.023516,0.013258,65
2026-06-08,4,game,0.014577,0.002967,0.011610,42
2026-06-08,5,elon musk,0.014242,0.003377,0.010865,45
2026-06-08,6,election,0.021261,0.010466,0.010795,50
2026-06-08,7,strikes,0.018196,0.007942,0.010254,44
2026-06-08,8,california,0.015740,0.005572,0.010168,42
2026-06-08,9,platner,0.014047,0.003924,0.010123,38
2026-06-08,10,iran,0.100938,0.090943,0.009995,94
2026-06-08,11,white house,0.018518,0.008699,0.009819,51
2026-06-08,12,fraud,0.013248,0.006320,0.006929,37
2026-06-08,13,deal,0.017684,0.010847,0.006837,48
2026-06-08,14,truth,0.017445,0.011462,0.005983,41
2026-06-08,15,fight,0.012999,0.007071,0.005928,40
2026-06-08,16,elections,0.009646,0.003737,0.005909,27
2026-06-08,17,center,0.008576,0.002668,0.005908,27
2026-06-08,18,race,0.010178,0.004278,0.005900,33
2026-06-08,19,murder,0.010215,0.004464,0.005751,28
2026-06-08,20,graham,0.009231,0.003630,0.005601,32
2026-06-15,1,deal,0.099153,0.010847,0.088306,111
2026-06-15,2,iran,0.155529,0.090943,0.064586,122
2026-06-15,3,israel,0.052567,0.023516,0.029051,65
2026-06-15,4,jd vance,0.033930,0.005779,0.028151,75
2026-06-15,5,obama,0.031520,0.004266,0.027254,61
2026-06-15,6,trump,0.252247,0.231479,0.020768,130
2026-06-15,7,white house,0.027736,0.008699,0.019036,67
2026-06-15,8,peace,0.023622,0.004816,0.018806,53
2026-06-15,9,world,0.033736,0.018299,0.015437,67
2026-06-15,10,cup,0.018531,0.003571,0.014960,42
2026-06-15,11,plot,0.012404,0.002869,0.009535,41
2026-06-15,12,lebanon,0.012876,0.003801,0.009075,32
2026-06-15,13,vance,0.011380,0.003040,0.008340,41
2026-06-15,14,newsom,0.011653,0.004273,0.007380,48
2026-06-15,15,elon musk,0.010613,0.003377,0.007236,23
2026-06-15,16,uk,0.012034,0.006142,0.005892,34
2026-06-15,17,fight,0.012960,0.007071,0.005889,50
2026-06-15,18,left,0.012810,0.007195,0.005615,34
2026-06-15,19,gavin,0.007358,0.002667,0.004691,27
2026-06-15,20,center,0.007325,0.002668,0.004657,32
2026-06-22,1,starmer,0.017995,0.003876,0.014119,46
2026-06-22,2,nyc,0.016439,0.005398,0.011041,41
2026-06-22,3,mamdani,0.019487,0.009161,0.010327,50
2026-06-22,4,party,0.015818,0.006529,0.009289,55
2026-06-22,5,tucker carlson,0.012825,0.004156,0.008668,32
2026-06-22,6,can't,0.016416,0.008085,0.008332,41
2026-06-22,7,america,0.035034,0.027127,0.007907,60
2026-06-22,8,world,0.025333,0.018299,0.007034,53
2026-06-22,9,socialist,0.009639,0.002655,0.006984,22
2026-06-22,10,judge,0.012506,0.005579,0.006927,29
2026-06-22,11,cup,0.010083,0.003571,0.006512,31
2026-06-22,12,europe,0.010182,0.003692,0.006489,29
2026-06-22,13,supreme court,0.013267,0.006865,0.006402,40
2026-06-22,14,election,0.016488,0.010466,0.006022,44
2026-06-22,15,vance,0.008668,0.003040,0.005628,36
2026-06-22,16,republican,0.010127,0.004755,0.005372,31
2026-06-22,17,years,0.010208,0.004887,0.005321,33
2026-06-22,18,got,0.013371,0.008571,0.004799,28
2026-06-22,19,lebanon,0.008553,0.003801,0.004751,25
2026-06-22,20,venezuela,0.010436,0.005940,0.004496,30
2026-06-29,1,america,0.071079,0.027127,0.043952,90
2026-06-29,2,supreme court,0.050220,0.006865,0.043355,80
2026-06-29,3,scotus,0.033172,0.003590,0.029582,54
2026-06-29,4,th,0.026982,0.004274,0.022708,58
2026-06-29,5,american,0.026418,0.008523,0.017894,59
2026-06-29,6,mamdani,0.018776,0.009161,0.009615,43
2026-06-29,7,major,0.015883,0.007597,0.008286,47
2026-06-29,8,socialist,0.010466,0.002655,0.007812,31
2026-06-29,9,state,0.016475,0.008757,0.007717,50
2026-06-29,10,cup,0.010855,0.003571,0.007284,36
2026-06-29,11,world,0.025556,0.018299,0.007257,51
2026-06-29,12,zohran,0.010130,0.003367,0.006763,22
2026-06-29,13,party,0.013144,0.006529,0.006614,43
2026-06-29,14,venezuela,0.012301,0.005940,0.006362,31
2026-06-29,15,history,0.011444,0.005111,0.006333,32
2026-06-29,16,power,0.012348,0.006274,0.006074,38
2026-06-29,17,great,0.007903,0.002264,0.005638,26
2026-06-29,18,brutal,0.008653,0.003692,0.004961,18
2026-06-29,19,usa,0.006510,0.001943,0.004567,20
2026-06-29,20,trans,0.007627,0.003074,0.004553,22
2026-07-06,1,platner,0.069702,0.003924,0.065778,79
2026-07-06,2,graham,0.046747,0.003630,0.043116,75
2026-07-06,3,charlie kirk,0.026756,0.005517,0.021239,47
2026-07-06,4,hearing,0.025684,0.004823,0.020861,31
2026-07-06,5,nato,0.024267,0.004124,0.020143,46
2026-07-06,6,cup,0.019540,0.003571,0.015969,46
2026-07-06,7,world,0.033304,0.018299,0.015005,62
2026-07-06,8,senate,0.017131,0.006350,0.010781,48
2026-07-06,9,day,0.019138,0.010205,0.008933,37
2026-07-06,10,america,0.035850,0.027127,0.008723,64
2026-07-06,11,drops,0.013619,0.005420,0.008199,40
2026-07-06,12,case,0.015514,0.007492,0.008022,42
2026-07-06,13,dead,0.012366,0.004545,0.007822,43
2026-07-06,14,trial,0.012283,0.004791,0.007492,27
2026-07-06,15,th,0.011415,0.004274,0.007142,37
2026-07-06,16,lindsey graham,0.009493,0.003086,0.006407,38
2026-07-06,17,red,0.010091,0.003881,0.006210,39
2026-07-06,18,strikes,0.014136,0.007942,0.006194,38
2026-07-06,19,shocking,0.011843,0.005709,0.006135,31
2026-07-06,20,evidence,0.008926,0.002975,0.005951,29
2026-07-13,1,lindsey graham,0.047456,0.003086,0.044370,90
2026-07-13,2,election,0.036201,0.010466,0.025735,73
2026-07-13,3,speech,0.024870,0.007232,0.017638,68
2026-07-13,4,senate,0.020773,0.006350,0.014422,51
2026-07-13,5,hearing,0.018045,0.004823,0.013222,41
2026-07-13,6,death,0.017854,0.005771,0.012082,55
2026-07-13,7,cup,0.013292,0.003571,0.009721,32
2026-07-13,8,jd vance,0.013591,0.005779,0.007813,35
2026-07-13,9,graham,0.010471,0.003630,0.006841,35
2026-07-13,10,world,0.024891,0.018299,0.006592,47
2026-07-13,11,dead,0.010886,0.004545,0.006341,29
2026-07-13,12,joe,0.011628,0.006194,0.005434,32
2026-07-13,13,killed,0.009621,0.004275,0.005346,37
2026-07-13,14,west,0.008586,0.003292,0.005294,25
2026-07-13,15,ice,0.031510,0.026291,0.005219,66
2026-07-13,16,dsa,0.007473,0.002266,0.005206,15
2026-07-13,17,lies,0.009378,0.004727,0.004651,20
2026-07-13,18,biden,0.008243,0.003896,0.004347,30
2026-07-13,19,rubio,0.007938,0.003735,0.004203,32
2026-07-13,20,military,0.011304,0.007432,0.003872,37
2026-07-20,1,war,0.067730,0.053206,0.014524,89
2026-07-20,2,mamdani,0.022950,0.009161,0.013789,49
2026-07-20,3,netanyahu,0.015727,0.004933,0.010794,44
2026-07-20,4,cup,0.012094,0.003571,0.008523,46
2026-07-20,5,nuclear,0.013060,0.004877,0.008183,39
2026-07-20,6,iran,0.099080,0.090943,0.008137,91
2026-07-20,7,zohran,0.010796,0.003367,0.007429,24
2026-07-20,8,nyc,0.012739,0.005398,0.007341,36
2026-07-20,9,aoc,0.010981,0.003931,0.007050,26
2026-07-20,10,hegseth,0.012056,0.006068,0.005989,43
2026-07-20,11,andrew,0.010964,0.005329,0.005635,23
2026-07-20,12,world,0.023485,0.018299,0.005186,57
2026-07-20,13,destroys,0.009434,0.004334,0.005100,25
2026-07-20,14,elon musk,0.007990,0.003377,0.004614,23
2026-07-20,15,coming,0.009152,0.004595,0.004557,25
2026-07-20,16,ben,0.008374,0.004045,0.004330,28
2026-07-20,17,dsa,0.006516,0.002266,0.004250,14
2026-07-20,18,jones,0.007973,0.003786,0.004187,14
2026-07-20,19,strikes,0.012074,0.007942,0.004132,33
2026-07-20,20,canada,0.009969,0.005930,0.004039,31
2026-07-27,1,fauci,0.077483,0.004109,0.073374,87
2026-07-27,2,netanyahu,0.019042,0.004933,0.014110,47
2026-07-27,3,dr,0.019871,0.006245,0.013626,48
2026-07-27,4,lindsey graham,0.015551,0.003086,0.012466,47
2026-07-27,5,ukraine,0.014936,0.005847,0.009089,37
2026-07-27,6,debate,0.021549,0.012625,0.008924,31
2026-07-27,7,senate,0.015021,0.006350,0.008671,45
2026-07-27,8,attacks,0.014185,0.006618,0.007567,42
2026-07-27,9,secret,0.015148,0.007658,0.007490,45
2026-07-27,10,mamdani,0.016556,0.009161,0.007395,36
2026-07-27,11,democratic,0.008883,0.003165,0.005718,21
2026-07-27,12,attack,0.015602,0.010187,0.005415,49
2026-07-27,13,crisis,0.011623,0.006254,0.005370,34
2026-07-27,14,hearing,0.010084,0.004823,0.005261,38
2026-07-27,15,dsa,0.007422,0.002266,0.005155,16
2026-07-27,16,biden,0.009019,0.003896,0.005123,30
2026-07-27,17,abdul el-sayed,0.007172,0.002131,0.005041,14
2026-07-27,18,reveals,0.011490,0.006654,0.004837,46
2026-07-27,19,europe,0.008504,0.003692,0.004812,30
2026-07-27,20,strikes,0.012474,0.007942,0.004532,36
2026-08-03,1,abdul el-sayed,0.027638,0.002131,0.025507,52
2026-08-03,2,fauci,0.021527,0.004109,0.017418,47
2026-08-03,3,wins,0.013440,0.003155,0.010285,36
2026-08-03,4,party,0.015741,0.006529,0.009211,45
2026-08-03,5,senate,0.015509,0.006350,0.009159,47
2026-08-03,6,dsa,0.009031,0.002266,0.006765,20
2026-08-03,7,gop,0.014551,0.007958,0.006593,35
2026-08-03,8,election,0.016988,0.010466,0.006523,40
2026-08-03,9,cnn,0.010613,0.004129,0.006483,27
2026-08-03,10,truth,0.017743,0.011462,0.006281,34
2026-08-03,11,debate,0.018644,0.012625,0.006019,34
2026-08-03,12,hasan,0.014983,0.009449,0.005535,21
2026-08-03,13,islam,0.008119,0.002701,0.005419,12
2026-08-03,14,mamdani,0.014515,0.009161,0.005354,36
2026-08-03,15,socialist,0.007639,0.002655,0.004985,16
2026-08-03,16,women,0.013999,0.009045,0.004954,30
2026-08-03,17,exposes,0.012957,0.008104,0.004853,33
2026-08-03,18,men,0.010149,0.005375,0.004774,23
2026-08-03,19,republican,0.009107,0.004755,0.004352,29
2026-08-03,20,democratic,0.007397,0.003165,0.004232,27
2026-08-10,1,aoc,0.025023,0.003931,0.021092,41
2026-08-10,2,debate,0.028610,0.012625,0.015985,44
2026-08-10,3,candace owens,0.018425,0.005547,0.012878,22
2026-08-10,4,dsa,0.014643,0.002266,0.012376,22
2026-08-10,5,wilson,0.014392,0.002162,0.012230,22
2026-08-10,6,andrew,0.016338,0.005329,0.011008,25
2026-08-10,7,party,0.015515,0.006529,0.008986,44
2026-08-10,8,democratic,0.012106,0.003165,0.008941,31
2026-08-10,9,hasan,0.018143,0.009449,0.008695,29
2026-08-10,10,fauci,0.011818,0.004109,0.007710,29
2026-08-10,11,piker,0.011420,0.003866,0.007554,23
2026-08-10,12,abdul el-sayed,0.009644,0.002131,0.007513,23
2026-08-10,13,women,0.016013,0.009045,0.006969,39
2026-08-10,14,socialist,0.007508,0.002655,0.004853,18
2026-08-10,15,woke,0.010452,0.005620,0.004832,24
2026-08-10,16,members,0.007812,0.003221,0.004590,12
2026-08-10,17,tucker carlson,0.008615,0.004156,0.004459,17
2026-08-10,18,free,0.007649,0.003255,0.004393,18
2026-08-10,19,gaza,0.008527,0.004255,0.004273,19
2026-08-10,20,panics,0.010178,0.006045,0.004132,21
2026-08-17,1,lindsay clancy,0.023755,0.003893,0.019861,36
2026-08-17,2,case,0.017010,0.007492,0.009518,46
2026-08-17,3,women,0.018349,0.009045,0.009304,38
2026-08-17,4,tim,0.014214,0.005213,0.009000,26
2026-08-17,5,trial,0.012557,0.004791,0.007766,35
2026-08-17,6,debate,0.020165,0.012625,0.007540,55
2026-08-17,7,china,0.018648,0.011497,0.007152,34
2026-08-17,8,economic,0.010890,0.003742,0.007148,36
2026-08-17,9,socialist,0.009311,0.002655,0.006657,25
2026-08-17,10,race,0.010498,0.004278,0.006220,36
2026-08-17,11,candace owens,0.011742,0.005547,0.006196,19
2026-08-17,12,joe,0.011546,0.006194,0.005352,20
2026-08-17,13,dsa,0.007459,0.002266,0.005192,17
2026-08-17,14,fbi,0.009773,0.004851,0.004922,31
2026-08-17,15,melania,0.008251,0.003393,0.004858,29
2026-08-17,16,woman,0.010304,0.006006,0.004298,29
2026-08-17,17,major,0.011856,0.007597,0.004259,40
2026-08-17,18,national,0.007729,0.003572,0.004157,32
2026-08-17,19,jones,0.007848,0.003786,0.004062,14
2026-08-17,20,love,0.006194,0.002289,0.003905,19
2026-08-24,1,canada,0.041291,0.005930,0.035361,78
2026-08-24,2,lindsay clancy,0.025086,0.003893,0.021193,38
2026-08-24,3,hasan,0.023551,0.009449,0.014102,33
2026-08-24,4,trial,0.017324,0.004791,0.012533,34
2026-08-24,5,economic,0.014485,0.003742,0.010744,43
2026-08-24,6,cia,0.013152,0.002959,0.010193,33
2026-08-24,7,piker,0.012774,0.003866,0.008907,26
2026-08-24,8,mark,0.012898,0.005288,0.007610,35
2026-08-24,9,russia,0.013619,0.006323,0.007296,33
2026-08-24,10,reason,0.010528,0.003877,0.006651,18
2026-08-24,11,midterms,0.010748,0.004146,0.006602,32
2026-08-24,12,secret,0.014220,0.007658,0.006562,44
2026-08-24,13,america,0.033288,0.027127,0.006161,65
2026-08-24,14,people,0.017407,0.011648,0.005759,41
2026-08-24,15,abdul el-sayed,0.007738,0.002131,0.005607,22
2026-08-24,16,women,0.014377,0.009045,0.005332,27
2026-08-24,17,kids,0.008489,0.003429,0.005061,24
2026-08-24,18,problem,0.008921,0.003920,0.005001,22
2026-08-24,19,got,0.013489,0.008571,0.004918,27
2026-08-24,20,data,0.008659,0.003782,0.004877,36
2026-08-31,1,lindsay clancy,0.046800,0.003893,0.042906,59
2026-08-31,2,trial,0.021245,0.004791,0.016454,43
2026-08-31,3,case,0.020609,0.007492,0.013117,47
2026-08-31,4,canada,0.017175,0.005930,0.011245,41
2026-08-31,5,judge,0.016093,0.005579,0.010514,41
2026-08-31,6,putin,0.011947,0.004309,0.007638,30
2026-08-31,7,data,0.010838,0.003782,0.007056,33
2026-08-31,8,hegseth,0.012418,0.006068,0.006350,34
2026-08-31,9,oil,0.013506,0.007427,0.006079,46
2026-08-31,10,abdul el-sayed,0.008173,0.002131,0.006042,27
2026-08-31,11,man,0.013548,0.007730,0.005818,30
2026-08-31,12,jd vance,0.011099,0.005779,0.005321,42
2026-08-31,13,midterms,0.009181,0.004146,0.005035,36
2026-08-31,14,times,0.007622,0.002789,0.004833,19
2026-08-31,15,woman,0.010572,0.006006,0.004567,31
2026-08-31,16,russia,0.010751,0.006323,0.004428,30
2026-08-31,17,gets,0.018379,0.014022,0.004357,51
2026-08-31,18,campaign,0.006902,0.002549,0.004353,29
2026-08-31,19,went,0.007071,0.002953,0.004118,17
2026-08-31,20,murder,0.008545,0.004464,0.004081,30
2026-09-07,1,lindsay clancy,0.034605,0.003893,0.030711,43
2026-09-07,2,charlie kirk,0.032874,0.005517,0.027357,53
2026-09-07,3,years,0.025008,0.004887,0.020121,53
2026-09-07,4,ai,0.023955,0.011232,0.012723,59
2026-09-07,5,gop,0.019299,0.007958,0.011341,48
2026-09-07,6,midterms,0.012031,0.004146,0.007886,45
2026-09-07,7,republican,0.012284,0.004755,0.007529,40
2026-09-07,8,women,0.016185,0.009045,0.007140,28
2026-09-07,9,day,0.017114,0.010205,0.006909,41
2026-09-07,10,black,0.020795,0.014236,0.006559,21
2026-09-07,11,mamdani,0.015380,0.009161,0.006220,44
2026-09-07,12,th,0.010314,0.004274,0.006040,30
2026-09-07,13,biden,0.009419,0.003896,0.005523,26
2026-09-07,14,win,0.010978,0.005484,0.005494,42
2026-09-07,15,year,0.008752,0.003496,0.005256,33
2026-09-07,16,putin,0.009376,0.004309,0.005067,24
2026-09-07,17,speech,0.012069,0.007232,0.004837,35
2026-09-07,18,got,0.013365,0.008571,0.004794,32
2026-09-07,19,warning,0.009849,0.005259,0.004590,33
2026-09-07,20,men,0.009788,0.005375,0.004413,19
2026-09-14,1,ai,0.139967,0.011232,0.128735,17
2026-09-14,2,says,0.083576,0.019670,0.063905,13
2026-09-14,3,ukraine,0.048496,0.005847,0.042648,11
2026-09-14,4,china,0.032360,0.011497,0.020863,11
